event_id,title,home_team,away_team,event_slug,kickoff_utc,kickoff_beijing,target_pre1h_utc,final_score,result_regular,home_15_label,home_15_yes_price,home_15_no_price,home_15_yes_quality,home_15_no_quality,home_15_yes_trade_count,home_15_no_trade_count,home_15_yes_price_age,home_15_no_price_age,home_15_method,home_15_settled_yes,away_15_label,away_15_yes_price,away_15_no_price,away_15_yes_quality,away_15_no_quality,away_15_yes_trade_count,away_15_no_trade_count,away_15_yes_price_age,away_15_no_price_age,away_15_method,away_15_settled_yes,home_25_label,home_25_yes_price,home_25_no_price,home_25_yes_quality,home_25_no_quality,home_25_yes_trade_count,home_25_no_trade_count,home_25_yes_price_age,home_25_no_price_age,home_25_method,home_25_settled_yes,away_25_label,away_25_yes_price,away_25_no_price,away_25_yes_quality,away_25_no_quality,away_25_yes_trade_count,away_25_no_trade_count,away_25_yes_price_age,away_25_no_price_age,away_25_method,away_25_settled_yes
351715,Mexico vs. South Africa,Mexico,South Africa,fifwc-mex-rsa-2026-06-11,2026-06-11T19:00:00+00:00,2026-06-12 03:00,2026-06-11T18:00:00+00:00,2-0,home,主让1.5,0.40995404,0.6,high,medium,5,21,17,72,data_api_vwap_3m_pre_anchor,1,客让1.5(主受让1.5),0.02645458,0.97317431,fair,fair,14,4,389,840,data_api_vwap_1h_pre_anchor,0,主让2.5,0.19989285,0.81,fair,fair,28,23,342,680,data_api_vwap_1h_pre_anchor,0,客让2.5(主受让2.5),0.01122176,0.99398369,fair,fair,8,10,840,1764,data_api_vwap_1h_pre_anchor,0
351716,Korea Republic vs. Czechia,Korea Republic,Czechia,fifwc-kr-cze-2026-06-11,2026-06-12T02:00:00+00:00,2026-06-12 10:00,2026-06-12T01:00:00+00:00,2-1,home,主让1.5,0.16999999,0.84,fair,medium,15,4,320,152,data_api_vwap_1h_pre_anchor,0,客让1.5(主受让1.5),0.13,0.88,medium,fair,3,14,17,132,data_api_vwap_10m_pre_anchor,0,主让2.5,0.05765387,0.94984965,fair,fair,9,7,698,1466,data_api_vwap_1h_pre_anchor,0,客让2.5(主受让2.5),0.0361337,0.96323113,fair,fair,5,11,351,414,data_api_vwap_1h_pre_anchor,0
351717,Canada vs. Bosnia-Herzegovina,Canada,Bosnia-Herzegovina,fifwc-can-bih-2026-06-12,2026-06-12T19:00:00+00:00,2026-06-13 03:00,2026-06-12T18:00:00+00:00,1-1,draw,主让1.5,0.2699126,0.74,medium,high,5,3,200,9,data_api_vwap_10m_pre_anchor,0,客让1.5(主受让1.5),0.05999999,0.95,fair,fair,11,5,11,83,data_api_vwap_1h_pre_anchor,0,主让2.5,0.10216966,0.89988835,fair,high,27,3,1089,27,data_api_vwap_1h_pre_anchor,0,客让2.5(主受让2.5),0.02,0.98401182,low,medium,1,4,2207,440,data_api_last_trade_24h_pre_anchor,0
351718,United States vs. Paraguay,United States,Paraguay,fifwc-usa-par-2026-06-12,2026-06-13T01:00:00+00:00,2026-06-13 09:00,2026-06-13T00:00:00+00:00,4-1,home,主让1.5,0.23,0.77915462,high,fair,57,56,0,393,data_api_vwap_3m_pre_anchor,1,客让1.5(主受让1.5),0.08,0.93,medium,fair,3,4,308,456,data_api_vwap_10m_pre_anchor,0,主让2.5,0.09,0.92,high,fair,5,5,57,131,data_api_vwap_3m_pre_anchor,1,客让2.5(主受让2.5),0.01809948,0.98311188,fair,fair,3,15,1367,18,data_api_vwap_1h_pre_anchor,0
351719,Qatar vs. Switzerland,Qatar,Switzerland,fifwc-qat-che-2026-06-13,2026-06-13T19:00:00+00:00,2026-06-14 03:00,2026-06-13T18:00:00+00:00,1-1,draw,主让1.5,0.01878126,0.98500012,fair,high,14,10,165,143,data_api_vwap_1h_pre_anchor,0,客让1.5(主受让1.5),0.60134222,0.4,high,medium,5,30,0,59,data_api_vwap_3m_pre_anchor,0,主让2.5,0.006,0.997003,low,low,1,1,5843,2898,data_api_last_trade_24h_pre_anchor,0,客让2.5(主受让2.5),0.35,0.6543767,medium,fair,4,37,167,125,data_api_vwap_10m_pre_anchor,0
351720,Brazil vs. Morocco,Brazil,Morocco,fifwc-bra-mar-2026-06-13,2026-06-13T22:00:00+00:00,2026-06-14 06:00,2026-06-13T21:00:00+00:00,1-1,draw,主让1.5,0.31521978,0.69998791,high,fair,7,12,11,504,data_api_vwap_3m_pre_anchor,0,客让1.5(主受让1.5),0.05000003,0.95289301,fair,fair,4,9,2246,201,data_api_vwap_1h_pre_anchor,0,主让2.5,0.14,0.86969348,fair,fair,23,10,14,687,data_api_vwap_1h_pre_anchor,0,客让2.5(主受让2.5),0.017,0.989,low,low,1,1,11145,3131,data_api_last_trade_24h_pre_anchor,0
351721,Haiti vs. Scotland,Haiti,Scotland,fifwc-hai-sco-2026-06-13,2026-06-14T01:00:00+00:00,2026-06-14 09:00,2026-06-14T00:00:00+00:00,0-1,away,主让1.5,0.04863104,0.95000541,fair,fair,13,6,2030,3066,data_api_vwap_1h_pre_anchor,0,客让1.5(主受让1.5),0.3996524,0.61,high,medium,6,9,5,366,data_api_vwap_3m_pre_anchor,0,主让2.5,0.019,0.986,low,fair,1,4,4719,1782,data_api_last_trade_24h_pre_anchor,0,客让2.5(主受让2.5),0.21,0.8,medium,fair,8,5,258,269,data_api_vwap_10m_pre_anchor,0
351722,Australia vs. Türkiye,Australia,Türkiye,fifwc-aus-tur-2026-06-14,2026-06-14T04:00:00+00:00,2026-06-14 12:00,2026-06-14T03:00:00+00:00,2-0,home,主让1.5,0.05999997,0.95,low,fair,1,4,105,410,data_api_last_trade_24h_pre_anchor,1,客让1.5(主受让1.5),0.32,0.68999999,high,high,3,4,21,12,data_api_vwap_3m_pre_anchor,0,主让2.5,0.01,0.99464392,low,fair,1,4,2096,2186,data_api_last_trade_24h_pre_anchor,0,客让2.5(主受让2.5),0.13999999,0.87,low,medium,1,4,2864,47,data_api_last_trade_24h_pre_anchor,0
351723,Germany vs. Curaçao,Germany,Curaçao,fifwc-ger-kor-2026-06-14,2026-06-14T17:00:00+00:00,2026-06-15 01:00,2026-06-14T16:00:00+00:00,7-1,home,主让1.5,0.87994331,0.13,medium,medium,6,5,110,395,data_api_vwap_10m_pre_anchor,1,客让1.5(主受让1.5),0.00875185,0.99708938,fair,fair,7,14,164,1595,data_api_vwap_1h_pre_anchor,0,主让2.5,0.73858826,0.27,medium,high,10,3,2,9,data_api_vwap_10m_pre_anchor,1,客让2.5(主受让2.5),0.00772564,0.998,fair,low,3,1,608,22269,data_api_vwap_1h_pre_anchor,0
351724,Netherlands vs. Japan,Netherlands,Japan,fifwc-nld-jpn-2026-06-14,2026-06-14T20:00:00+00:00,2026-06-15 04:00,2026-06-14T19:00:00+00:00,2-2,draw,主让1.5,0.23990211,0.7699863,high,high,3,22,3,8,data_api_vwap_3m_pre_anchor,0,客让1.5(主受让1.5),0.1,0.91,medium,fair,4,5,177,348,data_api_vwap_10m_pre_anchor,0,主让2.5,0.09,0.92,fair,high,4,4,54,24,data_api_vwap_1h_pre_anchor,0,客让2.5(主受让2.5),0.02722859,0.975,fair,medium,15,4,170,201,data_api_vwap_1h_pre_anchor,0
351725,Côte d'Ivoire vs. Ecuador,Côte d'Ivoire,Ecuador,fifwc-civ-ecu-2026-06-14,2026-06-14T23:00:00+00:00,2026-06-15 07:00,2026-06-14T22:00:00+00:00,1-0,home,主让1.5,0.1,0.9006019,high,fair,5,29,26,95,data_api_vwap_3m_pre_anchor,0,客让1.5(主受让1.5),0.1607068,0.8493632,high,high,87,4,2,3,data_api_vwap_3m_pre_anchor,0,主让2.5,0.02586451,0.976,high,medium,5,7,18,135,data_api_vwap_3m_pre_anchor,0,客让2.5(主受让2.5),0.04821977,0.958,medium,low,7,1,152,1079,data_api_vwap_10m_pre_anchor,0
351726,Sweden vs. Tunisia,Sweden,Tunisia,fifwc-swe-tun-2026-06-14,2026-06-15T02:00:00+00:00,2026-06-15 10:00,2026-06-15T01:00:00+00:00,5-1,home,主让1.5,0.27,0.74,high,high,20,6,15,38,data_api_vwap_3m_pre_anchor,1,客让1.5(主受让1.5),0.07,0.94,low,fair,1,3,1001,1430,data_api_last_trade_24h_pre_anchor,0,主让2.5,0.11,0.9,medium,fair,4,7,84,780,data_api_vwap_10m_pre_anchor,1,客让2.5(主受让2.5),0.017,0.984,low,low,1,1,5534,642,data_api_last_trade_24h_pre_anchor,0
351727,Spain vs. Cabo Verde,Spain,Cabo Verde,fifwc-esp-cvi-2026-06-15,2026-06-15T16:00:00+00:00,2026-06-16 00:00,2026-06-15T15:00:00+00:00,0-0,draw,主让1.5,0.80166906,0.20358165,high,high,6,4,18,39,data_api_vwap_3m_pre_anchor,0,客让1.5(主受让1.5),0.00214539,0.998,fair,low,8,1,2298,3092,data_api_vwap_1h_pre_anchor,0,主让2.5,0.58983362,0.41998329,high,high,30,23,0,6,data_api_vwap_3m_pre_anchor,0,客让2.5(主受让2.5),0.003,0.999,low,low,1,1,3042,2292,data_api_last_trade_24h_pre_anchor,0
351728,Belgium vs. Egypt,Belgium,Egypt,fifwc-bel-egy-2026-06-15,2026-06-15T19:00:00+00:00,2026-06-16 03:00,2026-06-15T18:00:00+00:00,1-1,draw,主让1.5,0.36979438,0.63946686,high,high,29,9,0,2,data_api_vwap_3m_pre_anchor,0,客让1.5(主受让1.5),0.05,0.95801694,fair,fair,8,5,0,510,data_api_vwap_1h_pre_anchor,0,主让2.5,0.17,0.84,high,high,8,6,3,6,data_api_vwap_3m_pre_anchor,0,客让2.5(主受让2.5),0.018,0.99096542,low,high,1,3,56,9,data_api_last_trade_24h_pre_anchor,0
351729,Saudi Arabia vs. Uruguay,Saudi Arabia,Uruguay,fifwc-ksa-ury-2026-06-15,2026-06-15T22:00:00+00:00,2026-06-16 06:00,2026-06-15T21:00:00+00:00,1-1,draw,主让1.5,0.03,0.9726015,high,fair,5,27,11,138,data_api_vwap_3m_pre_anchor,0,客让1.5(主受让1.5),0.42,0.59,high,high,8,122,3,3,data_api_vwap_3m_pre_anchor,0,主让2.5,0.01,0.9976965,low,low,1,1,3501,4937,data_api_last_trade_24h_pre_anchor,0,客让2.5(主受让2.5),0.19900901,0.80047002,high,fair,3,42,0,101,data_api_vwap_3m_pre_anchor,0
351730,IR Iran vs. New Zealand,IR Iran,New Zealand,fifwc-irn-nzl-2026-06-15,2026-06-16T01:00:00+00:00,2026-06-16 09:00,2026-06-16T00:00:00+00:00,2-2,draw,主让1.5,0.27810664,0.73716088,medium,high,9,5,119,36,data_api_vwap_10m_pre_anchor,0,客让1.5(主受让1.5),0.06,0.95,low,low,1,1,1121,1167,data_api_last_trade_24h_pre_anchor,0,主让2.5,0.11,0.9,fair,low,5,1,80,41,data_api_vwap_1h_pre_anchor,0,客让2.5(主受让2.5),0.01977414,0.98301766,fair,fair,5,13,173,1734,data_api_vwap_1h_pre_anchor,0
351731,France vs. Senegal,France,Senegal,fifwc-fra-sen-2026-06-16,2026-06-16T19:00:00+00:00,2026-06-17 03:00,2026-06-16T18:00:00+00:00,3-1,home,主让1.5,0.41,0.6,high,high,21,3,4,8,data_api_vwap_3m_pre_anchor,1,客让1.5(主受让1.5),0.037,0.96300031,high,high,4,23,82,73,data_api_vwap_3m_pre_anchor,0,主让2.5,0.20999999,0.8,high,high,3,3,100,64,data_api_vwap_3m_pre_anchor,0,客让2.5(主受让2.5),0.00855053,0.99298057,fair,fair,4,4,175,1517,data_api_vwap_1h_pre_anchor,0
351732,Iraq vs. Norway,Iraq,Norway,fifwc-irq-nor-2026-06-16,2026-06-16T22:00:00+00:00,2026-06-17 06:00,2026-06-16T21:00:00+00:00,1-4,away,主让1.5,0.02,0.98599999,medium,low,5,1,230,1751,data_api_vwap_10m_pre_anchor,0,客让1.5(主受让1.5),0.58984129,0.41927843,high,medium,10,5,32,100,data_api_vwap_3m_pre_anchor,1,主让2.5,0.008,0.99600146,low,fair,1,4,22960,2339,data_api_last_trade_24h_pre_anchor,0,客让2.5(主受让2.5),0.35,0.65993242,high,fair,3,8,50,581,data_api_vwap_3m_pre_anchor,1
351733,Argentina vs. Algeria,Argentina,Algeria,fifwc-arg-alg-2026-06-16,2026-06-17T01:00:00+00:00,2026-06-17 09:00,2026-06-17T00:00:00+00:00,3-0,home,主让1.5,0.37139893,0.63011806,high,high,46,16,13,16,data_api_vwap_3m_pre_anchor,1,客让1.5(主受让1.5),0.03173123,0.96798461,fair,medium,14,3,59,58,data_api_vwap_1h_pre_anchor,0,主让2.5,0.18575244,0.82937125,medium,medium,16,4,206,86,data_api_vwap_10m_pre_anchor,1,客让2.5(主受让2.5),0.008,0.994,low,low,1,1,169,7024,data_api_last_trade_24h_pre_anchor,0
351734,Austria vs. Jordan,Austria,Jordan,fifwc-aut-jor-2026-06-17,2026-06-17T04:00:00+00:00,2026-06-17 12:00,2026-06-17T03:00:00+00:00,3-1,home,主让1.5,0.44991285,0.55988453,high,high,18,9,0,21,data_api_vwap_3m_pre_anchor,1,客让1.5(主受让1.5),0.02930196,0.97107218,fair,fair,19,57,488,446,data_api_vwap_1h_pre_anchor,0,主让2.5,0.23156387,0.78,high,medium,3,3,116,213,data_api_vwap_3m_pre_anchor,0,客让2.5(主受让2.5),0.00856505,0.99433187,low,low,1,1,20570,314,data_api_last_trade_24h_pre_anchor,0
351735,Portugal vs. DR Congo,Portugal,DR Congo,fifwc-prt-cdr-2026-06-17,2026-06-17T17:00:00+00:00,2026-06-18 01:00,2026-06-17T16:00:00+00:00,1-1,draw,主让1.5,0.5356153,0.47241948,high,high,44,77,19,11,data_api_vwap_3m_pre_anchor,0,客让1.5(主受让1.5),0.01619269,0.98863211,fair,fair,5,3,203,1487,data_api_vwap_1h_pre_anchor,0,主让2.5,0.29,0.71999999,high,medium,7,7,35,22,data_api_vwap_3m_pre_anchor,0,客让2.5(主受让2.5),0.0023485,0.998,fair,low,4,1,170,7225,data_api_vwap_1h_pre_anchor,0
351736,England vs. Croatia,England,Croatia,fifwc-eng-hrv-2026-06-17,2026-06-17T20:00:00+00:00,2026-06-18 04:00,2026-06-17T19:00:00+00:00,4-2,home,主让1.5,0.32,0.68999999,high,medium,4,7,7,29,data_api_vwap_3m_pre_anchor,1,客让1.5(主受让1.5),0.05186939,0.95475939,fair,fair,16,5,883,2441,data_api_vwap_1h_pre_anchor,0,主让2.5,0.13999999,0.87,fair,fair,4,5,212,814,data_api_vwap_1h_pre_anchor,0,客让2.5(主受让2.5),0.01846154,0.987,medium,medium,3,3,259,263,data_api_vwap_10m_pre_anchor,0
351737,Ghana vs. Panama,Ghana,Panama,fifwc-gha-pan-2026-06-17,2026-06-17T23:00:00+00:00,2026-06-18 07:00,2026-06-17T22:00:00+00:00,1-0,home,主让1.5,0.18341139,0.82,high,medium,7,17,44,52,data_api_vwap_3m_pre_anchor,0,客让1.5(主受让1.5),0.11,0.9,high,fair,3,4,10,61,data_api_vwap_3m_pre_anchor,0,主让2.5,0.07,0.93989974,medium,fair,4,33,182,70,data_api_vwap_10m_pre_anchor,0,客让2.5(主受让2.5),0.02952203,0.972,fair,low,7,1,1708,1729,data_api_vwap_1h_pre_anchor,0
351738,Uzbekistan vs. Colombia,Uzbekistan,Colombia,fifwc-uzb-col-2026-06-17,2026-06-18T02:00:00+00:00,2026-06-18 10:00,2026-06-18T01:00:00+00:00,1-3,away,主让1.5,0.02484571,0.97623635,fair,fair,4,13,481,310,data_api_vwap_1h_pre_anchor,0,客让1.5(主受让1.5),0.45999999,0.55,high,high,8,3,80,5,data_api_vwap_3m_pre_anchor,1,主让2.5,0.006,0.995,low,medium,1,5,4109,301,data_api_last_trade_24h_pre_anchor,0,客让2.5(主受让2.5),0.24004554,0.75967368,medium,medium,5,4,34,92,data_api_vwap_10m_pre_anchor,0
351739,Czechia vs. South Africa,Czechia,South Africa,fifwc-cze-rsa-2026-06-18,2026-06-18T16:00:00+00:00,2026-06-19 00:00,2026-06-18T15:00:00+00:00,1-1,draw,主让1.5,0.27,0.73010234,high,fair,17,101,4,443,data_api_vwap_3m_pre_anchor,0,客让1.5(主受让1.5),0.07,0.94,fair,fair,3,3,110,1801,data_api_vwap_1h_pre_anchor,0,主让2.5,0.10999999,0.9,medium,fair,3,14,122,94,data_api_vwap_10m_pre_anchor,0,客让2.5(主受让2.5),0.01499999,0.98597773,low,fair,1,7,83,175,data_api_last_trade_24h_pre_anchor,0
351740,Switzerland vs. Bosnia-Herzegovina,Switzerland,Bosnia-Herzegovina,fifwc-che-bih-2026-06-18,2026-06-18T19:00:00+00:00,2026-06-19 03:00,2026-06-18T18:00:00+00:00,4-1,home,主让1.5,0.37,0.64,high,high,4,5,5,7,data_api_vwap_3m_pre_anchor,1,客让1.5(主受让1.5),0.03865089,0.96400779,fair,fair,13,8,70,212,data_api_vwap_1h_pre_anchor,0,主让2.5,0.17999998,0.83,medium,fair,4,3,310,1469,data_api_vwap_10m_pre_anchor,1,客让2.5(主受让2.5),0.01,0.99050026,low,fair,1,4,4376,1411,data_api_last_trade_24h_pre_anchor,0
351741,Canada vs. Qatar,Canada,Qatar,fifwc-can-qat-2026-06-18,2026-06-18T22:00:00+00:00,2026-06-19 06:00,2026-06-18T21:00:00+00:00,6-0,home,主让1.5,0.53,0.47980098,high,high,17,9,1,11,data_api_vwap_3m_pre_anchor,1,客让1.5(主受让1.5),0.02,0.97960037,low,medium,1,9,179,343,data_api_last_trade_24h_pre_anchor,0,主让2.5,0.3,0.71073438,high,medium,4,6,70,10,data_api_vwap_3m_pre_anchor,1,客让2.5(主受让2.5),0.006,0.99510611,low,low,1,1,259,1787,data_api_last_trade_24h_pre_anchor,0
351742,Mexico vs. Korea Republic,Mexico,Korea Republic,fifwc-mex-kr-2026-06-18,2026-06-19T01:00:00+00:00,2026-06-19 09:00,2026-06-19T00:00:00+00:00,1-0,home,主让1.5,0.23999999,0.77,medium,medium,6,14,161,164,data_api_vwap_10m_pre_anchor,0,客让1.5(主受让1.5),0.08185619,0.92003701,medium,high,4,22,103,2,data_api_vwap_10m_pre_anchor,0,主让2.5,0.08726528,0.9200076,fair,medium,19,7,278,278,data_api_vwap_1h_pre_anchor,0,客让2.5(主受让2.5),0.01910194,0.983,medium,high,5,3,502,8,data_api_vwap_10m_pre_anchor,0
351743,United States vs. Australia,United States,Australia,fifwc-usa-aus-2026-06-19,2026-06-19T19:00:00+00:00,2026-06-20 03:00,2026-06-19T18:00:00+00:00,2-0,home,主让1.5,0.35,0.66,high,medium,6,9,1,176,data_api_vwap_3m_pre_anchor,1,客让1.5(主受让1.5),0.06,0.95,fair,fair,4,3,440,590,data_api_vwap_1h_pre_anchor,0,主让2.5,0.15041987,0.86,fair,medium,8,3,352,104,data_api_vwap_1h_pre_anchor,0,客让2.5(主受让2.5),0.01283482,0.98818956,fair,fair,3,6,25,602,data_api_vwap_1h_pre_anchor,0
351744,Scotland vs. Morocco,Scotland,Morocco,fifwc-sco-mar-2026-06-19,2026-06-19T22:00:00+00:00,2026-06-20 06:00,2026-06-19T21:00:00+00:00,0-1,away,主让1.5,0.04037739,0.96,fair,fair,6,3,928,791,data_api_vwap_1h_pre_anchor,0,客让1.5(主受让1.5),0.32943699,0.68,high,high,5,16,17,8,data_api_vwap_3m_pre_anchor,0,主让2.5,0.009,0.99242146,low,low,1,1,782,1306,data_api_last_trade_24h_pre_anchor,0,客让2.5(主受让2.5),0.14,0.87,fair,low,7,1,431,4873,data_api_vwap_1h_pre_anchor,0
351745,Brazil vs. Haiti,Brazil,Haiti,fifwc-bra-hai-2026-06-19,2026-06-20T00:30:00+00:00,2026-06-20 08:30,2026-06-19T23:30:00+00:00,3-0,home,主让1.5,0.73997152,0.2692857,medium,medium,11,12,124,493,data_api_vwap_10m_pre_anchor,1,客让1.5(主受让1.5),0.01028675,0.99048997,fair,medium,4,5,1981,427,data_api_vwap_1h_pre_anchor,0,主让2.5,0.53,0.48,high,medium,5,11,91,10,data_api_vwap_3m_pre_anchor,1,客让2.5(主受让2.5),0.002,0.998,low,low,1,1,29338,604,data_api_last_trade_24h_pre_anchor,0
351746,Türkiye vs. Paraguay,Türkiye,Paraguay,fifwc-tur-par-2026-06-19,2026-06-20T03:00:00+00:00,2026-06-20 11:00,2026-06-20T02:00:00+00:00,0-1,away,主让1.5,0.24,0.76999999,medium,medium,10,6,1,283,data_api_vwap_10m_pre_anchor,0,客让1.5(主受让1.5),0.08,0.92046687,medium,fair,4,10,131,454,data_api_vwap_10m_pre_anchor,0,主让2.5,0.09,0.91851496,fair,fair,7,8,454,193,data_api_vwap_1h_pre_anchor,0,客让2.5(主受让2.5),0.02199999,0.979,medium,medium,7,5,59,67,data_api_vwap_10m_pre_anchor,0
351747,Netherlands vs. Sweden,Netherlands,Sweden,fifwc-nld-swe-2026-06-20,2026-06-20T17:00:00+00:00,2026-06-21 01:00,2026-06-20T16:00:00+00:00,5-1,home,主让1.5,0.32,0.68984648,high,high,11,7,8,19,data_api_vwap_3m_pre_anchor,1,客让1.5(主受让1.5),0.07588909,0.9293459,fair,medium,12,6,59,259,data_api_vwap_1h_pre_anchor,0,主让2.5,0.15,0.85998346,fair,fair,4,7,238,40,data_api_vwap_1h_pre_anchor,1,客让2.5(主受让2.5),0.02173354,0.98030851,fair,medium,4,5,136,260,data_api_vwap_1h_pre_anchor,0
351748,Germany vs. Côte d'Ivoire,Germany,Côte d'Ivoire,fifwc-ger-civ-2026-06-20,2026-06-20T20:00:00+00:00,2026-06-21 04:00,2026-06-20T19:00:00+00:00,2-1,home,主让1.5,0.43916561,0.57,high,high,19,21,13,13,data_api_vwap_3m_pre_anchor,0,客让1.5(主受让1.5),0.0328952,0.96951528,medium,medium,9,7,152,274,data_api_vwap_10m_pre_anchor,0,主让2.5,0.23827108,0.77048581,high,high,5,15,31,29,data_api_vwap_3m_pre_anchor,0,客让2.5(主受让2.5),0.01099999,0.99145217,fair,fair,3,7,1009,172,data_api_vwap_1h_pre_anchor,0
351749,Ecuador vs. Curaçao,Ecuador,Curaçao,fifwc-ecu-kor-2026-06-20,2026-06-21T00:00:00+00:00,2026-06-21 08:00,2026-06-20T23:00:00+00:00,0-0,draw,主让1.5,0.65,0.36,high,medium,10,3,10,109,data_api_vwap_3m_pre_anchor,0,客让1.5(主受让1.5),0.01504953,0.989295,fair,fair,10,7,589,437,data_api_vwap_1h_pre_anchor,0,主让2.5,0.41,0.60348837,high,medium,8,13,13,166,data_api_vwap_3m_pre_anchor,0,客让2.5(主受让2.5),0.002,0.99800425,low,fair,1,3,1333,458,data_api_last_trade_24h_pre_anchor,0
351750,Tunisia vs. Japan,Tunisia,Japan,fifwc-tun-jpn-2026-06-21,2026-06-21T04:00:00+00:00,2026-06-21 12:00,2026-06-21T03:00:00+00:00,0-4,away,主让1.5,0.02708337,0.97332781,fair,fair,28,21,1304,167,data_api_vwap_1h_pre_anchor,0,客让1.5(主受让1.5),0.41958395,0.58999999,high,high,26,13,5,1,data_api_vwap_3m_pre_anchor,1,主让2.5,0.00925111,0.99544967,low,fair,1,9,9308,431,data_api_last_trade_24h_pre_anchor,0,客让2.5(主受让2.5),0.21424121,0.8,high,medium,5,3,38,29,data_api_vwap_3m_pre_anchor,1
351751,Spain vs. Saudi Arabia,Spain,Saudi Arabia,fifwc-esp-ksa-2026-06-21,2026-06-21T16:00:00+00:00,2026-06-22 00:00,2026-06-21T15:00:00+00:00,4-0,home,主让1.5,0.77,0.24,high,medium,3,9,20,22,data_api_vwap_3m_pre_anchor,1,客让1.5(主受让1.5),0.01,0.991,fair,fair,4,4,164,565,data_api_vwap_1h_pre_anchor,0,主让2.5,0.55,0.46,high,high,19,11,1,1,data_api_vwap_3m_pre_anchor,1,客让2.5(主受让2.5),0.00296595,0.998012,fair,fair,5,4,1469,397,data_api_vwap_1h_pre_anchor,0
351752,Belgium vs. IR Iran,Belgium,IR Iran,fifwc-bel-irn-2026-06-21,2026-06-21T19:00:00+00:00,2026-06-22 03:00,2026-06-21T18:00:00+00:00,0-0,draw,主让1.5,0.44,0.56032498,high,high,16,4,14,50,data_api_vwap_3m_pre_anchor,0,客让1.5(主受让1.5),0.0286458,0.97774162,fair,fair,4,6,275,1255,data_api_vwap_1h_pre_anchor,0,主让2.5,0.22980082,0.78,medium,medium,21,3,20,272,data_api_vwap_10m_pre_anchor,0,客让2.5(主受让2.5),0.01,0.9916,low,low,1,1,12713,16286,data_api_last_trade_24h_pre_anchor,0
351753,Uruguay vs. Cabo Verde,Uruguay,Cabo Verde,fifwc-ury-cvi-2026-06-21,2026-06-21T22:00:00+00:00,2026-06-22 06:00,2026-06-21T21:00:00+00:00,2-2,draw,主让1.5,0.43,0.58,high,high,12,26,4,5,data_api_vwap_3m_pre_anchor,0,客让1.5(主受让1.5),0.02303404,0.979,fair,low,4,1,2482,388,data_api_vwap_1h_pre_anchor,0,主让2.5,0.21,0.8,medium,medium,3,3,130,17,data_api_vwap_10m_pre_anchor,0,客让2.5(主受让2.5),0.00911017,0.996,low,low,1,1,7250,3550,data_api_last_trade_24h_pre_anchor,0
351754,New Zealand vs. Egypt,New Zealand,Egypt,fifwc-nzl-egy-2026-06-21,2026-06-22T01:00:00+00:00,2026-06-22 09:00,2026-06-22T00:00:00+00:00,1-3,away,主让1.5,0.04381091,0.95556034,fair,fair,20,12,598,73,data_api_vwap_1h_pre_anchor,0,客让1.5(主受让1.5),0.36,0.64008261,high,fair,3,42,1,128,data_api_vwap_3m_pre_anchor,1,主让2.5,0.013,0.98856116,low,fair,1,4,4631,2498,data_api_last_trade_24h_pre_anchor,0,客让2.5(主受让2.5),0.16422008,0.84,fair,fair,10,3,478,253,data_api_vwap_1h_pre_anchor,0
351755,Argentina vs. Austria,Argentina,Austria,fifwc-arg-aut-2026-06-22,2026-06-22T17:00:00+00:00,2026-06-23 01:00,2026-06-22T16:00:00+00:00,2-0,home,主让1.5,0.41,0.59971564,high,high,10,9,13,17,data_api_vwap_3m_pre_anchor,1,客让1.5(主受让1.5),0.02972475,0.971,fair,high,7,5,1,100,data_api_vwap_1h_pre_anchor,0,主让2.5,0.2,0.81,medium,medium,3,16,200,47,data_api_vwap_10m_pre_anchor,0,客让2.5(主受让2.5),0.00739128,0.99455323,medium,fair,3,8,58,671,data_api_vwap_10m_pre_anchor,0
351756,France vs. Iraq,France,Iraq,fifwc-fra-irq-2026-06-22,2026-06-22T21:00:00+00:00,2026-06-23 05:00,2026-06-22T20:00:00+00:00,3-0,home,主让1.5,0.79,0.21209029,high,medium,7,4,16,98,data_api_vwap_3m_pre_anchor,1,客让1.5(主受让1.5),0.007,0.99665926,low,fair,1,5,943,293,data_api_last_trade_24h_pre_anchor,0,主让2.5,0.58986126,0.41706265,high,high,17,6,2,67,data_api_vwap_3m_pre_anchor,1,客让2.5(主受让2.5),0.00231229,0.99,fair,low,4,1,113,560,data_api_vwap_1h_pre_anchor,0
351757,Norway vs. Senegal,Norway,Senegal,fifwc-nor-sen-2026-06-22,2026-06-23T00:00:00+00:00,2026-06-23 08:00,2026-06-22T23:00:00+00:00,3-2,home,主让1.5,0.21999999,0.79,high,medium,3,6,5,221,data_api_vwap_3m_pre_anchor,0,客让1.5(主受让1.5),0.13,0.8700887,fair,fair,12,17,628,259,data_api_vwap_1h_pre_anchor,0,主让2.5,0.0804963,0.92,fair,high,15,7,221,61,data_api_vwap_1h_pre_anchor,0,客让2.5(主受让2.5),0.03925244,0.9612071,fair,fair,3,5,529,947,data_api_vwap_1h_pre_anchor,0
351758,Jordan vs. Algeria,Jordan,Algeria,fifwc-jor-alg-2026-06-22,2026-06-23T03:00:00+00:00,2026-06-23 11:00,2026-06-23T02:00:00+00:00,1-2,away,主让1.5,0.03933489,0.96124926,fair,fair,10,5,1637,782,data_api_vwap_1h_pre_anchor,0,客让1.5(主受让1.5),0.39491179,0.60974545,high,high,5,4,2,71,data_api_vwap_3m_pre_anchor,0,主让2.5,0.01,0.991,low,low,1,1,4742,3896,data_api_last_trade_24h_pre_anchor,0,客让2.5(主受让2.5),0.17985251,0.82007061,medium,fair,15,11,121,467,data_api_vwap_10m_pre_anchor,0
351759,Portugal vs. Uzbekistan,Portugal,Uzbekistan,fifwc-prt-uzb-2026-06-23,2026-06-23T17:00:00+00:00,2026-06-24 01:00,2026-06-23T16:00:00+00:00,5-0,home,主让1.5,0.69,0.32,high,medium,25,10,1,98,data_api_vwap_3m_pre_anchor,1,客让1.5(主受让1.5),0.01,0.99138401,fair,fair,8,6,680,34,data_api_vwap_1h_pre_anchor,0,主让2.5,0.45999999,0.55,high,high,17,4,2,65,data_api_vwap_3m_pre_anchor,1,客让2.5(主受让2.5),0.00308959,0.999,low,low,1,1,4316,2356,data_api_last_trade_24h_pre_anchor,0
351760,England vs. Ghana,England,Ghana,fifwc-eng-gha-2026-06-23,2026-06-23T20:00:00+00:00,2026-06-24 04:00,2026-06-23T19:00:00+00:00,0-0,draw,主让1.5,0.62999421,0.38,high,medium,13,8,17,17,data_api_vwap_3m_pre_anchor,0,客让1.5(主受让1.5),0.01068524,0.99036446,fair,high,4,8,7,22,data_api_vwap_1h_pre_anchor,0,主让2.5,0.39996014,0.61,high,medium,10,20,26,79,data_api_vwap_3m_pre_anchor,0,客让2.5(主受让2.5),0.008,0.999,low,low,1,1,17095,19280,data_api_last_trade_24h_pre_anchor,0
351761,Panama vs. Croatia,Panama,Croatia,fifwc-pan-hrv-2026-06-23,2026-06-23T23:00:00+00:00,2026-06-24 07:00,2026-06-23T22:00:00+00:00,0-1,away,主让1.5,0.03299997,0.968,low,fair,1,5,1912,107,data_api_last_trade_24h_pre_anchor,0,客让1.5(主受让1.5),0.43,0.58,high,medium,5,3,23,280,data_api_vwap_3m_pre_anchor,0,主让2.5,0.00790186,0.993,low,medium,1,4,2,77,data_api_last_trade_24h_pre_anchor,0,客让2.5(主受让2.5),0.22961432,0.77000927,medium,fair,5,16,2,464,data_api_vwap_10m_pre_anchor,0
351762,Colombia vs. DR Congo,Colombia,DR Congo,fifwc-col-cdr-2026-06-23,2026-06-24T02:00:00+00:00,2026-06-24 10:00,2026-06-24T01:00:00+00:00,1-0,home,主让1.5,0.37,0.64,high,high,22,6,5,7,data_api_vwap_3m_pre_anchor,0,客让1.5(主受让1.5),0.031,0.96913117,low,medium,1,34,1045,206,data_api_last_trade_24h_pre_anchor,0,主让2.5,0.17,0.84,high,fair,3,5,28,1,data_api_vwap_3m_pre_anchor,0,客让2.5(主受让2.5),0.007,0.993,low,low,1,1,1190,1186,data_api_last_trade_24h_pre_anchor,0
351763,Switzerland vs. Canada,Switzerland,Canada,fifwc-che-can-2026-06-24,2026-06-24T19:00:00+00:00,2026-06-25 03:00,2026-06-24T18:00:00+00:00,2-1,home,主让1.5,0.16999999,0.84,high,fair,3,7,58,689,data_api_vwap_3m_pre_anchor,0,客让1.5(主受让1.5),0.12,0.89,medium,high,10,4,133,67,data_api_vwap_10m_pre_anchor,0,主让2.5,0.05703381,0.95,fair,low,4,1,1417,1859,data_api_vwap_1h_pre_anchor,0,客让2.5(主受让2.5),0.03121108,0.96938091,fair,fair,9,44,226,347,data_api_vwap_1h_pre_anchor,0
351764,Bosnia-Herzegovina vs. Qatar,Bosnia-Herzegovina,Qatar,fifwc-bih-qat-2026-06-24,2026-06-24T19:00:00+00:00,2026-06-25 03:00,2026-06-24T18:00:00+00:00,3-1,home,主让1.5,0.47999999,0.52999996,high,high,4,3,70,91,data_api_vwap_3m_pre_anchor,1,客让1.5(主受让1.5),0.03221825,0.96794422,fair,fair,6,5,482,344,data_api_vwap_1h_pre_anchor,0,主让2.5,0.27899559,0.73003426,fair,medium,4,12,172,65,data_api_vwap_1h_pre_anchor,0,客让2.5(主受让2.5),0.006,0.9940005,low,fair,1,4,1606,65,data_api_last_trade_24h_pre_anchor,0
351765,Morocco vs. Haiti,Morocco,Haiti,fifwc-mar-hai-2026-06-24,2026-06-24T22:00:00+00:00,2026-06-25 06:00,2026-06-24T21:00:00+00:00,4-2,home,主让1.5,0.61051966,0.39024116,high,high,84,7,1,58,data_api_vwap_3m_pre_anchor,1,客让1.5(主受让1.5),0.016,0.985,low,low,1,1,241,1178,data_api_last_trade_24h_pre_anchor,0,主让2.5,0.37,0.64,high,medium,13,4,10,379,data_api_vwap_3m_pre_anchor,0,客让2.5(主受让2.5),0.002,0.998,low,low,1,1,9664,11200,data_api_last_trade_24h_pre_anchor,0
351766,Scotland vs. Brazil,Scotland,Brazil,fifwc-sco-bra-2026-06-24,2026-06-24T22:00:00+00:00,2026-06-25 06:00,2026-06-24T21:00:00+00:00,0-3,away,主让1.5,0.02212714,0.97806886,medium,high,5,8,26,29,data_api_vwap_10m_pre_anchor,0,客让1.5(主受让1.5),0.49,0.51973477,high,high,31,3,17,22,data_api_vwap_3m_pre_anchor,1,主让2.5,0.006,0.994,low,low,1,1,17,11054,data_api_last_trade_24h_pre_anchor,0,客让2.5(主受让2.5),0.27006204,0.72566349,medium,fair,7,20,10,395,data_api_vwap_10m_pre_anchor,1
351767,Czechia vs. Mexico,Czechia,Mexico,fifwc-cze-mex-2026-06-24,2026-06-25T01:00:00+00:00,2026-06-25 09:00,2026-06-25T00:00:00+00:00,0-3,away,主让1.5,0.08999999,0.92,low,fair,1,8,8558,620,data_api_last_trade_24h_pre_anchor,0,客让1.5(主受让1.5),0.29059034,0.70017221,medium,medium,8,3,77,47,data_api_vwap_10m_pre_anchor,1,主让2.5,0.024,0.97608506,low,fair,1,41,59180,214,data_api_last_trade_24h_pre_anchor,0,客让2.5(主受让2.5),0.12037607,0.88998789,medium,fair,3,5,25,374,data_api_vwap_10m_pre_anchor,1
351768,South Africa vs. Korea Republic,South Africa,Korea Republic,fifwc-rsa-kr-2026-06-24,2026-06-25T01:00:00+00:00,2026-06-25 09:00,2026-06-25T00:00:00+00:00,1-0,home,主让1.5,0.04401565,0.9577098,fair,fair,6,3,637,49,data_api_vwap_1h_pre_anchor,0,客让1.5(主受让1.5),0.33,0.68,high,high,8,14,17,25,data_api_vwap_3m_pre_anchor,0,主让2.5,0.01095,0.98905898,low,fair,1,17,637,967,data_api_last_trade_24h_pre_anchor,0,客让2.5(主受让2.5),0.14,0.86999999,high,medium,3,3,29,28,data_api_vwap_3m_pre_anchor,0
351769,Ecuador vs. Germany,Ecuador,Germany,fifwc-ecu-ger-2026-06-25,2026-06-25T20:00:00+00:00,2026-06-26 04:00,2026-06-25T19:00:00+00:00,2-1,home,主让1.5,0.07,0.9397725,low,fair,1,37,284,577,data_api_last_trade_24h_pre_anchor,0,客让1.5(主受让1.5),0.35,0.66,high,high,33,20,1,2,data_api_vwap_3m_pre_anchor,0,主让2.5,0.01727004,0.98466261,fair,fair,3,5,182,4,data_api_vwap_1h_pre_anchor,0,客让2.5(主受让2.5),0.18,0.83,high,medium,10,3,52,80,data_api_vwap_3m_pre_anchor,0
351770,Curaçao vs. Côte d'Ivoire,Curaçao,Côte d'Ivoire,fifwc-kor-civ-2026-06-25,2026-06-25T20:00:00+00:00,2026-06-26 04:00,2026-06-25T19:00:00+00:00,0-2,away,主让1.5,0.01431092,0.98772909,low,low,1,1,130,4973,data_api_last_trade_24h_pre_anchor,0,客让1.5(主受让1.5),0.66851364,0.33014936,medium,high,8,75,73,34,data_api_vwap_10m_pre_anchor,1,主让2.5,0.003,0.999,low,low,1,1,25486,11465,data_api_last_trade_24h_pre_anchor,0,客让2.5(主受让2.5),0.43623598,0.57,high,high,10,18,8,28,data_api_vwap_3m_pre_anchor,0
351771,Japan vs. Sweden,Japan,Sweden,fifwc-jpn-swe-2026-06-25,2026-06-25T23:00:00+00:00,2026-06-26 07:00,2026-06-25T22:00:00+00:00,1-1,draw,主让1.5,0.23,0.76264323,high,medium,5,53,4,34,data_api_vwap_3m_pre_anchor,0,客让1.5(主受让1.5),0.10815031,0.91,medium,fair,4,5,259,782,data_api_vwap_10m_pre_anchor,0,主让2.5,0.10687778,0.90441133,fair,medium,5,5,571,247,data_api_vwap_1h_pre_anchor,0,客让2.5(主受让2.5),0.02999997,0.97899999,low,low,1,1,610,23978,data_api_last_trade_24h_pre_anchor,0
351772,Tunisia vs. Netherlands,Tunisia,Netherlands,fifwc-tun-nld-2026-06-25,2026-06-25T23:00:00+00:00,2026-06-26 07:00,2026-06-25T22:00:00+00:00,1-3,away,主让1.5,0.00787788,0.99247224,fair,fair,4,6,997,992,data_api_vwap_1h_pre_anchor,0,客让1.5(主受让1.5),0.73009174,0.27,high,high,6,27,16,5,data_api_vwap_3m_pre_anchor,1,主让2.5,,0.999,missing,low,0,1,,66133,unavailable,0,客让2.5(主受让2.5),0.48553413,0.51999999,high,high,59,3,2,55,data_api_vwap_3m_pre_anchor,0
351773,Paraguay vs. Australia,Paraguay,Australia,fifwc-par-aus-2026-06-25,2026-06-26T02:00:00+00:00,2026-06-26 10:00,2026-06-26T01:00:00+00:00,0-0,draw,主让1.5,0.15477242,0.85013407,medium,high,5,7,43,53,data_api_vwap_10m_pre_anchor,0,客让1.5(主受让1.5),0.07914081,0.93059765,fair,fair,8,6,1241,1100,data_api_vwap_1h_pre_anchor,0,主让2.5,0.046,0.957,low,low,1,1,40,4691,data_api_last_trade_24h_pre_anchor,0,客让2.5(主受让2.5),0.01968244,0.984,low,low,1,1,5017,3409,data_api_last_trade_24h_pre_anchor,0
351774,Türkiye vs. United States,Türkiye,United States,fifwc-tur-usa-2026-06-25,2026-06-26T02:00:00+00:00,2026-06-26 10:00,2026-06-26T01:00:00+00:00,3-2,home,主让1.5,0.10986487,0.9,fair,medium,4,3,1265,94,data_api_vwap_1h_pre_anchor,0,客让1.5(主受让1.5),0.29,0.71905161,high,high,19,4,2,2,data_api_vwap_3m_pre_anchor,0,主让2.5,0.03256945,0.96259436,fair,fair,4,15,2743,2740,data_api_vwap_1h_pre_anchor,0,客让2.5(主受让2.5),0.14009623,0.86148604,high,high,43,6,10,61,data_api_vwap_3m_pre_anchor,0
351775,Norway vs. France,Norway,France,fifwc-nor-fra-2026-06-26,2026-06-26T19:00:00+00:00,2026-06-27 03:00,2026-06-26T18:00:00+00:00,1-4,away,主让1.5,0.04002277,0.96003156,medium,medium,5,14,224,104,data_api_vwap_10m_pre_anchor,0,客让1.5(主受让1.5),0.46691823,0.54,high,high,17,5,4,50,data_api_vwap_3m_pre_anchor,1,主让2.5,0.014,0.98960875,low,fair,1,8,1054,134,data_api_last_trade_24h_pre_anchor,0,客让2.5(主受让2.5),0.25997172,0.75879705,medium,fair,7,40,160,211,data_api_vwap_10m_pre_anchor,1
351776,Senegal vs. Iraq,Senegal,Iraq,fifwc-sen-irq-2026-06-26,2026-06-26T19:00:00+00:00,2026-06-27 03:00,2026-06-26T18:00:00+00:00,5-0,home,主让1.5,0.57,0.43065763,high,high,6,4,8,2,data_api_vwap_3m_pre_anchor,1,客让1.5(主受让1.5),0.01580791,0.98233367,fair,fair,4,5,232,1897,data_api_vwap_1h_pre_anchor,0,主让2.5,0.34008523,0.66102773,high,high,8,3,26,98,data_api_vwap_3m_pre_anchor,1,客让2.5(主受让2.5),0.004,0.997,low,low,1,1,5168,4550,data_api_last_trade_24h_pre_anchor,0
351777,Cabo Verde vs. Saudi Arabia,Cabo Verde,Saudi Arabia,fifwc-cvi-ksa-2026-06-26,2026-06-27T00:00:00+00:00,2026-06-27 08:00,2026-06-26T23:00:00+00:00,0-0,draw,主让1.5,0.14981587,0.86004717,fair,fair,43,43,314,706,data_api_vwap_1h_pre_anchor,0,客让1.5(主受让1.5),0.17663648,0.82049445,fair,fair,52,77,46,562,data_api_vwap_1h_pre_anchor,0,主让2.5,0.0534444,0.94915715,low,fair,1,11,3946,1352,data_api_last_trade_24h_pre_anchor,0,客让2.5(主受让2.5),0.06060009,0.93998531,fair,medium,14,12,1072,82,data_api_vwap_1h_pre_anchor,0
351778,Uruguay vs. Spain,Uruguay,Spain,fifwc-ury-esp-2026-06-26,2026-06-27T00:00:00+00:00,2026-06-27 08:00,2026-06-26T23:00:00+00:00,0-1,away,主让1.5,0.03786673,0.96392044,fair,fair,8,5,71,158,data_api_vwap_1h_pre_anchor,0,客让1.5(主受让1.5),0.33010294,0.67002622,high,high,85,19,4,89,data_api_vwap_3m_pre_anchor,0,主让2.5,0.009,0.99692629,low,low,1,1,3175,4112,data_api_last_trade_24h_pre_anchor,0,客让2.5(主受让2.5),0.15,0.85004385,medium,fair,4,31,167,598,data_api_vwap_10m_pre_anchor,0
351779,Egypt vs. IR Iran,Egypt,IR Iran,fifwc-egy-irn-2026-06-26,2026-06-27T03:00:00+00:00,2026-06-27 11:00,2026-06-27T02:00:00+00:00,1-1,draw,主让1.5,0.16,0.85004001,medium,fair,5,22,550,661,data_api_vwap_10m_pre_anchor,0,客让1.5(主受让1.5),0.10382617,0.91,fair,low,4,1,1094,6664,data_api_vwap_1h_pre_anchor,0,主让2.5,0.05,0.96,low,low,1,1,3335,1616,data_api_last_trade_24h_pre_anchor,0,客让2.5(主受让2.5),0.027,0.97319,low,fair,1,3,3350,3575,data_api_last_trade_24h_pre_anchor,0
351780,New Zealand vs. Belgium,New Zealand,Belgium,fifwc-nzl-bel-2026-06-26,2026-06-27T03:00:00+00:00,2026-06-27 11:00,2026-06-27T02:00:00+00:00,1-5,away,主让1.5,0.019,0.983,low,low,1,1,523,275,data_api_last_trade_24h_pre_anchor,0,客让1.5(主受让1.5),0.65987511,0.34000104,high,medium,5,50,5,200,data_api_vwap_3m_pre_anchor,1,主让2.5,0.002,0.994,low,low,1,1,37792,37825,data_api_last_trade_24h_pre_anchor,0,客让2.5(主受让2.5),0.43978886,0.56988093,high,high,3,4,157,23,data_api_vwap_3m_pre_anchor,1
351781,Panama vs. England,Panama,England,fifwc-pan-eng-2026-06-27,2026-06-27T21:00:00+00:00,2026-06-28 05:00,2026-06-27T20:00:00+00:00,0-2,away,主让1.5,0.0093733,0.991,medium,low,3,1,155,430,data_api_vwap_10m_pre_anchor,0,客让1.5(主受让1.5),0.68,0.33,high,high,4,5,29,14,data_api_vwap_3m_pre_anchor,1,主让2.5,0.001,0.999,low,low,1,1,7040,11387,data_api_last_trade_24h_pre_anchor,0,客让2.5(主受让2.5),0.44999481,0.55910464,high,high,7,12,7,17,data_api_vwap_3m_pre_anchor,0
351782,Croatia vs. Ghana,Croatia,Ghana,fifwc-hrv-gha-2026-06-27,2026-06-27T21:00:00+00:00,2026-06-28 05:00,2026-06-27T20:00:00+00:00,2-1,home,主让1.5,0.28,0.73,high,high,3,16,40,11,data_api_vwap_3m_pre_anchor,0,客让1.5(主受让1.5),0.047,0.957,low,low,1,1,40,1232,data_api_last_trade_24h_pre_anchor,0,主让2.5,0.11,0.9,low,low,1,1,2885,113,data_api_last_trade_24h_pre_anchor,0,客让2.5(主受让2.5),0.01,0.99,low,fair,1,4,2462,2687,data_api_last_trade_24h_pre_anchor,0
351783,Colombia vs. Portugal,Colombia,Portugal,fifwc-col-prt-2026-06-27,2026-06-27T23:30:00+00:00,2026-06-28 07:30,2026-06-27T22:30:00+00:00,0-0,draw,主让1.5,0.10865718,0.89445416,fair,fair,9,5,1376,388,data_api_vwap_1h_pre_anchor,0,客让1.5(主受让1.5),0.27189496,0.72999999,medium,high,18,5,20,20,data_api_vwap_10m_pre_anchor,0,主让2.5,0.034,0.96765941,low,fair,1,7,6044,1502,data_api_last_trade_24h_pre_anchor,0,客让2.5(主受让2.5),0.10318063,0.90966972,fair,fair,3,5,629,872,data_api_vwap_1h_pre_anchor,0
351784,DR Congo vs. Uzbekistan,DR Congo,Uzbekistan,fifwc-cdr-uzb-2026-06-27,2026-06-27T23:30:00+00:00,2026-06-28 07:30,2026-06-27T22:30:00+00:00,3-1,home,主让1.5,0.30004544,0.7,fair,medium,20,18,35,74,data_api_vwap_1h_pre_anchor,1,客让1.5(主受让1.5),0.05999995,0.95004005,low,fair,1,3,4201,922,data_api_last_trade_24h_pre_anchor,0,主让2.5,0.1198733,0.89,fair,low,10,1,992,10679,data_api_vwap_1h_pre_anchor,0,客让2.5(主受让2.5),0.015,0.985,low,low,1,1,58984,38000,data_api_last_trade_24h_pre_anchor,0
351785,Jordan vs. Argentina,Jordan,Argentina,fifwc-jor-arg-2026-06-27,2026-06-28T02:00:00+00:00,2026-06-28 10:00,2026-06-28T01:00:00+00:00,1-3,away,主让1.5,0.009,0.991,low,fair,1,3,1727,1369,data_api_last_trade_24h_pre_anchor,0,客让1.5(主受让1.5),0.68,0.32050996,high,fair,3,31,11,802,data_api_vwap_3m_pre_anchor,1,主让2.5,0.00163867,0.998,low,low,1,1,29062,8731,data_api_last_trade_24h_pre_anchor,0,客让2.5(主受让2.5),0.43012192,0.56752456,high,fair,3,30,13,259,data_api_vwap_3m_pre_anchor,0
351786,Algeria vs. Austria,Algeria,Austria,fifwc-alg-aut-2026-06-27,2026-06-28T02:00:00+00:00,2026-06-28 10:00,2026-06-28T01:00:00+00:00,3-3,draw,主让1.5,0.09,0.91005163,medium,fair,10,3,115,2084,data_api_vwap_10m_pre_anchor,0,客让1.5(主受让1.5),0.09075319,0.91994975,fair,fair,4,9,286,1460,data_api_vwap_1h_pre_anchor,0,主让2.5,0.021,0.979,low,low,1,1,3655,1310,data_api_last_trade_24h_pre_anchor,0,客让2.5(主受让2.5),0.0259928,0.97471794,low,fair,1,6,5554,3292,data_api_last_trade_24h_pre_anchor,0
632707,South Africa vs. Canada,South Africa,Canada,fifwc-rsa-can-2026-06-28,2026-06-28T19:00:00+00:00,2026-06-29 03:00,2026-06-28T18:00:00+00:00,0-1,away,主让1.5,0.04881934,0.95368388,fair,fair,8,6,304,188,data_api_vwap_1h_pre_anchor,0,客让1.5(主受让1.5),0.28,0.72692309,high,high,22,4,16,49,data_api_vwap_3m_pre_anchor,0,主让2.5,0.00799899,0.99440996,fair,fair,9,3,403,1858,data_api_vwap_1h_pre_anchor,0,客让2.5(主受让2.5),0.10986761,0.89038647,medium,fair,9,15,173,1150,data_api_vwap_10m_pre_anchor,0
636318,Brazil vs. Japan,Brazil,Japan,fifwc-bra-jpn-2026-06-29,2026-06-29T17:00:00+00:00,2026-06-30 01:00,2026-06-29T16:00:00+00:00,2-1,home,主让1.5,0.29,0.72049969,high,high,11,16,41,14,data_api_vwap_3m_pre_anchor,0,客让1.5(主受让1.5),0.05,0.95678558,high,fair,4,11,167,1100,data_api_vwap_3m_pre_anchor,0,主让2.5,0.10971821,0.90004776,medium,medium,3,13,67,173,data_api_vwap_10m_pre_anchor,0,客让2.5(主受让2.5),0.00865367,0.99026497,medium,medium,3,8,536,169,data_api_vwap_10m_pre_anchor,0
636324,Netherlands vs. Morocco,Netherlands,Morocco,fifwc-nld-mar-2026-06-29,2026-06-30T01:00:00+00:00,2026-06-30 09:00,2026-06-30T00:00:00+00:00,1-1,draw,主让1.5,0.18,0.82751676,high,medium,15,10,8,112,data_api_vwap_3m_pre_anchor,0,客让1.5(主受让1.5),0.11,0.9,medium,fair,3,10,145,260,data_api_vwap_10m_pre_anchor,0,主让2.5,0.06,0.94044646,medium,fair,4,43,175,665,data_api_vwap_10m_pre_anchor,0,客让2.5(主受让2.5),0.02079268,0.977,fair,medium,45,4,125,197,data_api_vwap_1h_pre_anchor,0
636329,United States vs. Bosnia and Herzegovina,United States,Bosnia and Herzegovina,fifwc-usa-bih-2026-07-01,2026-07-02T00:00:00+00:00,2026-07-02 08:00,2026-07-01T23:00:00+00:00,2-0,home,主让1.5,0.49,0.52,high,high,25,3,14,1,data_api_vwap_3m_pre_anchor,1,客让1.5(主受让1.5),0.02986364,0.97094887,medium,medium,10,30,139,167,data_api_vwap_10m_pre_anchor,0,主让2.5,0.27,0.74,high,high,28,22,25,50,data_api_vwap_3m_pre_anchor,0,客让2.5(主受让2.5),0.00782193,0.99200798,fair,fair,6,19,175,607,data_api_vwap_1h_pre_anchor,0
640346,Germany vs. Paraguay,Germany,Paraguay,fifwc-ger-par-2026-06-29,2026-06-29T20:30:00+00:00,2026-06-30 04:30,2026-06-29T19:30:00+00:00,1-1,draw,主让1.5,0.49,0.52,high,high,52,11,5,4,data_api_vwap_3m_pre_anchor,0,客让1.5(主受让1.5),0.01649193,0.97808863,medium,high,49,17,113,1,data_api_vwap_10m_pre_anchor,0,主让2.5,0.28,0.72999994,high,high,7,27,4,1,data_api_vwap_3m_pre_anchor,0,客让2.5(主受让2.5),0.004,0.999,medium,high,3,12,331,17,data_api_vwap_10m_pre_anchor,0
640353,Côte d'Ivoire vs. Norway,Côte d'Ivoire,Norway,fifwc-civ-nor-2026-06-30,2026-06-30T17:00:00+00:00,2026-07-01 01:00,2026-06-30T16:00:00+00:00,1-2,away,主让1.5,0.1,0.91,medium,fair,4,3,31,820,data_api_vwap_10m_pre_anchor,0,客让1.5(主受让1.5),0.24,0.7651996,high,medium,22,5,13,43,data_api_vwap_3m_pre_anchor,0,主让2.5,0.02352481,0.977,fair,low,3,1,2752,778,data_api_vwap_1h_pre_anchor,0,客让2.5(主受让2.5),0.09,0.91018657,medium,fair,7,40,82,718,data_api_vwap_10m_pre_anchor,0
640358,France vs. Sweden,France,Sweden,fifwc-fra-swe-2026-06-30,2026-06-30T21:00:00+00:00,2026-07-01 05:00,2026-06-30T20:00:00+00:00,3-0,home,主让1.5,0.53196302,0.47000316,high,high,57,15,1,80,data_api_vwap_3m_pre_anchor,1,客让1.5(主受让1.5),0.01470019,0.97998851,medium,high,18,13,113,133,data_api_vwap_10m_pre_anchor,0,主让2.5,0.31,0.69833577,high,high,11,3,16,113,data_api_vwap_3m_pre_anchor,1,客让2.5(主受让2.5),0.005,0.998,low,low,1,1,4637,10142,data_api_last_trade_24h_pre_anchor,0
640362,Australia vs. Egypt,Australia,Egypt,fifwc-aus-egy-2026-07-03,2026-07-03T18:00:00+00:00,2026-07-04 02:00,2026-07-03T17:00:00+00:00,1-1,draw,主让1.5,0.08999999,0.92,fair,fair,6,4,586,673,data_api_vwap_1h_pre_anchor,0,客让1.5(主受让1.5),0.17999996,0.83,high,medium,3,3,25,131,data_api_vwap_3m_pre_anchor,0,主让2.5,0.01888736,0.98528817,fair,fair,12,3,430,2731,data_api_vwap_1h_pre_anchor,0,客让2.5(主受让2.5),0.04886915,0.953,fair,medium,7,5,482,125,data_api_vwap_1h_pre_anchor,0
640364,Argentina vs. Cabo Verde,Argentina,Cabo Verde,fifwc-arg-cvi-2026-07-03,2026-07-03T22:00:00+00:00,2026-07-04 06:00,2026-07-03T21:00:00+00:00,3-2,draw,主让1.5,0.68,0.32999992,high,high,97,4,2,97,data_api_vwap_3m_pre_anchor,0,客让1.5(主受让1.5),0.00402626,0.99518529,fair,fair,5,5,973,1532,data_api_vwap_1h_pre_anchor,0,主让2.5,0.42934329,0.58010508,high,high,21,26,7,2,data_api_vwap_3m_pre_anchor,0,客让2.5(主受让2.5),0.00320317,0.998,low,low,1,1,6083,4964,data_api_last_trade_24h_pre_anchor,0
643861,Mexico vs. Ecuador,Mexico,Ecuador,fifwc-mex-ecu-2026-06-30,2026-07-01T01:00:00+00:00,2026-07-01 09:00,2026-07-01T00:00:00+00:00,2-0,home,主让1.5,0.19,0.82,high,high,7,4,8,68,data_api_vwap_3m_pre_anchor,1,客让1.5(主受让1.5),0.06207156,0.94,fair,medium,59,3,131,133,data_api_vwap_1h_pre_anchor,0,主让2.5,0.06,0.95,medium,medium,11,8,46,43,data_api_vwap_10m_pre_anchor,0,客让2.5(主受让2.5),0.01572816,0.98280872,fair,fair,3,67,1037,439,data_api_vwap_1h_pre_anchor,0
643867,England vs. DR Congo,England,DR Congo,fifwc-eng-cdr-2026-07-01,2026-07-01T16:00:00+00:00,2026-07-02 00:00,2026-07-01T15:00:00+00:00,2-1,home,主让1.5,0.4899977,0.51974198,high,medium,29,14,2,62,data_api_vwap_3m_pre_anchor,0,客让1.5(主受让1.5),0.0113116,0.989,fair,medium,8,3,731,265,data_api_vwap_1h_pre_anchor,0,主让2.5,0.26,0.75310175,medium,fair,6,34,241,317,data_api_vwap_10m_pre_anchor,0,客让2.5(主受让2.5),0.002,0.999,low,low,1,1,2245,7264,data_api_last_trade_24h_pre_anchor,0
643872,Belgium vs. Senegal,Belgium,Senegal,fifwc-bel-sen-2026-07-01,2026-07-01T20:00:00+00:00,2026-07-02 04:00,2026-07-01T19:00:00+00:00,3-2,draw,主让1.5,0.23,0.78,high,medium,8,3,19,121,data_api_vwap_3m_pre_anchor,0,客让1.5(主受让1.5),0.09989168,0.90987365,medium,fair,6,48,2,145,data_api_vwap_10m_pre_anchor,0,主让2.5,0.0922165,0.91586016,fair,fair,12,76,700,103,data_api_vwap_1h_pre_anchor,0,客让2.5(主受让2.5),0.03163706,0.9697319,fair,fair,10,83,32,1025,data_api_vwap_1h_pre_anchor,0
643876,Spain vs. Austria,Spain,Austria,fifwc-esp-aut-2026-07-02,2026-07-02T19:00:00+00:00,2026-07-03 03:00,2026-07-02T18:00:00+00:00,3-0,home,主让1.5,0.50604254,0.49470048,high,high,119,36,1,4,data_api_vwap_3m_pre_anchor,1,客让1.5(主受让1.5),0.01732685,0.9825,medium,low,3,1,271,340,data_api_vwap_10m_pre_anchor,0,主让2.5,0.27289295,0.72575404,high,high,8,33,70,4,data_api_vwap_3m_pre_anchor,1,客让2.5(主受让2.5),0.00540959,0.9975,fair,low,3,1,1238,6250,data_api_vwap_1h_pre_anchor,0
643880,Portugal vs. Croatia,Portugal,Croatia,fifwc-prt-hrv-2026-07-02,2026-07-02T23:00:00+00:00,2026-07-03 07:00,2026-07-02T22:00:00+00:00,2-1,home,主让1.5,0.32638184,0.675,high,high,5,3,10,91,data_api_vwap_3m_pre_anchor,0,客让1.5(主受让1.5),0.04898975,0.95188946,fair,fair,24,18,34,184,data_api_vwap_1h_pre_anchor,0,主让2.5,0.14976407,0.8675,fair,high,9,6,1360,47,data_api_vwap_1h_pre_anchor,0,客让2.5(主受让2.5),0.0147585,0.98740714,fair,fair,4,9,1429,263,data_api_vwap_1h_pre_anchor,0
643884,Switzerland vs. Algeria,Switzerland,Algeria,fifwc-che-alg-2026-07-02,2026-07-03T03:00:00+00:00,2026-07-03 11:00,2026-07-03T02:00:00+00:00,2-0,home,主让1.5,0.2425,0.76,high,medium,7,5,29,154,data_api_vwap_3m_pre_anchor,1,客让1.5(主受让1.5),0.06003518,0.9397422,medium,medium,20,4,214,49,data_api_vwap_10m_pre_anchor,0,主让2.5,0.08660222,0.91620193,fair,fair,8,18,1165,188,data_api_vwap_1h_pre_anchor,0,客让2.5(主受让2.5),0.01578257,0.98692875,fair,fair,17,27,346,320,data_api_vwap_1h_pre_anchor,0
643888,Colombia vs. Ghana,Colombia,Ghana,fifwc-col-gha-2026-07-03,2026-07-04T01:30:00+00:00,2026-07-04 09:30,2026-07-04T00:30:00+00:00,1-0,home,主让1.5,0.42677531,0.57999999,high,high,5,8,58,74,data_api_vwap_3m_pre_anchor,0,客让1.5(主受让1.5),0.024,0.97632808,low,fair,1,4,550,1358,data_api_last_trade_24h_pre_anchor,0,主让2.5,0.2,0.81,fair,medium,12,3,482,460,data_api_vwap_1h_pre_anchor,0,客让2.5(主受让2.5),0.005,0.99576465,low,low,1,1,37586,1075,data_api_last_trade_24h_pre_anchor,0
650867,Canada vs. Morocco,Canada,Morocco,fifwc-can-mar-2026-07-04,2026-07-04T17:00:00+00:00,2026-07-05 01:00,2026-07-04T16:00:00+00:00,0-3,away,主让1.5,0.04008703,0.96045331,fair,fair,9,6,175,319,data_api_vwap_1h_pre_anchor,0,客让1.5(主受让1.5),0.29,0.72,high,high,3,3,31,34,data_api_vwap_3m_pre_anchor,1,主让2.5,0.00601098,0.995,medium,low,3,1,196,6418,data_api_vwap_10m_pre_anchor,0,客让2.5(主受让2.5),0.10999998,0.9,fair,fair,10,5,20,199,data_api_vwap_1h_pre_anchor,1
654603,Paraguay vs. France,Paraguay,France,fifwc-par-fra-2026-07-04,2026-07-04T21:00:00+00:00,2026-07-05 05:00,2026-07-04T20:00:00+00:00,0-1,away,主让1.5,0.00904055,0.99,medium,medium,3,4,127,229,data_api_vwap_10m_pre_anchor,0,客让1.5(主受让1.5),0.59979797,0.40999999,high,high,27,13,1,2,data_api_vwap_3m_pre_anchor,0,主让2.5,0.002,0.999,low,fair,1,21,161,542,data_api_last_trade_24h_pre_anchor,0,客让2.5(主受让2.5),0.35,0.66,high,high,6,55,34,2,data_api_vwap_3m_pre_anchor,0
654615,Brazil vs. Norway,Brazil,Norway,fifwc-bra-nor-2026-07-05,2026-07-05T20:00:00+00:00,2026-07-06 04:00,2026-07-05T19:00:00+00:00,1-2,away,主让1.5,0.31,0.7,medium,high,5,23,143,2,data_api_vwap_10m_pre_anchor,0,客让1.5(主受让1.5),0.07,0.94,medium,low,6,1,73,163,data_api_vwap_10m_pre_anchor,0,主让2.5,0.12046476,0.88,fair,fair,7,12,17,496,data_api_vwap_1h_pre_anchor,0,客让2.5(主受让2.5),0.01647164,0.984,fair,low,6,1,775,1561,data_api_vwap_1h_pre_anchor,0
658244,Mexico vs. England,Mexico,England,fifwc-mex-eng-2026-07-05,2026-07-06T00:00:00+00:00,2026-07-06 08:00,2026-07-05T23:00:00+00:00,2-3,away,主让1.5,0.13,0.88,high,high,49,18,23,11,data_api_vwap_3m_pre_anchor,0,客让1.5(主受让1.5),0.16,0.85,high,medium,5,3,73,64,data_api_vwap_3m_pre_anchor,0,主让2.5,0.02604093,0.97447102,medium,high,5,33,128,1,data_api_vwap_10m_pre_anchor,0,客让2.5(主受让2.5),0.05,0.95876329,medium,medium,3,3,91,7,data_api_vwap_10m_pre_anchor,0
658252,United States vs. Belgium,United States,Belgium,fifwc-usa-bel-2026-07-06,2026-07-07T00:00:00+00:00,2026-07-07 08:00,2026-07-06T23:00:00+00:00,1-4,away,主让1.5,0.19,0.81003402,high,medium,25,65,61,23,data_api_vwap_3m_pre_anchor,0,客让1.5(主受让1.5),0.16,0.85,medium,medium,3,4,208,172,data_api_vwap_10m_pre_anchor,1,主让2.5,0.07,0.93221642,fair,fair,24,18,658,178,data_api_vwap_1h_pre_anchor,0,客让2.5(主受让2.5),0.05735355,0.95024827,fair,medium,9,4,25,332,data_api_vwap_1h_pre_anchor,1
662059,Portugal vs. Spain,Portugal,Spain,fifwc-prt-esp-2026-07-06,2026-07-06T19:00:00+00:00,2026-07-07 03:00,2026-07-06T18:00:00+00:00,0-1,away,主让1.5,0.08,0.93,medium,fair,3,8,239,7,data_api_vwap_10m_pre_anchor,0,客让1.5(主受让1.5),0.27,0.74,high,high,4,9,37,1,data_api_vwap_3m_pre_anchor,0,主让2.5,0.018,0.983,fair,low,4,1,26,76,data_api_vwap_1h_pre_anchor,0,客让2.5(主受让2.5),0.11,0.9,medium,medium,4,7,247,67,data_api_vwap_10m_pre_anchor,0
665652,Argentina vs. Egypt,Argentina,Egypt,fifwc-arg-egy-2026-07-07,2026-07-07T16:00:00+00:00,2026-07-08 00:00,2026-07-07T15:00:00+00:00,3-2,home,主让1.5,0.48,0.53,high,high,66,3,2,62,data_api_vwap_3m_pre_anchor,0,客让1.5(主受让1.5),0.016,0.984,fair,medium,20,4,94,92,data_api_vwap_1h_pre_anchor,0,主让2.5,0.23999999,0.76391576,high,medium,6,5,41,205,data_api_vwap_3m_pre_anchor,0,客让2.5(主受让2.5),0.00305895,0.99710576,low,high,1,9,1358,4,data_api_last_trade_24h_pre_anchor,0
665660,Switzerland vs. Colombia,Switzerland,Colombia,fifwc-che-col-2026-07-07,2026-07-07T20:00:00+00:00,2026-07-08 04:00,2026-07-07T19:00:00+00:00,0-0,draw,主让1.5,0.1,0.91,high,high,6,3,2,151,data_api_vwap_3m_pre_anchor,0,客让1.5(主受让1.5),0.2,0.80949036,medium,high,18,3,77,14,data_api_vwap_10m_pre_anchor,0,主让2.5,0.023155,0.97704296,medium,medium,5,7,491,305,data_api_vwap_10m_pre_anchor,0,客让2.5(主受让2.5),0.07,0.94000676,medium,high,3,22,212,8,data_api_vwap_10m_pre_anchor,0
669233,France vs. Morocco,France,Morocco,fifwc-fra-mar-2026-07-09,2026-07-09T20:00:00+00:00,2026-07-10 04:00,2026-07-09T19:00:00+00:00,2-0,home,主让1.5,0.3475,0.655,high,high,4,3,7,2,data_api_vwap_3m_pre_anchor,1,客让1.5(主受让1.5),0.03970239,0.960788,fair,fair,17,24,65,154,data_api_vwap_1h_pre_anchor,0,主让2.5,0.14165725,0.86175169,medium,fair,5,27,41,317,data_api_vwap_10m_pre_anchor,0,客让2.5(主受让2.5),0.00799361,0.99299121,fair,fair,5,19,1513,1424,data_api_vwap_1h_pre_anchor,0
672628,Norway vs. England,Norway,England,fifwc-nor-eng-2026-07-11,2026-07-11T21:00:00+00:00,2026-07-12 05:00,2026-07-11T20:00:00+00:00,1-2,draw,主让1.5,0.0825,0.91750838,high,medium,9,5,17,127,data_api_vwap_3m_pre_anchor,0,客让1.5(主受让1.5),0.2875,0.715,high,high,4,15,91,64,data_api_vwap_3m_pre_anchor,0,主让2.5,0.02427489,0.981,fair,medium,6,3,194,193,data_api_vwap_1h_pre_anchor,0,客让2.5(主受让2.5),0.11504461,0.8875,medium,medium,4,25,82,127,data_api_vwap_10m_pre_anchor,0
676288,Spain vs. Belgium,Spain,Belgium,fifwc-esp-bel-2026-07-10,2026-07-10T19:00:00+00:00,2026-07-11 03:00,2026-07-10T18:00:00+00:00,2-1,home,主让1.5,0.34,0.66249999,high,high,17,15,2,22,data_api_vwap_3m_pre_anchor,0,客让1.5(主受让1.5),0.05149184,0.95001678,fair,fair,15,23,481,643,data_api_vwap_1h_pre_anchor,0,主让2.5,0.1651684,0.84,fair,medium,10,7,239,404,data_api_vwap_1h_pre_anchor,0,客让2.5(主受让2.5),0.01337403,0.98668312,fair,fair,31,35,382,250,data_api_vwap_1h_pre_anchor,0
679992,Argentina vs. Switzerland,Argentina,Switzerland,fifwc-arg-che-2026-07-11,2026-07-12T01:00:00+00:00,2026-07-12 09:00,2026-07-12T00:00:00+00:00,3-1,draw,主让1.5,0.3075,0.695,high,high,7,6,23,35,data_api_vwap_3m_pre_anchor,0,客让1.5(主受让1.5),0.04124334,0.95957374,medium,medium,15,4,32,410,data_api_vwap_10m_pre_anchor,0,主让2.5,0.12249999,0.87763558,medium,fair,6,38,20,158,data_api_vwap_10m_pre_anchor,0,客让2.5(主受让2.5),0.01,0.991,medium,medium,7,10,475,338,data_api_vwap_10m_pre_anchor,0
691040,France vs. Spain,France,Spain,fifwc-fra-esp-2026-07-14,2026-07-14T19:00:00+00:00,2026-07-15 03:00,2026-07-14T18:00:00+00:00,0-2,away,主让1.5,0.1824863,0.82,high,high,6,13,8,113,data_api_vwap_3m_pre_anchor,0,客让1.5(主受让1.5),0.125,0.8775,high,high,3,4,89,88,data_api_vwap_3m_pre_anchor,1,主让2.5,0.0575,0.94218804,medium,fair,8,11,106,1550,data_api_vwap_10m_pre_anchor,0,客让2.5(主受让2.5),0.03073066,0.96997266,fair,fair,15,9,115,344,data_api_vwap_1h_pre_anchor,0
694581,England vs. Argentina,England,Argentina,fifwc-eng-arg-2026-07-15,2026-07-15T19:00:00+00:00,2026-07-16 03:00,2026-07-15T18:00:00+00:00,1-2,away,主让1.5,0.14992554,0.85250821,high,high,5,9,1,76,data_api_vwap_3m_pre_anchor,0,客让1.5(主受让1.5),0.115,0.8834819,medium,fair,3,38,107,790,data_api_vwap_10m_pre_anchor,0,主让2.5,0.03531649,0.9650008,medium,medium,3,12,14,367,data_api_vwap_10m_pre_anchor,0,客让2.5(主受让2.5),0.0256554,0.97500523,medium,high,3,11,274,74,data_api_vwap_10m_pre_anchor,0
708596,France vs. England,France,England,fifwc-fra-eng-2026-07-18,2026-07-18T21:00:00+00:00,2026-07-19 05:00,2026-07-18T20:00:00+00:00,4-6,away,主让1.5,0.33,0.68,high,medium,5,4,24,95,data_api_vwap_3m_pre_anchor,0,客让1.5(主受让1.5),0.09970772,0.92,fair,medium,12,4,861,294,data_api_vwap_1h_pre_anchor,1,主让2.5,0.14609852,0.85,fair,medium,13,10,639,105,data_api_vwap_1h_pre_anchor,0,客让2.5(主受让2.5),0.03045506,0.97400495,fair,medium,8,6,269,230,data_api_vwap_1h_pre_anchor,0
708597,Spain vs. Argentina,Spain,Argentina,fifwc-esp-arg-2026-07-19,2026-07-19T19:00:00+00:00,2026-07-20 03:00,2026-07-19T18:00:00+00:00,1-0,draw,主让1.5,0.19749999,0.80064423,high,fair,4,27,26,167,data_api_vwap_3m_pre_anchor,0,客让1.5(主受让1.5),0.08490945,0.91502567,high,medium,8,13,36,48,data_api_vwap_3m_pre_anchor,0,主让2.5,0.0625,0.93750966,high,fair,3,11,84,713,data_api_vwap_3m_pre_anchor,0,客让2.5(主受让2.5),0.0217556,0.978,high,high,6,6,24,107,data_api_vwap_3m_pre_anchor,0
