event_id,title,home_team,away_team,event_slug,kickoff_utc,kickoff_beijing,target_pre1h_utc,raw_endDate,raw_startDate,home_price,draw_price,away_price,home_price_method,draw_price_method,away_price_method,home_price_quality,draw_price_quality,away_price_quality,home_trade_count,draw_trade_count,away_trade_count,home_trade_volume,draw_trade_volume,away_trade_volume,home_price_age_seconds,draw_price_age_seconds,away_price_age_seconds,home_price_point_utc,draw_price_point_utc,away_price_point_utc,home_window_start_utc,draw_window_start_utc,away_window_start_utc,home_odds,draw_odds,away_odds,home_prob_norm,draw_prob_norm,away_prob_norm,final_score,result_regular,match_ended,settled,home_country_code,home_country_zh,home_confederation,home_continent,home_fifa_ranking,home_is_host,away_country_code,away_country_zh,away_confederation,away_continent,away_fifa_ranking,away_is_host,same_confederation,same_continent,fifa_ranking_diff,match_number,stage,stage_order,competition_phase,group_code,stadium,host_city,is_elimination_match,group_matchday,favorite_side,favorite_prob_norm,underdog_prob_norm,home_away_prob_diff,top2_prob_gap,market_entropy,total_trade_count,total_trade_volume,quote_quality_min,home_rest_days,away_rest_days,home_matches_played_prior,away_matches_played_prior,rest_days_diff
351715,Mexico vs. South Africa,Mexico,South Africa,fifwc-mex-rsa-2026-06-11,2026-06-11T19:00:00+00:00,2026-06-12 03:00,2026-06-11T18:00:00+00:00,2026-06-11T19:00:00Z,2026-04-06T22:48:47.767995Z,0.6993359,0.20740121,0.10991214,data_api_vwap_3m_pre_anchor,data_api_vwap_3m_pre_anchor,data_api_vwap_3m_pre_anchor,high,high,high,73,24,22,8723.812751,2410.052357,3528.305431,3,12,8,2026-06-11T17:59:57+00:00,2026-06-11T17:59:48+00:00,2026-06-11T17:59:52+00:00,2026-06-11T17:57:00+00:00,2026-06-11T17:57:00+00:00,2026-06-11T17:57:00+00:00,1.4299,4.8216,9.0982,0.6879,0.204,0.1081,2-0,home,Y,Y,MEX,墨西哥,CONCACAF,North America,14,Y,RSA,南非,CAF,Africa,60,N,N,N,-46,1,group-stage,1,group,A,Estadio Azteca,mexico-city,N,1,home,0.6879,0.1081,0.5798,0.4839,1.1861,119,14662.1705,high,,,0,0,
351716,Korea Republic vs. Czechia,Korea Republic,Czechia,fifwc-kr-cze-2026-06-11,2026-06-12T02:00:00+00:00,2026-06-12 10:00,2026-06-12T01:00:00+00:00,2026-06-12T02:00:00Z,2026-04-06T22:29:59.762389Z,0.37951897,0.32,0.319737,data_api_vwap_3m_pre_anchor,data_api_vwap_3m_pre_anchor,data_api_vwap_3m_pre_anchor,high,high,high,58,19,14,8315.536766,5249.80875,4649.0825,0,6,0,2026-06-12T01:00:00+00:00,2026-06-12T00:59:54+00:00,2026-06-12T01:00:00+00:00,2026-06-12T00:57:00+00:00,2026-06-12T00:57:00+00:00,2026-06-12T00:57:00+00:00,2.6349,3.125,3.1276,0.3723,0.314,0.3137,2-1,home,Y,Y,KOR,韩国,AFC,Asia,25,N,CZE,捷克,UEFA,Europe,40,N,N,N,-15,2,group-stage,1,group,A,Estadio Akron,guadalajara,N,1,home,0.3723,0.3137,0.0586,0.0583,1.5801,91,18214.428,high,,,0,0,
351717,Canada vs. Bosnia-Herzegovina,Canada,Bosnia-Herzegovina,fifwc-can-bih-2026-06-12,2026-06-12T19:00:00+00:00,2026-06-13 03:00,2026-06-12T18:00:00+00:00,2026-06-12T19:00:00Z,2026-04-06T22:48:44.921385Z,0.5399709,0.27999102,0.2,data_api_vwap_3m_pre_anchor,data_api_vwap_3m_pre_anchor,data_api_vwap_3m_pre_anchor,high,high,high,80,18,24,9349.50026,1882.939977,3345.2,8,20,18,2026-06-12T17:59:52+00:00,2026-06-12T17:59:40+00:00,2026-06-12T17:59:42+00:00,2026-06-12T17:57:00+00:00,2026-06-12T17:57:00+00:00,2026-06-12T17:57:00+00:00,1.852,3.5715,5.0,0.5294,0.2745,0.1961,1-1,draw,Y,Y,CAN,加拿大,CONCACAF,North America,30,Y,BIH,波黑,UEFA,Europe,64,N,N,N,-34,3,group-stage,1,group,B,BMO Field,toronto,N,1,home,0.5294,0.1961,0.3333,0.2549,1.4586,122,14577.6402,high,,,0,0,
351718,United States vs. Paraguay,United States,Paraguay,fifwc-usa-par-2026-06-12,2026-06-13T01:00:00+00:00,2026-06-13 09:00,2026-06-13T00:00:00+00:00,2026-06-13T01:00:00Z,2026-04-06T22:27:03.503961Z,0.46960381,0.29999903,0.23717686,data_api_vwap_3m_pre_anchor,data_api_vwap_3m_pre_anchor,data_api_vwap_3m_pre_anchor,high,high,high,76,11,13,21743.607139,34493.82999,1121.659987,9,36,5,2026-06-12T23:59:51+00:00,2026-06-12T23:59:24+00:00,2026-06-12T23:59:55+00:00,2026-06-12T23:57:00+00:00,2026-06-12T23:57:00+00:00,2026-06-12T23:57:00+00:00,2.1295,3.3333,4.2163,0.4664,0.298,0.2356,4-1,home,Y,Y,USA,美国,CONCACAF,North America,17,Y,PAR,巴拉圭,CONMEBOL,South America,41,N,N,N,-24,4,group-stage,1,group,D,SoFi Stadium,los-angeles,N,1,home,0.4664,0.2356,0.2308,0.1684,1.5251,100,57359.0971,high,,,0,0,
351719,Qatar vs. Switzerland,Qatar,Switzerland,fifwc-qat-che-2026-06-13,2026-06-13T19:00:00+00:00,2026-06-14 03:00,2026-06-13T18:00:00+00:00,2026-06-13T19:00:00Z,2026-04-06T22:29:59.792044Z,0.06,0.12999998,0.8297304,data_api_vwap_3m_pre_anchor,data_api_vwap_3m_pre_anchor,data_api_vwap_3m_pre_anchor,high,high,high,17,4,53,2303.666648,215.38461,4482.285993,29,5,0,2026-06-13T17:59:31+00:00,2026-06-13T17:59:55+00:00,2026-06-13T18:00:00+00:00,2026-06-13T17:57:00+00:00,2026-06-13T17:57:00+00:00,2026-06-13T17:57:00+00:00,16.6667,7.6923,1.2052,0.0588,0.1275,0.8137,1-1,draw,Y,Y,QAT,卡塔尔,AFC,Asia,56,N,SUI,瑞士,UEFA,Europe,19,N,N,N,37,8,group-stage,1,group,B,Levi's Stadium,san-francisco,N,1,away,0.8137,0.0588,-0.7549,0.6862,0.8613,74,7001.3373,high,,,0,0,
351720,Brazil vs. Morocco,Brazil,Morocco,fifwc-bra-mar-2026-06-13,2026-06-13T22:00:00+00:00,2026-06-14 06:00,2026-06-13T21:00:00+00:00,2026-06-13T22:00:00Z,2026-04-06T22:27:04.628244Z,0.58994515,0.26,0.16994612,data_api_vwap_3m_pre_anchor,data_api_vwap_3m_pre_anchor,data_api_vwap_3m_pre_anchor,high,high,high,84,9,30,33442.412919,1918.807679,37117.758787,0,8,2,2026-06-13T21:00:00+00:00,2026-06-13T20:59:52+00:00,2026-06-13T20:59:58+00:00,2026-06-13T20:57:00+00:00,2026-06-13T20:57:00+00:00,2026-06-13T20:57:00+00:00,1.6951,3.8462,5.8842,0.5784,0.2549,0.1666,1-1,draw,Y,Y,BRA,巴西,CONMEBOL,South America,6,N,MAR,摩洛哥,CAF,Africa,7,N,N,N,-1,7,group-stage,1,group,C,MetLife Stadium,new-york,N,1,home,0.5784,0.1666,0.4118,0.3235,1.3903,123,72478.9794,high,,,0,0,
351721,Haiti vs. Scotland,Haiti,Scotland,fifwc-hai-sco-2026-06-13,2026-06-14T01:00:00+00:00,2026-06-14 09:00,2026-06-14T00:00:00+00:00,2026-06-14T01:00:00Z,2026-04-06T22:38:23.477997Z,0.16,0.20999998,0.62861562,data_api_vwap_3m_pre_anchor,data_api_vwap_3m_pre_anchor,data_api_vwap_3m_pre_anchor,high,high,high,6,211,55,769.805,8119.571055,11850.969138,20,41,9,2026-06-13T23:59:40+00:00,2026-06-13T23:59:19+00:00,2026-06-13T23:59:51+00:00,2026-06-13T23:57:00+00:00,2026-06-13T23:57:00+00:00,2026-06-13T23:57:00+00:00,6.25,4.7619,1.5908,0.1602,0.2103,0.6295,0-1,away,Y,Y,HTI,海地,CONCACAF,North America,83,N,SCO,苏格兰,UEFA,Europe,42,N,N,N,41,5,group-stage,1,group,C,Gillette Stadium,boston,N,1,away,0.6295,0.1602,-0.4693,0.4192,1.3167,272,20740.3452,high,,,0,0,
351722,Australia vs. Türkiye,Australia,Türkiye,fifwc-aus-tur-2026-06-14,2026-06-14T04:00:00+00:00,2026-06-14 12:00,2026-06-14T03:00:00+00:00,2026-06-14T04:00:00Z,2026-04-06T22:30:00.64125Z,0.18,0.25999999,0.56999411,data_api_vwap_3m_pre_anchor,data_api_vwap_3m_pre_anchor,data_api_vwap_3m_pre_anchor,high,high,high,22,9,83,8630.032199,697.76922,18999.006877,5,12,0,2026-06-14T02:59:55+00:00,2026-06-14T02:59:48+00:00,2026-06-14T03:00:00+00:00,2026-06-14T02:57:00+00:00,2026-06-14T02:57:00+00:00,2026-06-14T02:57:00+00:00,5.5556,3.8462,1.7544,0.1782,0.2574,0.5644,2-0,home,Y,Y,AUS,澳大利亚,AFC,Oceania,27,N,TUR,土耳其,UEFA,Europe,22,N,N,N,5,6,group-stage,1,group,D,BC Place,vancouver,N,1,away,0.5644,0.1782,-0.3862,0.307,1.4132,114,28326.8083,high,,,0,0,
351723,Germany vs. Curaçao,Germany,Curaçao,fifwc-ger-kor-2026-06-14,2026-06-14T17:00:00+00:00,2026-06-15 01:00,2026-06-14T16:00:00+00:00,2026-06-14T17:00:00Z,2026-04-06T22:52:30.908306Z,0.94638772,0.03624034,0.0238098,data_api_vwap_3m_pre_anchor,data_api_vwap_3m_pre_anchor,data_api_vwap_3m_pre_anchor,high,high,high,36,31,32,14210.328097,2378.30194,409825.751271,0,3,2,2026-06-14T16:00:00+00:00,2026-06-14T15:59:57+00:00,2026-06-14T15:59:58+00:00,2026-06-14T15:57:00+00:00,2026-06-14T15:57:00+00:00,2026-06-14T15:57:00+00:00,1.0566,27.5936,41.9995,0.9403,0.036,0.0237,7-1,home,Y,Y,GER,德国,UEFA,Europe,10,N,CUW,库拉索,CONCACAF,North America,82,N,N,N,-72,10,group-stage,1,group,E,NRG Stadium,houston,N,1,home,0.9403,0.0237,0.9166,0.9043,0.3841,99,426414.3813,high,,,0,0,
351724,Netherlands vs. Japan,Netherlands,Japan,fifwc-nld-jpn-2026-06-14,2026-06-14T20:00:00+00:00,2026-06-15 04:00,2026-06-14T19:00:00+00:00,2026-06-14T20:00:00Z,2026-04-06T22:46:26.529757Z,0.45989094,0.28973137,0.26919496,data_api_vwap_3m_pre_anchor,data_api_vwap_3m_pre_anchor,data_api_vwap_3m_pre_anchor,high,high,high,54,22,48,3520.152118,1153.648249,4236.838096,2,3,0,2026-06-14T18:59:58+00:00,2026-06-14T18:59:57+00:00,2026-06-14T19:00:00+00:00,2026-06-14T18:57:00+00:00,2026-06-14T18:57:00+00:00,2026-06-14T18:57:00+00:00,2.1744,3.4515,3.7148,0.4514,0.2844,0.2642,2-2,draw,Y,Y,NED,荷兰,UEFA,Europe,8,N,JPN,日本,AFC,Asia,18,N,N,N,-10,11,group-stage,1,group,F,AT&T Stadium,dallas,N,1,home,0.4514,0.2642,0.1872,0.167,1.5412,124,8910.6385,high,,,0,0,
351725,Côte d'Ivoire vs. Ecuador,Côte d'Ivoire,Ecuador,fifwc-civ-ecu-2026-06-14,2026-06-14T23:00:00+00:00,2026-06-15 07:00,2026-06-14T22:00:00+00:00,2026-06-14T23:00:00Z,2026-04-06T22:34:39.221031Z,0.27968717,0.33999492,0.38996844,data_api_vwap_3m_pre_anchor,data_api_vwap_3m_pre_anchor,data_api_vwap_3m_pre_anchor,high,high,high,103,176,688,25681.497023,12156.584658,74138.383644,0,0,0,2026-06-14T22:00:00+00:00,2026-06-14T22:00:00+00:00,2026-06-14T22:00:00+00:00,2026-06-14T21:57:00+00:00,2026-06-14T21:57:00+00:00,2026-06-14T21:57:00+00:00,3.5754,2.9412,2.5643,0.277,0.3367,0.3862,1-0,home,Y,Y,CIV,科特迪瓦,CAF,Africa,33,N,ECU,厄瓜多尔,CONMEBOL,South America,23,N,N,N,10,9,group-stage,1,group,E,Lincoln Financial Field,philadelphia,N,1,away,0.3862,0.277,-0.1092,0.0495,1.5719,967,111976.4653,high,,,0,0,
351726,Sweden vs. Tunisia,Sweden,Tunisia,fifwc-swe-tun-2026-06-14,2026-06-15T02:00:00+00:00,2026-06-15 10:00,2026-06-15T01:00:00+00:00,2026-06-15T02:00:00Z,2026-04-06T22:27:04.361232Z,0.50990365,0.28984964,0.2082783,data_api_vwap_3m_pre_anchor,data_api_vwap_3m_pre_anchor,data_api_vwap_3m_pre_anchor,high,high,high,91,13,14,27532.603206,458.269292,800.083318,0,2,3,2026-06-15T01:00:00+00:00,2026-06-15T00:59:58+00:00,2026-06-15T00:59:57+00:00,2026-06-15T00:57:00+00:00,2026-06-15T00:57:00+00:00,2026-06-15T00:57:00+00:00,1.9612,3.4501,4.8013,0.5058,0.2875,0.2066,5-1,home,Y,Y,SWE,瑞典,UEFA,Europe,38,N,TUN,突尼斯,CAF,Africa,45,N,N,N,-7,12,group-stage,1,group,F,Estadio BBVA,monterrey,N,1,home,0.5058,0.2066,0.2992,0.2183,1.4844,118,28790.9558,high,,,0,0,
351727,Spain vs. Cabo Verde,Spain,Cabo Verde,fifwc-esp-cvi-2026-06-15,2026-06-15T16:00:00+00:00,2026-06-16 00:00,2026-06-15T15:00:00+00:00,2026-06-15T16:00:00Z,2026-04-06T22:30:00.636492Z,0.92988194,0.05341091,0.02299767,data_api_vwap_3m_pre_anchor,data_api_vwap_3m_pre_anchor,data_api_vwap_3m_pre_anchor,high,high,high,44,4,19,14547.918075,225.328437,1825.109554,5,9,41,2026-06-15T14:59:55+00:00,2026-06-15T14:59:51+00:00,2026-06-15T14:59:19+00:00,2026-06-15T14:57:00+00:00,2026-06-15T14:57:00+00:00,2026-06-15T14:57:00+00:00,1.0754,18.7228,43.4827,0.9241,0.0531,0.0229,0-0,draw,Y,Y,ESP,西班牙,UEFA,Europe,2,N,CPV,佛得角,CAF,Africa,67,N,N,N,-65,14,group-stage,1,group,H,Mercedes-Benz Stadium,atlanta,N,1,home,0.9241,0.0229,0.9012,0.871,0.4549,67,16598.3561,high,,,0,0,
351728,Belgium vs. Egypt,Belgium,Egypt,fifwc-bel-egy-2026-06-15,2026-06-15T19:00:00+00:00,2026-06-16 03:00,2026-06-15T18:00:00+00:00,2026-06-15T19:00:00Z,2026-04-06T22:34:39.427606Z,0.63985643,0.23987147,0.14990654,data_api_vwap_3m_pre_anchor,data_api_vwap_3m_pre_anchor,data_api_vwap_3m_pre_anchor,high,high,high,182,47,65,35612.045,3112.239943,14017.066592,0,0,0,2026-06-15T18:00:00+00:00,2026-06-15T18:00:00+00:00,2026-06-15T18:00:00+00:00,2026-06-15T17:57:00+00:00,2026-06-15T17:57:00+00:00,2026-06-15T17:57:00+00:00,1.5629,4.1689,6.6708,0.6214,0.233,0.1456,1-1,draw,Y,Y,BEL,比利时,UEFA,Europe,9,N,EGY,埃及,CAF,Africa,29,N,N,N,-20,16,group-stage,1,group,G,Lumen Field,seattle,N,1,home,0.6214,0.1456,0.4758,0.3884,1.321,294,52741.3515,high,,,0,0,
351729,Saudi Arabia vs. Uruguay,Saudi Arabia,Uruguay,fifwc-ksa-ury-2026-06-15,2026-06-15T22:00:00+00:00,2026-06-16 06:00,2026-06-15T21:00:00+00:00,2026-06-15T22:00:00Z,2026-04-06T22:44:05.873415Z,0.11958025,0.21987539,0.67999578,data_api_vwap_3m_pre_anchor,data_api_vwap_3m_pre_anchor,data_api_vwap_3m_pre_anchor,high,high,high,77,42,86,9529.379917,7294.947215,174116.7034,2,2,0,2026-06-15T20:59:58+00:00,2026-06-15T20:59:58+00:00,2026-06-15T21:00:00+00:00,2026-06-15T20:57:00+00:00,2026-06-15T20:57:00+00:00,2026-06-15T20:57:00+00:00,8.3626,4.548,1.4706,0.1173,0.2157,0.667,1-1,draw,Y,Y,KSA,沙特阿拉伯,AFC,Asia,61,N,URU,乌拉圭,CONMEBOL,South America,16,N,N,N,45,13,group-stage,1,group,H,Hard Rock Stadium,miami,N,1,away,0.667,0.1173,-0.5497,0.4513,1.2297,205,190941.0305,high,,,0,0,
351730,IR Iran vs. New Zealand,IR Iran,New Zealand,fifwc-irn-nzl-2026-06-15,2026-06-16T01:00:00+00:00,2026-06-16 09:00,2026-06-16T00:00:00+00:00,2026-06-16T01:00:00Z,2026-04-06T22:38:23.66336Z,0.53843648,0.279708,0.19997873,data_api_vwap_3m_pre_anchor,data_api_vwap_3m_pre_anchor,data_api_vwap_3m_pre_anchor,high,high,high,43,15,19,1972.290678,2326.027129,4772.5,0,15,2,2026-06-16T00:00:00+00:00,2026-06-15T23:59:45+00:00,2026-06-15T23:59:58+00:00,2026-06-15T23:57:00+00:00,2026-06-15T23:57:00+00:00,2026-06-15T23:57:00+00:00,1.8572,3.5752,5.0005,0.5289,0.2747,0.1964,2-2,draw,Y,Y,IRN,伊朗,AFC,Asia,20,N,NZL,新西兰,OFC,Oceania,85,N,N,N,-65,15,group-stage,1,group,G,SoFi Stadium,los-angeles,N,1,home,0.5289,0.1964,0.3325,0.2542,1.4593,77,9070.8178,high,,,0,0,
351731,France vs. Senegal,France,Senegal,fifwc-fra-sen-2026-06-16,2026-06-16T19:00:00+00:00,2026-06-17 03:00,2026-06-16T18:00:00+00:00,2026-06-16T19:00:00Z,2026-04-06T22:32:24.186989Z,0.67999832,0.2195231,0.12832913,data_api_vwap_3m_pre_anchor,data_api_vwap_3m_pre_anchor,data_api_vwap_3m_pre_anchor,high,high,high,69,14,19,216450.539289,238.223618,3072.069203,4,79,7,2026-06-16T17:59:56+00:00,2026-06-16T17:58:41+00:00,2026-06-16T17:59:53+00:00,2026-06-16T17:57:00+00:00,2026-06-16T17:57:00+00:00,2026-06-16T17:57:00+00:00,1.4706,4.5553,7.7925,0.6616,0.2136,0.1249,3-1,home,Y,Y,FRA,法国,UEFA,Europe,3,N,SEN,塞内加尔,CAF,Africa,15,N,N,N,-12,17,group-stage,1,group,I,MetLife Stadium,new-york,N,1,home,0.6616,0.1249,0.5367,0.448,1.2448,102,219760.8321,high,,,0,0,
351732,Iraq vs. Norway,Iraq,Norway,fifwc-irq-nor-2026-06-16,2026-06-16T22:00:00+00:00,2026-06-17 06:00,2026-06-16T21:00:00+00:00,2026-06-16T22:00:00Z,2026-04-06T22:44:05.935885Z,0.06985663,0.1394089,0.80997597,data_api_vwap_3m_pre_anchor,data_api_vwap_3m_pre_anchor,data_api_vwap_3m_pre_anchor,high,high,high,28,33,54,8698.70997,5178.842826,4427.033234,26,10,4,2026-06-16T20:59:34+00:00,2026-06-16T20:59:50+00:00,2026-06-16T20:59:56+00:00,2026-06-16T20:57:00+00:00,2026-06-16T20:57:00+00:00,2026-06-16T20:57:00+00:00,14.315,7.1731,1.2346,0.0685,0.1368,0.7947,1-4,away,Y,Y,IRQ,伊拉克,AFC,Asia,57,N,NOR,挪威,UEFA,Europe,31,N,N,N,26,18,group-stage,1,group,I,Gillette Stadium,boston,N,1,away,0.7947,0.0685,-0.7262,0.6579,0.921,115,18304.586,high,,,0,0,
351733,Argentina vs. Algeria,Argentina,Algeria,fifwc-arg-alg-2026-06-16,2026-06-17T01:00:00+00:00,2026-06-17 09:00,2026-06-17T00:00:00+00:00,2026-06-17T01:00:00Z,2026-04-06T22:38:23.694511Z,0.64995007,0.22993061,0.12985702,data_api_vwap_3m_pre_anchor,data_api_vwap_3m_pre_anchor,data_api_vwap_3m_pre_anchor,high,high,high,111,58,23,13439.651355,3832.173449,2913.736892,1,4,4,2026-06-16T23:59:59+00:00,2026-06-16T23:59:56+00:00,2026-06-16T23:59:56+00:00,2026-06-16T23:57:00+00:00,2026-06-16T23:57:00+00:00,2026-06-16T23:57:00+00:00,1.5386,4.3491,7.7008,0.6437,0.2277,0.1286,3-0,home,Y,Y,ARG,阿根廷,CONMEBOL,South America,1,N,ALG,阿尔及利亚,CAF,Africa,28,N,N,N,-27,19,group-stage,1,group,J,Arrowhead Stadium,kansas-city,N,1,home,0.6437,0.1286,0.5151,0.416,1.2757,192,20185.5617,high,,,0,0,
351734,Austria vs. Jordan,Austria,Jordan,fifwc-aut-jor-2026-06-17,2026-06-17T04:00:00+00:00,2026-06-17 12:00,2026-06-17T03:00:00+00:00,2026-06-17T04:00:00Z,2026-04-06T22:46:26.949295Z,0.69995192,0.19533409,0.11060088,data_api_vwap_3m_pre_anchor,data_api_vwap_3m_pre_anchor,data_api_vwap_3m_pre_anchor,high,high,high,68,29,13,20378.712759,2736.23,2210.629687,2,2,0,2026-06-17T02:59:58+00:00,2026-06-17T02:59:58+00:00,2026-06-17T03:00:00+00:00,2026-06-17T02:57:00+00:00,2026-06-17T02:57:00+00:00,2026-06-17T02:57:00+00:00,1.4287,5.1194,9.0415,0.6959,0.1942,0.11,3-1,home,Y,Y,AUT,奥地利,UEFA,Europe,24,N,JOR,约旦,AFC,Asia,63,N,N,N,-39,20,group-stage,1,group,J,Levi's Stadium,san-francisco,N,1,home,0.6959,0.11,0.5859,0.5017,1.1734,110,25325.5724,high,,,0,0,
351735,Portugal vs. DR Congo,Portugal,DR Congo,fifwc-prt-cdr-2026-06-17,2026-06-17T17:00:00+00:00,2026-06-18 01:00,2026-06-17T16:00:00+00:00,2026-06-17T17:00:00Z,2026-04-06T22:32:24.181937Z,0.76994909,0.16998815,0.08,data_api_vwap_3m_pre_anchor,data_api_vwap_3m_pre_anchor,data_api_vwap_3m_pre_anchor,high,high,high,91,21,10,7349.915763,4685.902911,743.0,1,4,37,2026-06-17T15:59:59+00:00,2026-06-17T15:59:56+00:00,2026-06-17T15:59:23+00:00,2026-06-17T15:57:00+00:00,2026-06-17T15:57:00+00:00,2026-06-17T15:57:00+00:00,1.2988,5.8828,12.5,0.7549,0.1667,0.0784,1-1,draw,Y,Y,POR,葡萄牙,UEFA,Europe,5,N,COD,刚果民主共和国,CAF,Africa,46,N,N,N,-41,23,group-stage,1,group,K,NRG Stadium,houston,N,1,home,0.7549,0.0784,0.6765,0.5882,1.025,122,12778.8187,high,,,0,0,
351736,England vs. Croatia,England,Croatia,fifwc-eng-hrv-2026-06-17,2026-06-17T20:00:00+00:00,2026-06-18 04:00,2026-06-17T19:00:00+00:00,2026-06-17T20:00:00Z,2026-04-06T22:26:59.112345Z,0.57993671,0.25999999,0.17999182,data_api_vwap_3m_pre_anchor,data_api_vwap_3m_pre_anchor,data_api_vwap_3m_pre_anchor,high,high,high,74,37,151,14689.280236,2146.185333,17036.121074,1,2,1,2026-06-17T18:59:59+00:00,2026-06-17T18:59:58+00:00,2026-06-17T18:59:59+00:00,2026-06-17T18:57:00+00:00,2026-06-17T18:57:00+00:00,2026-06-17T18:57:00+00:00,1.7243,3.8462,5.5558,0.5686,0.2549,0.1765,4-2,home,Y,Y,ENG,英格兰,UEFA,Europe,4,N,HRV,克罗地亚,UEFA,Europe,11,N,Y,Y,-7,22,group-stage,1,group,L,AT&T Stadium,dallas,N,1,home,0.5686,0.1765,0.3921,0.3137,1.4074,262,33871.5866,high,,,0,0,
351737,Ghana vs. Panama,Ghana,Panama,fifwc-gha-pan-2026-06-17,2026-06-17T23:00:00+00:00,2026-06-18 07:00,2026-06-17T22:00:00+00:00,2026-06-17T23:00:00Z,2026-04-06T22:29:56.521665Z,0.40952902,0.30994844,0.2997464,data_api_vwap_3m_pre_anchor,data_api_vwap_3m_pre_anchor,data_api_vwap_3m_pre_anchor,high,high,high,73,62,132,23079.645029,12282.021579,12092.156639,1,1,1,2026-06-17T21:59:59+00:00,2026-06-17T21:59:59+00:00,2026-06-17T21:59:59+00:00,2026-06-17T21:57:00+00:00,2026-06-17T21:57:00+00:00,2026-06-17T21:57:00+00:00,2.4418,3.2263,3.3362,0.4018,0.3041,0.2941,1-0,home,Y,Y,GHA,加纳,CAF,Africa,73,N,PAN,巴拿马,CONCACAF,North America,34,N,N,N,39,21,group-stage,1,group,L,BMO Field,toronto,N,1,home,0.4018,0.2941,0.1077,0.0977,1.5701,267,47453.8232,high,,,0,0,
351738,Uzbekistan vs. Colombia,Uzbekistan,Colombia,fifwc-uzb-col-2026-06-17,2026-06-18T02:00:00+00:00,2026-06-18 10:00,2026-06-18T01:00:00+00:00,2026-06-18T02:00:00Z,2026-04-06T22:46:21.802577Z,0.09520719,0.2,0.71647296,data_api_vwap_3m_pre_anchor,data_api_vwap_3m_pre_anchor,data_api_vwap_3m_pre_anchor,high,high,high,17,16,53,2114.0,572.61,6172.375457,13,2,4,2026-06-18T00:59:47+00:00,2026-06-18T00:59:58+00:00,2026-06-18T00:59:56+00:00,2026-06-18T00:57:00+00:00,2026-06-18T00:57:00+00:00,2026-06-18T00:57:00+00:00,10.5034,5.0,1.3957,0.0941,0.1977,0.7082,1-3,away,Y,Y,UZB,乌兹别克斯坦,AFC,Asia,50,N,COL,哥伦比亚,CONMEBOL,South America,13,N,N,N,37,24,group-stage,1,group,K,Estadio Azteca,mexico-city,N,1,away,0.7082,0.0941,-0.6141,0.5105,1.1357,86,8858.9855,high,,,0,0,
351739,Czechia vs. South Africa,Czechia,South Africa,fifwc-cze-rsa-2026-06-18,2026-06-18T16:00:00+00:00,2026-06-19 00:00,2026-06-18T15:00:00+00:00,2026-06-18T16:00:00Z,2026-04-06T22:44:01.187797Z,0.53944285,0.26999349,0.20859309,data_api_vwap_3m_pre_anchor,data_api_vwap_3m_pre_anchor,data_api_vwap_3m_pre_anchor,high,high,high,230,39,28,18029.469519,32552.434405,1919.099995,1,5,4,2026-06-18T14:59:59+00:00,2026-06-18T14:59:55+00:00,2026-06-18T14:59:56+00:00,2026-06-18T14:57:00+00:00,2026-06-18T14:57:00+00:00,2026-06-18T14:57:00+00:00,1.8538,3.7038,4.794,0.5299,0.2652,0.2049,1-1,draw,Y,Y,CZE,捷克,UEFA,Europe,40,N,RSA,南非,CAF,Africa,60,N,N,N,-20,25,group-stage,1,group,A,Mercedes-Benz Stadium,atlanta,N,2,home,0.5299,0.2049,0.325,0.2647,1.4619,297,52501.0039,high,6.58,6.88,1,1,-0.3
351740,Switzerland vs. Bosnia-Herzegovina,Switzerland,Bosnia-Herzegovina,fifwc-che-bih-2026-06-18,2026-06-18T19:00:00+00:00,2026-06-19 03:00,2026-06-18T18:00:00+00:00,2026-06-18T19:00:00Z,2026-04-06T22:29:56.518735Z,0.62973089,0.23959973,0.14991353,data_api_vwap_3m_pre_anchor,data_api_vwap_3m_pre_anchor,data_api_vwap_3m_pre_anchor,high,high,high,91,33,29,9317.666031,2081.653297,3738.876634,1,1,1,2026-06-18T17:59:59+00:00,2026-06-18T17:59:59+00:00,2026-06-18T17:59:59+00:00,2026-06-18T17:57:00+00:00,2026-06-18T17:57:00+00:00,2026-06-18T17:57:00+00:00,1.588,4.1736,6.6705,0.6178,0.2351,0.1471,4-1,home,Y,Y,SUI,瑞士,UEFA,Europe,19,N,BIH,波黑,UEFA,Europe,64,N,Y,Y,-45,26,group-stage,1,group,B,SoFi Stadium,los-angeles,N,2,home,0.6178,0.1471,0.4707,0.3827,1.327,153,15138.196,high,5.0,6.0,1,1,-1.0
351741,Canada vs. Qatar,Canada,Qatar,fifwc-can-qat-2026-06-18,2026-06-18T22:00:00+00:00,2026-06-19 06:00,2026-06-18T21:00:00+00:00,2026-06-18T22:00:00Z,2026-04-06T22:44:01.402269Z,0.75955023,0.16998876,0.08999999,data_api_vwap_3m_pre_anchor,data_api_vwap_3m_pre_anchor,data_api_vwap_3m_pre_anchor,high,high,high,81,38,30,12521.85351,17629.187589,4332.54552,2,1,4,2026-06-18T20:59:58+00:00,2026-06-18T20:59:59+00:00,2026-06-18T20:59:56+00:00,2026-06-18T20:57:00+00:00,2026-06-18T20:57:00+00:00,2026-06-18T20:57:00+00:00,1.3166,5.8827,11.1111,0.745,0.1667,0.0883,6-0,home,Y,Y,CAN,加拿大,CONCACAF,North America,30,Y,QAT,卡塔尔,AFC,Asia,56,N,N,N,-26,27,group-stage,1,group,B,BC Place,vancouver,N,2,home,0.745,0.0883,0.6567,0.5783,1.0564,149,34483.5866,high,6.12,5.12,1,1,1.0
351742,Mexico vs. Korea Republic,Mexico,Korea Republic,fifwc-mex-kr-2026-06-18,2026-06-19T01:00:00+00:00,2026-06-19 09:00,2026-06-19T00:00:00+00:00,2026-06-19T01:00:00Z,2026-04-06T22:26:59.067661Z,0.47995516,0.29999732,0.2399876,data_api_vwap_3m_pre_anchor,data_api_vwap_3m_pre_anchor,data_api_vwap_3m_pre_anchor,high,high,high,337,20,124,46829.197466,37367.166641,52356.674969,1,2,1,2026-06-18T23:59:59+00:00,2026-06-18T23:59:58+00:00,2026-06-18T23:59:59+00:00,2026-06-18T23:57:00+00:00,2026-06-18T23:57:00+00:00,2026-06-18T23:57:00+00:00,2.0835,3.3334,4.1669,0.4706,0.2941,0.2353,1-0,home,Y,Y,MEX,墨西哥,CONCACAF,North America,14,Y,KOR,韩国,AFC,Asia,25,N,N,N,-11,28,group-stage,1,group,A,Estadio Akron,guadalajara,N,2,home,0.4706,0.2353,0.2353,0.1765,1.5222,481,136553.0391,high,7.25,6.96,1,1,0.29
351743,United States vs. Australia,United States,Australia,fifwc-usa-aus-2026-06-19,2026-06-19T19:00:00+00:00,2026-06-20 03:00,2026-06-19T18:00:00+00:00,2026-06-19T19:00:00Z,2026-04-06T22:29:35.086944Z,0.59788306,0.22842892,0.18995699,data_api_vwap_3m_pre_anchor,data_api_vwap_3m_pre_anchor,data_api_vwap_3m_pre_anchor,high,high,high,91,19,18,6576.343257,531.296075,5003.724194,1,37,22,2026-06-19T17:59:59+00:00,2026-06-19T17:59:23+00:00,2026-06-19T17:59:38+00:00,2026-06-19T17:57:00+00:00,2026-06-19T17:57:00+00:00,2026-06-19T17:57:00+00:00,1.6726,4.3777,5.2643,0.5883,0.2248,0.1869,2-0,home,Y,Y,USA,美国,CONCACAF,North America,17,Y,AUS,澳大利亚,AFC,Oceania,27,N,N,N,-10,32,group-stage,1,group,D,Lumen Field,seattle,N,2,home,0.5883,0.1869,0.4014,0.3635,1.3866,128,12111.3635,high,6.75,5.62,1,1,1.13
351744,Scotland vs. Morocco,Scotland,Morocco,fifwc-sco-mar-2026-06-19,2026-06-19T22:00:00+00:00,2026-06-20 06:00,2026-06-19T21:00:00+00:00,2026-06-19T22:00:00Z,2026-04-06T22:29:55.016266Z,0.16,0.26993709,0.59996464,data_api_vwap_3m_pre_anchor,data_api_vwap_3m_pre_anchor,data_api_vwap_3m_pre_anchor,high,high,high,10,15,72,928.6875,4708.249611,35028.533258,4,13,8,2026-06-19T20:59:56+00:00,2026-06-19T20:59:47+00:00,2026-06-19T20:59:52+00:00,2026-06-19T20:57:00+00:00,2026-06-19T20:57:00+00:00,2026-06-19T20:57:00+00:00,6.25,3.7046,1.6668,0.1554,0.2621,0.5825,0-1,away,Y,Y,SCO,苏格兰,UEFA,Europe,42,N,MAR,摩洛哥,CAF,Africa,7,N,N,N,35,30,group-stage,1,group,C,Gillette Stadium,boston,N,2,away,0.5825,0.1554,-0.4271,0.3204,1.3779,97,40665.4704,high,5.88,6.0,1,1,-0.12
351745,Brazil vs. Haiti,Brazil,Haiti,fifwc-bra-hai-2026-06-19,2026-06-20T00:30:00+00:00,2026-06-20 08:30,2026-06-19T23:30:00+00:00,2026-06-20T00:30:00Z,2026-04-06T22:31:24.681461Z,0.88975597,0.07825155,0.04291248,data_api_vwap_3m_pre_anchor,data_api_vwap_3m_pre_anchor,data_api_vwap_3m_pre_anchor,high,high,high,17,4,6,3531.068274,100.636452,857.009063,16,14,23,2026-06-19T23:29:44+00:00,2026-06-19T23:29:46+00:00,2026-06-19T23:29:37+00:00,2026-06-19T23:27:00+00:00,2026-06-19T23:27:00+00:00,2026-06-19T23:27:00+00:00,1.1239,12.7793,23.3032,0.8801,0.0774,0.0424,3-0,home,Y,Y,BRA,巴西,CONMEBOL,South America,6,N,HTI,海地,CONCACAF,North America,83,N,N,N,-77,29,group-stage,1,group,C,Lincoln Financial Field,philadelphia,N,2,home,0.8801,0.0424,0.8377,0.8027,0.6412,27,4488.7138,high,6.1,5.98,1,1,0.12
351746,Türkiye vs. Paraguay,Türkiye,Paraguay,fifwc-tur-par-2026-06-19,2026-06-20T03:00:00+00:00,2026-06-20 11:00,2026-06-20T02:00:00+00:00,2026-06-20T03:00:00Z,2026-04-06T22:25:06.577999Z,0.48087762,0.28999998,0.23982599,data_api_vwap_3m_pre_anchor,data_api_vwap_3m_pre_anchor,data_api_vwap_3m_pre_anchor,high,high,high,70,9,19,115457.308188,301.724123,2394.188312,2,44,5,2026-06-20T01:59:58+00:00,2026-06-20T01:59:16+00:00,2026-06-20T01:59:55+00:00,2026-06-20T01:57:00+00:00,2026-06-20T01:57:00+00:00,2026-06-20T01:57:00+00:00,2.0795,3.4483,4.1697,0.4758,0.2869,0.2373,0-1,away,Y,Y,TUR,土耳其,UEFA,Europe,22,N,PAR,巴拉圭,CONMEBOL,South America,41,N,N,N,-19,31,group-stage,1,group,D,Levi's Stadium,san-francisco,N,2,home,0.4758,0.2373,0.2385,0.1889,1.5191,98,118153.2206,high,5.96,7.08,1,1,-1.12
351747,Netherlands vs. Sweden,Netherlands,Sweden,fifwc-nld-swe-2026-06-20,2026-06-20T17:00:00+00:00,2026-06-21 01:00,2026-06-20T16:00:00+00:00,2026-06-20T17:00:00Z,2026-04-06T22:46:09.675871Z,0.57985081,0.24,0.20998599,data_api_vwap_3m_pre_anchor,data_api_vwap_3m_pre_anchor,data_api_vwap_3m_pre_anchor,high,high,high,70,46,23,5501.024709,2700.968308,2034.965213,1,2,17,2026-06-20T15:59:59+00:00,2026-06-20T15:59:58+00:00,2026-06-20T15:59:43+00:00,2026-06-20T15:57:00+00:00,2026-06-20T15:57:00+00:00,2026-06-20T15:57:00+00:00,1.7246,4.1667,4.7622,0.5631,0.233,0.2039,5-1,home,Y,Y,NED,荷兰,UEFA,Europe,8,N,SWE,瑞典,UEFA,Europe,38,N,Y,Y,-30,35,group-stage,1,group,F,NRG Stadium,houston,N,2,home,0.5631,0.2039,0.3592,0.3301,1.424,139,10236.9582,high,5.88,5.62,1,1,0.26
351748,Germany vs. Côte d'Ivoire,Germany,Côte d'Ivoire,fifwc-ger-civ-2026-06-20,2026-06-20T20:00:00+00:00,2026-06-21 04:00,2026-06-20T19:00:00+00:00,2026-06-20T20:00:00Z,2026-04-06T22:28:52.746942Z,0.68979326,0.19055454,0.12162451,data_api_vwap_3m_pre_anchor,data_api_vwap_3m_pre_anchor,data_api_vwap_3m_pre_anchor,high,high,high,203,89,67,89167.578789,4530.676193,20416.482988,1,8,14,2026-06-20T18:59:59+00:00,2026-06-20T18:59:52+00:00,2026-06-20T18:59:46+00:00,2026-06-20T18:57:00+00:00,2026-06-20T18:57:00+00:00,2026-06-20T18:57:00+00:00,1.4497,5.2478,8.222,0.6884,0.1902,0.1214,2-1,home,Y,Y,GER,德国,UEFA,Europe,10,N,CIV,科特迪瓦,CAF,Africa,33,N,N,N,-23,33,group-stage,1,group,E,BMO Field,toronto,N,2,home,0.6884,0.1214,0.567,0.4982,1.1956,359,114114.738,high,6.12,5.88,1,1,0.24
351749,Ecuador vs. Curaçao,Ecuador,Curaçao,fifwc-ecu-kor-2026-06-20,2026-06-21T00:00:00+00:00,2026-06-21 08:00,2026-06-20T23:00:00+00:00,2026-06-21T00:00:00Z,2026-04-06T22:35:58.695764Z,0.84999177,0.10999999,0.05596804,data_api_vwap_3m_pre_anchor,data_api_vwap_3m_pre_anchor,data_api_vwap_3m_pre_anchor,high,high,high,110,19,23,14512.337513,1310.545434,3352.844256,2,8,13,2026-06-20T22:59:58+00:00,2026-06-20T22:59:52+00:00,2026-06-20T22:59:47+00:00,2026-06-20T22:57:00+00:00,2026-06-20T22:57:00+00:00,2026-06-20T22:57:00+00:00,1.1765,9.0909,17.8673,0.8366,0.1083,0.0551,0-0,draw,Y,Y,ECU,厄瓜多尔,CONMEBOL,South America,23,N,CUW,库拉索,CONCACAF,North America,82,N,N,N,-59,34,group-stage,1,group,E,Arrowhead Stadium,kansas-city,N,2,home,0.8366,0.0551,0.7815,0.7283,0.7931,152,19175.7272,high,6.04,6.29,1,1,-0.25
351750,Tunisia vs. Japan,Tunisia,Japan,fifwc-tun-jpn-2026-06-21,2026-06-21T04:00:00+00:00,2026-06-21 12:00,2026-06-21T03:00:00+00:00,2026-06-21T04:00:00Z,2026-04-06T22:40:43.476465Z,0.1099406,0.20996956,0.69317065,data_api_vwap_3m_pre_anchor,data_api_vwap_3m_pre_anchor,data_api_vwap_3m_pre_anchor,high,high,high,15,10,103,1010.267254,1140.184275,35023.302772,7,7,1,2026-06-21T02:59:53+00:00,2026-06-21T02:59:53+00:00,2026-06-21T02:59:59+00:00,2026-06-21T02:57:00+00:00,2026-06-21T02:57:00+00:00,2026-06-21T02:57:00+00:00,9.0958,4.7626,1.4426,0.1085,0.2073,0.6842,0-4,away,Y,Y,TUN,突尼斯,CAF,Africa,45,N,JPN,日本,AFC,Asia,18,N,N,N,27,36,group-stage,1,group,F,Estadio BBVA,monterrey,N,2,away,0.6842,0.1085,-0.5757,0.4769,1.1929,128,37173.7543,high,6.08,6.33,1,1,-0.25
351751,Spain vs. Saudi Arabia,Spain,Saudi Arabia,fifwc-esp-ksa-2026-06-21,2026-06-21T16:00:00+00:00,2026-06-22 00:00,2026-06-21T15:00:00+00:00,2026-06-21T16:00:00Z,2026-04-06T22:56:11.195123Z,0.89998002,0.08,0.037,data_api_vwap_3m_pre_anchor,data_api_vwap_3m_pre_anchor,data_api_vwap_3m_pre_anchor,high,high,high,34,38,22,5505.83323,4069.375,3306.081062,1,10,1,2026-06-21T14:59:59+00:00,2026-06-21T14:59:50+00:00,2026-06-21T14:59:59+00:00,2026-06-21T14:57:00+00:00,2026-06-21T14:57:00+00:00,2026-06-21T14:57:00+00:00,1.1111,12.5,27.027,0.885,0.0787,0.0364,4-0,home,Y,Y,ESP,西班牙,UEFA,Europe,2,N,KSA,沙特阿拉伯,AFC,Asia,61,N,N,N,-59,38,group-stage,1,group,H,Mercedes-Benz Stadium,atlanta,N,2,home,0.885,0.0364,0.8486,0.8063,0.6186,94,12881.2893,high,6.0,5.75,1,1,0.25
351752,Belgium vs. IR Iran,Belgium,IR Iran,fifwc-bel-irn-2026-06-21,2026-06-21T19:00:00+00:00,2026-06-22 03:00,2026-06-21T18:00:00+00:00,2026-06-21T19:00:00Z,2026-04-06T22:34:48.631533Z,0.69978631,0.19987881,0.11,data_api_vwap_3m_pre_anchor,data_api_vwap_3m_pre_anchor,data_api_vwap_3m_pre_anchor,high,high,high,65,13,30,5552.054183,4125.6,41108.727245,1,13,5,2026-06-21T17:59:59+00:00,2026-06-21T17:59:47+00:00,2026-06-21T17:59:55+00:00,2026-06-21T17:57:00+00:00,2026-06-21T17:57:00+00:00,2026-06-21T17:57:00+00:00,1.429,5.003,9.0909,0.6931,0.198,0.1089,0-0,draw,Y,Y,BEL,比利时,UEFA,Europe,9,N,IRN,伊朗,AFC,Asia,20,N,N,N,-11,39,group-stage,1,group,G,SoFi Stadium,los-angeles,N,2,home,0.6931,0.1089,0.5842,0.4951,1.1775,108,50786.3814,high,6.0,5.75,1,1,0.25
351753,Uruguay vs. Cabo Verde,Uruguay,Cabo Verde,fifwc-ury-cvi-2026-06-21,2026-06-21T22:00:00+00:00,2026-06-22 06:00,2026-06-21T21:00:00+00:00,2026-06-21T22:00:00Z,2026-04-06T22:54:29.030304Z,0.69995305,0.21999999,0.1,data_api_vwap_3m_pre_anchor,data_api_vwap_3m_pre_anchor,data_api_vwap_3m_pre_anchor,high,high,high,39,13,4,7711.829937,924.66453,884.9,7,32,22,2026-06-21T20:59:53+00:00,2026-06-21T20:59:28+00:00,2026-06-21T20:59:38+00:00,2026-06-21T20:57:00+00:00,2026-06-21T20:57:00+00:00,2026-06-21T20:57:00+00:00,1.4287,4.5455,10.0,0.6863,0.2157,0.098,2-2,draw,Y,Y,URU,乌拉圭,CONMEBOL,South America,16,N,CPV,佛得角,CAF,Africa,67,N,N,N,-51,37,group-stage,1,group,H,Hard Rock Stadium,miami,N,2,home,0.6863,0.098,0.5883,0.4706,1.1785,56,9521.3945,high,6.0,6.25,1,1,-0.25
351754,New Zealand vs. Egypt,New Zealand,Egypt,fifwc-nzl-egy-2026-06-21,2026-06-22T01:00:00+00:00,2026-06-22 09:00,2026-06-22T00:00:00+00:00,2026-06-22T01:00:00Z,2026-04-06T22:49:53.10865Z,0.1597273,0.23999999,0.619994,data_api_vwap_3m_pre_anchor,data_api_vwap_3m_pre_anchor,data_api_vwap_3m_pre_anchor,high,high,high,10,11,20,229.1875,305.958324,2685.222876,16,4,5,2026-06-21T23:59:44+00:00,2026-06-21T23:59:56+00:00,2026-06-21T23:59:55+00:00,2026-06-21T23:57:00+00:00,2026-06-21T23:57:00+00:00,2026-06-21T23:57:00+00:00,6.2607,4.1667,1.6129,0.1566,0.2354,0.608,1-3,away,Y,Y,NZL,新西兰,OFC,Oceania,85,N,EGY,埃及,CAF,Africa,29,N,N,N,56,40,group-stage,1,group,G,BC Place,vancouver,N,2,away,0.608,0.1566,-0.4514,0.3726,1.3466,41,3220.3687,high,6.0,6.25,1,1,-0.25
351755,Argentina vs. Austria,Argentina,Austria,fifwc-arg-aut-2026-06-22,2026-06-22T17:00:00+00:00,2026-06-23 01:00,2026-06-22T16:00:00+00:00,2026-06-22T17:00:00Z,2026-04-06T22:53:11.310543Z,0.6799327,0.21826742,0.12,data_api_vwap_3m_pre_anchor,data_api_vwap_3m_pre_anchor,data_api_vwap_3m_pre_anchor,high,high,high,103,23,22,24561.059835,2120.314518,9544.256653,1,2,7,2026-06-22T15:59:59+00:00,2026-06-22T15:59:58+00:00,2026-06-22T15:59:53+00:00,2026-06-22T15:57:00+00:00,2026-06-22T15:57:00+00:00,2026-06-22T15:57:00+00:00,1.4707,4.5815,8.3333,0.6678,0.2144,0.1179,2-0,home,Y,Y,ARG,阿根廷,CONMEBOL,South America,1,N,AUT,奥地利,UEFA,Europe,24,N,N,N,-23,43,group-stage,1,group,J,AT&T Stadium,dallas,N,2,home,0.6678,0.1179,0.5499,0.4534,1.229,148,36225.631,high,5.67,5.54,1,1,0.13
351756,France vs. Iraq,France,Iraq,fifwc-fra-irq-2026-06-22,2026-06-22T21:00:00+00:00,2026-06-23 05:00,2026-06-22T20:00:00+00:00,2026-06-22T21:00:00Z,2026-04-06T22:37:01.118515Z,0.91999236,0.06999998,0.02269629,data_api_vwap_3m_pre_anchor,data_api_vwap_3m_pre_anchor,data_api_vwap_3m_pre_anchor,high,high,high,42,7,10,40285.261557,282.714275,2789.928691,1,8,2,2026-06-22T19:59:59+00:00,2026-06-22T19:59:52+00:00,2026-06-22T19:59:58+00:00,2026-06-22T19:57:00+00:00,2026-06-22T19:57:00+00:00,2026-06-22T19:57:00+00:00,1.087,14.2857,44.0601,0.9085,0.0691,0.0224,3-0,home,Y,Y,FRA,法国,UEFA,Europe,3,N,IRQ,伊拉克,AFC,Asia,57,N,N,N,-54,42,group-stage,1,group,I,Lincoln Financial Field,philadelphia,N,2,home,0.9085,0.0224,0.8861,0.8394,0.5149,59,43357.9045,high,6.08,5.96,1,1,0.12
351757,Norway vs. Senegal,Norway,Senegal,fifwc-nor-sen-2026-06-22,2026-06-23T00:00:00+00:00,2026-06-23 08:00,2026-06-22T23:00:00+00:00,2026-06-23T00:00:00Z,2026-04-06T22:34:26.592633Z,0.41997723,0.29,0.31961768,data_api_vwap_3m_pre_anchor,data_api_vwap_3m_pre_anchor,data_api_vwap_3m_pre_anchor,high,high,high,37,13,10,3241.715672,1716.551705,1230.13125,1,40,25,2026-06-22T22:59:59+00:00,2026-06-22T22:59:20+00:00,2026-06-22T22:59:35+00:00,2026-06-22T22:57:00+00:00,2026-06-22T22:57:00+00:00,2026-06-22T22:57:00+00:00,2.3811,3.4483,3.1287,0.4079,0.2817,0.3104,3-2,home,Y,Y,NOR,挪威,UEFA,Europe,31,N,SEN,塞内加尔,CAF,Africa,15,N,N,N,16,41,group-stage,1,group,I,MetLife Stadium,new-york,N,2,home,0.4079,0.2817,0.0975,0.0975,1.5665,60,6188.3986,high,6.08,6.21,1,1,-0.13
351758,Jordan vs. Algeria,Jordan,Algeria,fifwc-jor-alg-2026-06-22,2026-06-23T03:00:00+00:00,2026-06-23 11:00,2026-06-23T02:00:00+00:00,2026-06-23T03:00:00Z,2026-04-06T22:33:12.079669Z,0.14,0.2241228,0.64997884,data_api_vwap_3m_pre_anchor,data_api_vwap_3m_pre_anchor,data_api_vwap_3m_pre_anchor,high,high,high,19,22,36,2477.80855,5006.093019,3308.194552,10,13,1,2026-06-23T01:59:50+00:00,2026-06-23T01:59:47+00:00,2026-06-23T01:59:59+00:00,2026-06-23T01:57:00+00:00,2026-06-23T01:57:00+00:00,2026-06-23T01:57:00+00:00,7.1429,4.4618,1.5385,0.1381,0.221,0.6409,1-2,away,Y,Y,JOR,约旦,AFC,Asia,63,N,ALG,阿尔及利亚,CAF,Africa,28,N,N,N,35,44,group-stage,1,group,J,Levi's Stadium,san-francisco,N,2,away,0.6409,0.1381,-0.5028,0.4199,1.2871,77,10792.0961,high,5.96,6.08,1,1,-0.12
351759,Portugal vs. Uzbekistan,Portugal,Uzbekistan,fifwc-prt-uzb-2026-06-23,2026-06-23T17:00:00+00:00,2026-06-24 01:00,2026-06-23T16:00:00+00:00,2026-06-23T17:00:00Z,2026-04-06T22:53:40.238439Z,0.85993709,0.10998756,0.05,data_api_vwap_3m_pre_anchor,data_api_vwap_3m_pre_anchor,data_api_vwap_3m_pre_anchor,high,high,high,55,14,15,6639.339542,9969.945435,58998.0,1,5,1,2026-06-23T15:59:59+00:00,2026-06-23T15:59:55+00:00,2026-06-23T15:59:59+00:00,2026-06-23T15:57:00+00:00,2026-06-23T15:57:00+00:00,2026-06-23T15:57:00+00:00,1.1629,9.0919,20.0,0.8431,0.1078,0.049,5-0,home,Y,Y,POR,葡萄牙,UEFA,Europe,5,N,UZB,乌兹别克斯坦,AFC,Asia,50,N,N,N,-45,47,group-stage,1,group,K,NRG Stadium,houston,N,2,home,0.8431,0.049,0.7941,0.7353,0.7672,84,75607.285,high,6.0,5.62,1,1,0.38
351760,England vs. Ghana,England,Ghana,fifwc-eng-gha-2026-06-23,2026-06-23T20:00:00+00:00,2026-06-24 04:00,2026-06-23T19:00:00+00:00,2026-06-23T20:00:00Z,2026-04-06T22:25:28.547306Z,0.83985138,0.12999999,0.05999999,data_api_vwap_3m_pre_anchor,data_api_vwap_3m_pre_anchor,data_api_vwap_3m_pre_anchor,high,high,high,56,12,5,10552.537009,787.461524,480.333329,4,14,22,2026-06-23T18:59:56+00:00,2026-06-23T18:59:46+00:00,2026-06-23T18:59:38+00:00,2026-06-23T18:57:00+00:00,2026-06-23T18:57:00+00:00,2026-06-23T18:57:00+00:00,1.1907,7.6923,16.6667,0.8155,0.1262,0.0583,0-0,draw,Y,Y,ENG,英格兰,UEFA,Europe,4,N,GHA,加纳,CAF,Africa,73,N,N,N,-69,45,group-stage,1,group,L,Gillette Stadium,boston,N,2,home,0.8155,0.0583,0.7572,0.6893,0.8559,73,11820.3319,high,6.0,5.88,1,1,0.12
351761,Panama vs. Croatia,Panama,Croatia,fifwc-pan-hrv-2026-06-23,2026-06-23T23:00:00+00:00,2026-06-24 07:00,2026-06-23T22:00:00+00:00,2026-06-23T23:00:00Z,2026-04-06T22:36:42.90598Z,0.12,0.20992264,0.67978451,data_api_vwap_3m_pre_anchor,data_api_vwap_3m_pre_anchor,data_api_vwap_3m_pre_anchor,high,high,high,6,7,50,4405.813329,5451.043801,16773.182283,53,10,1,2026-06-23T21:59:07+00:00,2026-06-23T21:59:50+00:00,2026-06-23T21:59:59+00:00,2026-06-23T21:57:00+00:00,2026-06-23T21:57:00+00:00,2026-06-23T21:57:00+00:00,8.3333,4.7637,1.4711,0.1188,0.2079,0.6732,0-1,away,Y,Y,PAN,巴拿马,CONCACAF,North America,34,N,HRV,克罗地亚,UEFA,Europe,11,N,N,N,23,46,group-stage,1,group,L,BMO Field,toronto,N,2,away,0.6732,0.1188,-0.5544,0.4653,1.2206,63,26630.0394,high,6.0,6.12,1,1,-0.12
351762,Colombia vs. DR Congo,Colombia,DR Congo,fifwc-col-cdr-2026-06-23,2026-06-24T02:00:00+00:00,2026-06-24 10:00,2026-06-24T01:00:00+00:00,2026-06-24T02:00:00Z,2026-04-06T22:30:18.836641Z,0.63976453,0.23991271,0.13864084,data_api_vwap_3m_pre_anchor,data_api_vwap_3m_pre_anchor,data_api_vwap_3m_pre_anchor,high,high,high,163,53,39,35248.914375,8895.608292,10507.568522,1,1,5,2026-06-24T00:59:59+00:00,2026-06-24T00:59:59+00:00,2026-06-24T00:59:55+00:00,2026-06-24T00:57:00+00:00,2026-06-24T00:57:00+00:00,2026-06-24T00:57:00+00:00,1.5631,4.1682,7.2129,0.6283,0.2356,0.1361,1-0,home,Y,Y,COL,哥伦比亚,CONMEBOL,South America,13,N,COD,刚果民主共和国,CAF,Africa,46,N,N,N,-33,48,group-stage,1,group,K,Estadio Akron,guadalajara,N,2,home,0.6283,0.1361,0.4922,0.3927,1.3042,255,54652.0912,high,6.0,6.38,1,1,-0.38
351763,Switzerland vs. Canada,Switzerland,Canada,fifwc-che-can-2026-06-24,2026-06-24T19:00:00+00:00,2026-06-25 03:00,2026-06-24T18:00:00+00:00,2026-06-24T19:00:00Z,2026-04-06T22:40:00.371791Z,0.38967735,0.32453606,0.3,data_api_vwap_3m_pre_anchor,data_api_vwap_3m_pre_anchor,data_api_vwap_3m_pre_anchor,high,high,high,33,23,16,1450.216114,2828.509066,4772.019984,7,14,1,2026-06-24T17:59:53+00:00,2026-06-24T17:59:46+00:00,2026-06-24T17:59:59+00:00,2026-06-24T17:57:00+00:00,2026-06-24T17:57:00+00:00,2026-06-24T17:57:00+00:00,2.5662,3.0813,3.3333,0.3842,0.32,0.2958,2-1,home,Y,Y,SUI,瑞士,UEFA,Europe,19,N,CAN,加拿大,CONCACAF,North America,30,Y,N,N,-11,52,group-stage,1,group,B,Lumen Field,seattle,N,3,home,0.3842,0.2958,0.0884,0.0642,1.5761,72,9050.7452,high,6.0,5.88,2,2,0.12
351764,Bosnia-Herzegovina vs. Qatar,Bosnia-Herzegovina,Qatar,fifwc-bih-qat-2026-06-24,2026-06-24T19:00:00+00:00,2026-06-25 03:00,2026-06-24T18:00:00+00:00,2026-06-24T19:00:00Z,2026-04-06T22:43:43.475091Z,0.71995334,0.17,0.11999999,data_api_vwap_3m_pre_anchor,data_api_vwap_3m_pre_anchor,data_api_vwap_3m_pre_anchor,high,high,high,17,14,9,1834.674966,2380.0588,743.249989,5,14,10,2026-06-24T17:59:55+00:00,2026-06-24T17:59:46+00:00,2026-06-24T17:59:50+00:00,2026-06-24T17:57:00+00:00,2026-06-24T17:57:00+00:00,2026-06-24T17:57:00+00:00,1.389,5.8824,8.3333,0.7129,0.1683,0.1188,3-1,home,Y,Y,BIH,波黑,UEFA,Europe,64,N,QAT,卡塔尔,AFC,Asia,56,N,N,N,8,52,group-stage,1,group,B,Lumen Field,seattle,N,3,home,0.7129,0.1188,0.5941,0.5446,1.1459,40,4957.9838,high,6.0,5.88,2,2,0.12
351765,Morocco vs. Haiti,Morocco,Haiti,fifwc-mar-hai-2026-06-24,2026-06-24T22:00:00+00:00,2026-06-25 06:00,2026-06-24T21:00:00+00:00,2026-06-24T22:00:00Z,2026-04-06T22:56:32.859811Z,0.81999852,0.14,0.06000054,data_api_vwap_3m_pre_anchor,data_api_vwap_3m_pre_anchor,data_api_vwap_10m_pre_anchor,high,high,medium,70,16,14,64855.002178,113701.571409,794606.968087,1,14,26,2026-06-24T20:59:59+00:00,2026-06-24T20:59:46+00:00,2026-06-24T20:59:34+00:00,2026-06-24T20:57:00+00:00,2026-06-24T20:57:00+00:00,2026-06-24T20:50:00+00:00,1.2195,7.1429,16.6665,0.8039,0.1373,0.0588,4-2,home,Y,Y,MAR,摩洛哥,CAF,Africa,7,N,HTI,海地,CONCACAF,North America,83,N,N,N,-76,50,group-stage,1,group,C,Mercedes-Benz Stadium,atlanta,N,3,home,0.8039,0.0588,0.7451,0.6666,0.8868,100,973163.5417,high,5.0,4.9,2,2,0.1
351766,Scotland vs. Brazil,Scotland,Brazil,fifwc-sco-bra-2026-06-24,2026-06-24T22:00:00+00:00,2026-06-25 06:00,2026-06-24T21:00:00+00:00,2026-06-24T22:00:00Z,2026-04-06T22:40:19.289969Z,0.08996701,0.17,0.74999355,data_api_vwap_3m_pre_anchor,data_api_vwap_3m_pre_anchor,data_api_vwap_3m_pre_anchor,high,high,high,17,15,102,7376.31998,9887.058799,39566.889876,16,23,1,2026-06-24T20:59:44+00:00,2026-06-24T20:59:37+00:00,2026-06-24T20:59:59+00:00,2026-06-24T20:57:00+00:00,2026-06-24T20:57:00+00:00,2026-06-24T20:57:00+00:00,11.1152,5.8824,1.3333,0.0891,0.1683,0.7426,0-3,away,Y,Y,SCO,苏格兰,UEFA,Europe,42,N,BRA,巴西,CONMEBOL,South America,6,N,N,N,36,50,group-stage,1,group,C,Mercedes-Benz Stadium,atlanta,N,3,away,0.7426,0.0891,-0.6535,0.5743,1.0623,134,56830.2687,high,5.0,4.9,2,2,0.1
351767,Czechia vs. Mexico,Czechia,Mexico,fifwc-cze-mex-2026-06-24,2026-06-25T01:00:00+00:00,2026-06-25 09:00,2026-06-25T00:00:00+00:00,2026-06-25T01:00:00Z,2026-04-06T22:31:04.400674Z,0.21967625,0.24,0.54994486,data_api_vwap_3m_pre_anchor,data_api_vwap_3m_pre_anchor,data_api_vwap_3m_pre_anchor,high,high,high,16,17,93,5459.149073,4939.291649,67480.180803,1,1,2,2026-06-24T23:59:59+00:00,2026-06-24T23:59:59+00:00,2026-06-24T23:59:58+00:00,2026-06-24T23:57:00+00:00,2026-06-24T23:57:00+00:00,2026-06-24T23:57:00+00:00,4.5522,4.1667,1.8184,0.2176,0.2377,0.5447,0-3,away,Y,Y,CZE,捷克,UEFA,Europe,40,N,MEX,墨西哥,CONCACAF,North America,14,Y,N,N,26,54,group-stage,1,group,A,Estadio BBVA,monterrey,N,3,away,0.5447,0.2176,-0.3271,0.307,1.4489,126,77878.6215,high,6.38,6.0,2,2,0.38
351768,South Africa vs. Korea Republic,South Africa,Korea Republic,fifwc-rsa-kr-2026-06-24,2026-06-25T01:00:00+00:00,2026-06-25 09:00,2026-06-25T00:00:00+00:00,2026-06-25T01:00:00Z,2026-04-06T22:38:11.503733Z,0.16971955,0.25999999,0.57998041,data_api_vwap_3m_pre_anchor,data_api_vwap_3m_pre_anchor,data_api_vwap_3m_pre_anchor,high,high,high,9,8,92,6292.352343,276.153837,16563.656749,8,10,1,2026-06-24T23:59:52+00:00,2026-06-24T23:59:50+00:00,2026-06-24T23:59:59+00:00,2026-06-24T23:57:00+00:00,2026-06-24T23:57:00+00:00,2026-06-24T23:57:00+00:00,5.8921,3.8462,1.7242,0.1681,0.2575,0.5744,1-0,home,Y,Y,RSA,南非,CAF,Africa,60,N,KOR,韩国,AFC,Asia,25,N,N,N,35,54,group-stage,1,group,A,Estadio BBVA,monterrey,N,3,away,0.5744,0.1681,-0.4063,0.3169,1.3959,109,23132.1629,high,6.38,6.0,2,2,0.38
351769,Ecuador vs. Germany,Ecuador,Germany,fifwc-ecu-ger-2026-06-25,2026-06-25T20:00:00+00:00,2026-06-26 04:00,2026-06-25T19:00:00+00:00,2026-06-25T20:00:00Z,2026-04-06T22:47:43.408987Z,0.19141745,0.20313671,0.60957432,data_api_vwap_3m_pre_anchor,data_api_vwap_3m_pre_anchor,data_api_vwap_3m_pre_anchor,high,high,high,11,12,73,1990.842909,1043.383842,40817.245891,4,10,8,2026-06-25T18:59:56+00:00,2026-06-25T18:59:50+00:00,2026-06-25T18:59:52+00:00,2026-06-25T18:57:00+00:00,2026-06-25T18:57:00+00:00,2026-06-25T18:57:00+00:00,5.2242,4.9228,1.6405,0.1906,0.2023,0.6071,2-1,home,Y,Y,ECU,厄瓜多尔,CONMEBOL,South America,23,N,GER,德国,UEFA,Europe,10,N,N,N,13,56,group-stage,1,group,E,MetLife Stadium,new-york,N,3,away,0.6071,0.1906,-0.4165,0.4048,1.3593,96,43851.4726,high,4.83,5.0,2,2,-0.17
351770,Curaçao vs. Côte d'Ivoire,Curaçao,Côte d'Ivoire,fifwc-kor-civ-2026-06-25,2026-06-25T20:00:00+00:00,2026-06-26 04:00,2026-06-25T19:00:00+00:00,2026-06-25T20:00:00Z,2026-04-06T22:49:02.648301Z,0.05994342,0.11844841,0.82698133,data_api_vwap_3m_pre_anchor,data_api_vwap_3m_pre_anchor,data_api_vwap_3m_pre_anchor,high,high,high,14,9,9,5625.816605,1369.545771,214.868498,22,28,7,2026-06-25T18:59:38+00:00,2026-06-25T18:59:32+00:00,2026-06-25T18:59:53+00:00,2026-06-25T18:57:00+00:00,2026-06-25T18:57:00+00:00,2026-06-25T18:57:00+00:00,16.6824,8.4425,1.2092,0.0596,0.1178,0.8226,0-2,away,Y,Y,CUW,库拉索,CONCACAF,North America,82,N,CIV,科特迪瓦,CAF,Africa,33,N,N,N,49,56,group-stage,1,group,E,MetLife Stadium,new-york,N,3,away,0.8226,0.0596,-0.763,0.7048,0.8377,32,7210.2309,high,4.83,5.0,2,2,-0.17
351771,Japan vs. Sweden,Japan,Sweden,fifwc-jpn-swe-2026-06-25,2026-06-25T23:00:00+00:00,2026-06-26 07:00,2026-06-25T22:00:00+00:00,2026-06-25T23:00:00Z,2026-04-06T22:26:39.091486Z,0.44224573,0.281,0.27883062,data_api_vwap_3m_pre_anchor,data_api_vwap_3m_pre_anchor,data_api_vwap_3m_pre_anchor,high,high,high,135,18,35,90751.581562,8322.535954,4920.385491,1,17,2,2026-06-25T21:59:59+00:00,2026-06-25T21:59:43+00:00,2026-06-25T21:59:58+00:00,2026-06-25T21:57:00+00:00,2026-06-25T21:57:00+00:00,2026-06-25T21:57:00+00:00,2.2612,3.5587,3.5864,0.4413,0.2804,0.2783,1-1,draw,Y,Y,JPN,日本,AFC,Asia,18,N,SWE,瑞典,UEFA,Europe,38,N,N,N,-20,58,group-stage,1,group,F,Arrowhead Stadium,kansas-city,N,3,home,0.4413,0.2783,0.163,0.1609,1.5487,188,103994.503,high,4.79,5.25,2,2,-0.46
351772,Tunisia vs. Netherlands,Tunisia,Netherlands,fifwc-tun-nld-2026-06-25,2026-06-25T23:00:00+00:00,2026-06-26 07:00,2026-06-25T22:00:00+00:00,2026-06-25T23:00:00Z,2026-04-06T22:54:09.122412Z,0.03177955,0.08999998,0.88270796,data_api_vwap_3m_pre_anchor,data_api_vwap_3m_pre_anchor,data_api_vwap_3m_pre_anchor,high,high,high,10,5,24,5007.936656,276.222216,33857.589581,5,1,2,2026-06-25T21:59:55+00:00,2026-06-25T21:59:59+00:00,2026-06-25T21:59:58+00:00,2026-06-25T21:57:00+00:00,2026-06-25T21:57:00+00:00,2026-06-25T21:57:00+00:00,31.4668,11.1111,1.1329,0.0316,0.0896,0.8788,1-3,away,Y,Y,TUN,突尼斯,CAF,Africa,45,N,NED,荷兰,UEFA,Europe,8,N,N,N,37,58,group-stage,1,group,F,Arrowhead Stadium,kansas-city,N,3,away,0.8788,0.0316,-0.8472,0.7892,0.6331,39,39141.7485,high,4.79,5.25,2,2,-0.46
351773,Paraguay vs. Australia,Paraguay,Australia,fifwc-par-aus-2026-06-25,2026-06-26T02:00:00+00:00,2026-06-26 10:00,2026-06-26T01:00:00+00:00,2026-06-26T02:00:00Z,2026-04-06T22:37:25.89372Z,0.37,0.41803612,0.24,data_api_vwap_3m_pre_anchor,data_api_vwap_3m_pre_anchor,data_api_vwap_3m_pre_anchor,high,high,high,69,12,34,4725.564561,906.620194,8566.246631,4,13,1,2026-06-26T00:59:56+00:00,2026-06-26T00:59:47+00:00,2026-06-26T00:59:59+00:00,2026-06-26T00:57:00+00:00,2026-06-26T00:57:00+00:00,2026-06-26T00:57:00+00:00,2.7027,2.3921,4.1667,0.3599,0.4066,0.2335,0-0,draw,Y,Y,PAR,巴拉圭,CONMEBOL,South America,41,N,AUS,澳大利亚,AFC,Oceania,27,N,N,N,14,60,group-stage,1,group,D,Levi's Stadium,san-francisco,N,3,draw,0.4066,0.2335,0.1264,0.0467,1.5485,115,14198.4314,high,5.96,6.29,2,2,-0.33
351774,Türkiye vs. United States,Türkiye,United States,fifwc-tur-usa-2026-06-25,2026-06-26T02:00:00+00:00,2026-06-26 10:00,2026-06-26T01:00:00+00:00,2026-06-26T02:00:00Z,2026-04-06T22:31:45.292028Z,0.26398559,0.2299906,0.50986924,data_api_vwap_3m_pre_anchor,data_api_vwap_3m_pre_anchor,data_api_vwap_3m_pre_anchor,high,high,high,26,165,155,15502.864787,93167.408377,149222.925679,1,14,1,2026-06-26T00:59:59+00:00,2026-06-26T00:59:46+00:00,2026-06-26T00:59:59+00:00,2026-06-26T00:57:00+00:00,2026-06-26T00:57:00+00:00,2026-06-26T00:57:00+00:00,3.7881,4.348,1.9613,0.263,0.2291,0.5079,3-2,home,Y,Y,TUR,土耳其,UEFA,Europe,22,N,USA,美国,CONCACAF,North America,17,Y,N,N,5,60,group-stage,1,group,D,Levi's Stadium,san-francisco,N,3,away,0.5079,0.2291,-0.2449,0.2449,1.4902,346,257893.1988,high,5.96,6.29,2,2,-0.33
351775,Norway vs. France,Norway,France,fifwc-nor-fra-2026-06-26,2026-06-26T19:00:00+00:00,2026-06-27 03:00,2026-06-26T18:00:00+00:00,2026-06-26T19:00:00Z,2026-04-06T22:41:04.554817Z,0.12995126,0.17994829,0.69946,data_api_vwap_3m_pre_anchor,data_api_vwap_3m_pre_anchor,data_api_vwap_3m_pre_anchor,high,high,high,34,21,79,19635.759961,1611.20886,26936.557048,1,2,1,2026-06-26T17:59:59+00:00,2026-06-26T17:59:58+00:00,2026-06-26T17:59:59+00:00,2026-06-26T17:57:00+00:00,2026-06-26T17:57:00+00:00,2026-06-26T17:57:00+00:00,7.6952,5.5572,1.4297,0.1287,0.1783,0.693,1-4,away,Y,Y,NOR,挪威,UEFA,Europe,31,N,FRA,法国,UEFA,Europe,3,N,Y,Y,28,62,group-stage,1,group,I,BMO Field,toronto,N,3,away,0.693,0.1287,-0.5643,0.5147,1.1909,134,48183.5259,high,3.79,3.92,2,2,-0.13
351776,Senegal vs. Iraq,Senegal,Iraq,fifwc-sen-irq-2026-06-26,2026-06-26T19:00:00+00:00,2026-06-27 03:00,2026-06-26T18:00:00+00:00,2026-06-26T19:00:00Z,2026-04-06T22:46:25.941422Z,0.7900936,0.14,0.07980284,data_api_vwap_3m_pre_anchor,data_api_vwap_10m_pre_anchor,data_api_vwap_3m_pre_anchor,high,medium,high,39,15,4,484403.503717,19671.999983,634.0,1,52,41,2026-06-26T17:59:59+00:00,2026-06-26T17:59:08+00:00,2026-06-26T17:59:19+00:00,2026-06-26T17:57:00+00:00,2026-06-26T17:50:00+00:00,2026-06-26T17:57:00+00:00,1.2657,7.1429,12.5309,0.7824,0.1386,0.079,5-0,home,Y,Y,SEN,塞内加尔,CAF,Africa,15,N,IRQ,伊拉克,AFC,Asia,57,N,N,N,-42,62,group-stage,1,group,I,BMO Field,toronto,N,3,home,0.7824,0.079,0.7034,0.6438,0.9614,58,504709.5037,high,3.79,3.92,2,2,-0.13
351777,Cabo Verde vs. Saudi Arabia,Cabo Verde,Saudi Arabia,fifwc-cvi-ksa-2026-06-26,2026-06-27T00:00:00+00:00,2026-06-27 08:00,2026-06-26T23:00:00+00:00,2026-06-27T00:00:00Z,2026-04-06T22:50:45.114369Z,0.32961094,0.28993548,0.38377071,data_api_vwap_3m_pre_anchor,data_api_vwap_3m_pre_anchor,data_api_vwap_3m_pre_anchor,high,high,high,29,15,18,2313.272698,2672.114117,1605.319218,2,5,1,2026-06-26T22:59:58+00:00,2026-06-26T22:59:55+00:00,2026-06-26T22:59:59+00:00,2026-06-26T22:57:00+00:00,2026-06-26T22:57:00+00:00,2026-06-26T22:57:00+00:00,3.0339,3.449,2.6057,0.3285,0.289,0.3825,0-0,draw,Y,Y,CPV,佛得角,CAF,Africa,67,N,KSA,沙特阿拉伯,AFC,Asia,61,N,N,N,6,66,group-stage,1,group,H,Estadio Akron,guadalajara,N,3,away,0.3825,0.289,-0.054,0.054,1.5755,62,6590.706,high,5.08,5.33,2,2,-0.25
351778,Uruguay vs. Spain,Uruguay,Spain,fifwc-ury-esp-2026-06-26,2026-06-27T00:00:00+00:00,2026-06-27 08:00,2026-06-26T23:00:00+00:00,2026-06-27T00:00:00Z,2026-04-06T22:35:13.529057Z,0.15001529,0.26000212,0.59900852,data_api_vwap_3m_pre_anchor,data_api_vwap_3m_pre_anchor,data_api_vwap_3m_pre_anchor,high,high,high,25,13,89,32690.09998,61553.425059,42457.881611,22,34,2,2026-06-26T22:59:38+00:00,2026-06-26T22:59:26+00:00,2026-06-26T22:59:58+00:00,2026-06-26T22:57:00+00:00,2026-06-26T22:57:00+00:00,2026-06-26T22:57:00+00:00,6.666,3.8461,1.6694,0.1487,0.2577,0.5937,0-1,away,Y,Y,URU,乌拉圭,CONMEBOL,South America,16,N,ESP,西班牙,UEFA,Europe,2,N,N,N,14,66,group-stage,1,group,H,Estadio Akron,guadalajara,N,3,away,0.5937,0.1487,-0.445,0.336,1.3596,127,136701.4066,high,5.08,5.33,2,2,-0.25
351779,Egypt vs. IR Iran,Egypt,IR Iran,fifwc-egy-irn-2026-06-26,2026-06-27T03:00:00+00:00,2026-06-27 11:00,2026-06-27T02:00:00+00:00,2026-06-27T03:00:00Z,2026-04-06T22:55:48.40433Z,0.36999761,0.35999998,0.28999999,data_api_vwap_3m_pre_anchor,data_api_vwap_3m_pre_anchor,data_api_vwap_3m_pre_anchor,high,high,high,32,3,3,11607.986181,60.277773,170.31034,7,31,1,2026-06-27T01:59:53+00:00,2026-06-27T01:59:29+00:00,2026-06-27T01:59:59+00:00,2026-06-27T01:57:00+00:00,2026-06-27T01:57:00+00:00,2026-06-27T01:57:00+00:00,2.7027,2.7778,3.4483,0.3627,0.3529,0.2843,1-1,draw,Y,Y,EGY,埃及,CAF,Africa,29,N,IRN,伊朗,AFC,Asia,20,N,N,N,9,64,group-stage,1,group,G,BC Place,vancouver,N,3,home,0.3627,0.2843,0.0784,0.0098,1.5768,38,11838.5743,high,5.08,5.33,2,2,-0.25
351780,New Zealand vs. Belgium,New Zealand,Belgium,fifwc-nzl-bel-2026-06-26,2026-06-27T03:00:00+00:00,2026-06-27 11:00,2026-06-27T02:00:00+00:00,2026-06-27T03:00:00Z,2026-04-06T22:44:47.677608Z,0.07196059,0.11875338,0.81772676,data_api_vwap_10m_pre_anchor,data_api_vwap_3m_pre_anchor,data_api_vwap_3m_pre_anchor,medium,high,high,9,9,14,7268.212854,324.15999,8309.555811,20,7,34,2026-06-27T01:59:40+00:00,2026-06-27T01:59:53+00:00,2026-06-27T01:59:26+00:00,2026-06-27T01:50:00+00:00,2026-06-27T01:57:00+00:00,2026-06-27T01:57:00+00:00,13.8965,8.4208,1.2229,0.0714,0.1178,0.8109,1-5,away,Y,Y,NZL,新西兰,OFC,Oceania,85,N,BEL,比利时,UEFA,Europe,9,N,N,N,76,64,group-stage,1,group,G,BC Place,vancouver,N,3,away,0.8109,0.0714,-0.7395,0.6931,0.8806,32,15901.9287,high,5.08,5.33,2,2,-0.25
351781,Panama vs. England,Panama,England,fifwc-pan-eng-2026-06-27,2026-06-27T21:00:00+00:00,2026-06-28 05:00,2026-06-27T20:00:00+00:00,2026-06-27T21:00:00Z,2026-04-06T22:43:00.679495Z,0.05,0.10990366,0.8599866,data_api_vwap_3m_pre_anchor,data_api_vwap_3m_pre_anchor,data_api_vwap_3m_pre_anchor,high,high,high,7,6,12,3176.2,348.814539,8713.319503,29,20,17,2026-06-27T19:59:31+00:00,2026-06-27T19:59:40+00:00,2026-06-27T19:59:43+00:00,2026-06-27T19:57:00+00:00,2026-06-27T19:57:00+00:00,2026-06-27T19:57:00+00:00,20.0,9.0989,1.1628,0.049,0.1078,0.8432,0-2,away,Y,Y,PAN,巴拿马,CONCACAF,North America,34,N,ENG,英格兰,UEFA,Europe,4,N,N,N,30,68,group-stage,1,group,L,Lincoln Financial Field,philadelphia,N,3,away,0.8432,0.049,-0.7942,0.7354,0.7671,25,12238.334,high,3.92,4.04,2,2,-0.12
351782,Croatia vs. Ghana,Croatia,Ghana,fifwc-hrv-gha-2026-06-27,2026-06-27T21:00:00+00:00,2026-06-28 05:00,2026-06-27T20:00:00+00:00,2026-06-27T21:00:00Z,2026-04-06T22:37:43.4517Z,0.54956913,0.30025563,0.16996211,data_api_vwap_3m_pre_anchor,data_api_vwap_3m_pre_anchor,data_api_vwap_3m_pre_anchor,high,high,high,27,13,26,985.459967,3135.761276,7928.467625,10,35,11,2026-06-27T19:59:50+00:00,2026-06-27T19:59:25+00:00,2026-06-27T19:59:49+00:00,2026-06-27T19:57:00+00:00,2026-06-27T19:57:00+00:00,2026-06-27T19:57:00+00:00,1.8196,3.3305,5.8837,0.5389,0.2944,0.1667,2-1,home,Y,Y,HRV,克罗地亚,UEFA,Europe,11,N,GHA,加纳,CAF,Africa,73,N,N,N,-62,68,group-stage,1,group,L,Lincoln Financial Field,philadelphia,N,3,home,0.5389,0.1667,0.3722,0.2445,1.4309,66,12049.6889,high,3.92,4.04,2,2,-0.12
351783,Colombia vs. Portugal,Colombia,Portugal,fifwc-col-prt-2026-06-27,2026-06-27T23:30:00+00:00,2026-06-28 07:30,2026-06-27T22:30:00+00:00,2026-06-27T23:30:00Z,2026-04-06T22:32:50.584744Z,0.25994218,0.23997039,0.51914186,data_api_vwap_3m_pre_anchor,data_api_vwap_3m_pre_anchor,data_api_vwap_3m_pre_anchor,high,high,high,5,4,39,332.112302,2131.309997,6936.202265,46,5,13,2026-06-27T22:29:14+00:00,2026-06-27T22:29:55+00:00,2026-06-27T22:29:47+00:00,2026-06-27T22:27:00+00:00,2026-06-27T22:27:00+00:00,2026-06-27T22:27:00+00:00,3.847,4.1672,1.9263,0.2551,0.2355,0.5094,0-0,draw,Y,Y,COL,哥伦比亚,CONMEBOL,South America,13,N,POR,葡萄牙,UEFA,Europe,5,N,N,N,8,72,group-stage,1,group,K,Mercedes-Benz Stadium,atlanta,N,3,away,0.5094,0.2355,-0.2543,0.2543,1.4898,48,9399.6246,high,3.9,4.27,2,2,-0.37
351784,DR Congo vs. Uzbekistan,DR Congo,Uzbekistan,fifwc-cdr-uzb-2026-06-27,2026-06-27T23:30:00+00:00,2026-06-28 07:30,2026-06-27T22:30:00+00:00,2026-06-27T23:30:00Z,2026-04-06T22:38:28.777324Z,0.58982782,0.25,0.18,data_api_vwap_3m_pre_anchor,data_api_last_trade_24h_pre_anchor,data_api_vwap_3m_pre_anchor,high,low,high,15,1,3,1501.96693,20.0,673.111106,16,109,65,2026-06-27T22:29:44+00:00,2026-06-27T22:28:11+00:00,2026-06-27T22:28:55+00:00,2026-06-27T22:27:00+00:00,2026-06-26T22:30:00+00:00,2026-06-27T22:27:00+00:00,1.6954,4.0,5.5556,0.5784,0.2451,0.1765,3-1,home,Y,Y,COD,刚果民主共和国,CAF,Africa,46,N,UZB,乌兹别克斯坦,AFC,Asia,50,N,N,N,-4,72,group-stage,1,group,K,Mercedes-Benz Stadium,atlanta,N,3,home,0.5784,0.1765,0.4019,0.3333,1.3957,19,2195.078,high,3.9,4.27,2,2,-0.37
351785,Jordan vs. Argentina,Jordan,Argentina,fifwc-jor-arg-2026-06-27,2026-06-28T02:00:00+00:00,2026-06-28 10:00,2026-06-28T01:00:00+00:00,2026-06-28T02:00:00Z,2026-04-06T22:32:06.478486Z,0.04352342,0.1,0.86915375,data_api_vwap_10m_pre_anchor,data_api_last_trade_24h_pre_anchor,data_api_vwap_3m_pre_anchor,medium,low,high,4,1,7,2425.028177,481.5,536.718829,65,542,56,2026-06-28T00:58:55+00:00,2026-06-28T00:50:58+00:00,2026-06-28T00:59:04+00:00,2026-06-28T00:50:00+00:00,2026-06-27T01:00:00+00:00,2026-06-28T00:57:00+00:00,22.9761,10.0,1.1505,0.043,0.0987,0.8583,1-3,away,Y,Y,JOR,约旦,AFC,Asia,63,N,ARG,阿根廷,CONMEBOL,South America,1,N,N,N,62,70,group-stage,1,group,J,AT&T Stadium,dallas,N,3,away,0.8583,0.043,-0.8153,0.7596,0.7141,12,3443.247,high,4.96,5.38,2,2,-0.42
351786,Algeria vs. Austria,Algeria,Austria,fifwc-alg-aut-2026-06-27,2026-06-28T02:00:00+00:00,2026-06-28 10:00,2026-06-28T01:00:00+00:00,2026-06-28T02:00:00Z,2026-04-06T22:49:24.652659Z,0.27999999,0.46942761,0.27,data_api_vwap_3m_pre_anchor,data_api_vwap_3m_pre_anchor,data_api_vwap_3m_pre_anchor,high,high,high,3,5,5,81.428568,371.600421,2011.323328,77,59,32,2026-06-28T00:58:43+00:00,2026-06-28T00:59:01+00:00,2026-06-28T00:59:28+00:00,2026-06-28T00:57:00+00:00,2026-06-28T00:57:00+00:00,2026-06-28T00:57:00+00:00,3.5714,2.1303,3.7037,0.2747,0.4605,0.2649,3-3,draw,Y,Y,ALG,阿尔及利亚,CAF,Africa,28,N,AUT,奥地利,UEFA,Europe,24,N,N,N,4,70,group-stage,1,group,J,AT&T Stadium,dallas,N,3,draw,0.4605,0.2649,0.0098,0.1858,1.5349,13,2464.3523,high,4.96,5.38,2,2,-0.42
632707,South Africa vs. Canada,South Africa,Canada,fifwc-rsa-can-2026-06-28,2026-06-28T19:00:00+00:00,2026-06-29 03:00,2026-06-28T18:00:00+00:00,2026-06-28T19:00:00Z,2026-06-25T10:03:21.790669Z,0.17995476,0.28998332,0.52991526,data_api_vwap_3m_pre_anchor,data_api_vwap_3m_pre_anchor,data_api_vwap_3m_pre_anchor,high,high,high,33,16,74,4456.541073,5371.270323,57189.117627,14,4,4,2026-06-28T17:59:46+00:00,2026-06-28T17:59:56+00:00,2026-06-28T17:59:56+00:00,2026-06-28T17:57:00+00:00,2026-06-28T17:57:00+00:00,2026-06-28T17:57:00+00:00,5.557,3.4485,1.8871,0.18,0.29,0.53,0-1,away,Y,Y,RSA,南非,CAF,Africa,60,N,CAN,加拿大,CONCACAF,North America,30,Y,N,N,30,73,round-of-32,2,knockout,,SoFi Stadium,los-angeles,Y,,away,0.53,0.18,-0.35,0.24,1.4487,123,67016.929,high,3.75,4.0,3,3,-0.25
636318,Brazil vs. Japan,Brazil,Japan,fifwc-bra-jpn-2026-06-29,2026-06-29T17:00:00+00:00,2026-06-30 01:00,2026-06-29T16:00:00+00:00,2026-06-29T17:00:00Z,2026-06-26T10:48:31.329754Z,0.55997586,0.26998238,0.18843708,data_api_vwap_3m_pre_anchor,data_api_vwap_3m_pre_anchor,data_api_vwap_3m_pre_anchor,high,high,high,88,20,41,28639.067749,2179.432568,4777.406792,1,5,7,2026-06-29T15:59:59+00:00,2026-06-29T15:59:55+00:00,2026-06-29T15:59:53+00:00,2026-06-29T15:57:00+00:00,2026-06-29T15:57:00+00:00,2026-06-29T15:57:00+00:00,1.7858,3.7039,5.3068,0.5499,0.2651,0.185,2-1,home,Y,Y,BRA,巴西,CONMEBOL,South America,6,N,JPN,日本,AFC,Asia,18,N,N,N,-12,76,round-of-32,2,knockout,,NRG Stadium,houston,Y,,home,0.5499,0.185,0.3649,0.2848,1.4326,149,35595.9071,high,4.79,3.75,3,3,1.04
640346,Germany vs. Paraguay,Germany,Paraguay,fifwc-ger-par-2026-06-29,2026-06-29T20:30:00+00:00,2026-06-30 04:30,2026-06-29T19:30:00+00:00,2026-06-29T20:30:00Z,2026-06-27T10:03:49.43461Z,0.73999695,0.18993421,0.08316304,data_api_vwap_3m_pre_anchor,data_api_vwap_3m_pre_anchor,data_api_vwap_3m_pre_anchor,high,high,high,185,21,35,26220.013423,966.833656,40296.624993,1,1,2,2026-06-29T19:29:59+00:00,2026-06-29T19:29:59+00:00,2026-06-29T19:29:58+00:00,2026-06-29T19:27:00+00:00,2026-06-29T19:27:00+00:00,2026-06-29T19:27:00+00:00,1.3514,5.265,12.0246,0.7304,0.1875,0.0821,1-1,draw,Y,Y,GER,德国,UEFA,Europe,10,N,PAR,巴拉圭,CONMEBOL,South America,41,N,N,N,-31,74,round-of-32,2,knockout,,Gillette Stadium,boston,Y,,home,0.7304,0.0821,0.6483,0.5429,1.08,241,67483.4721,high,4.02,3.77,3,3,0.25
636324,Netherlands vs. Morocco,Netherlands,Morocco,fifwc-nld-mar-2026-06-29,2026-06-30T01:00:00+00:00,2026-06-30 09:00,2026-06-30T00:00:00+00:00,2026-06-30T01:00:00Z,2026-06-26T10:48:45.839223Z,0.40996842,0.31963608,0.28885799,data_api_vwap_3m_pre_anchor,data_api_vwap_3m_pre_anchor,data_api_vwap_3m_pre_anchor,high,high,high,60,22,29,7537.995036,4379.245,2790.971344,7,1,8,2026-06-29T23:59:53+00:00,2026-06-29T23:59:59+00:00,2026-06-29T23:59:52+00:00,2026-06-29T23:57:00+00:00,2026-06-29T23:57:00+00:00,2026-06-29T23:57:00+00:00,2.4392,3.1286,3.4619,0.4025,0.3138,0.2836,1-1,draw,Y,Y,NED,荷兰,UEFA,Europe,8,N,MAR,摩洛哥,CAF,Africa,7,N,N,N,1,75,round-of-32,2,knockout,,Estadio BBVA,monterrey,Y,,home,0.4025,0.2836,0.1189,0.0887,1.5688,111,14708.2114,high,4.08,5.12,3,3,-1.04
640353,Côte d'Ivoire vs. Norway,Côte d'Ivoire,Norway,fifwc-civ-nor-2026-06-30,2026-06-30T17:00:00+00:00,2026-07-01 01:00,2026-06-30T16:00:00+00:00,2026-06-30T17:00:00Z,2026-06-27T10:03:32.527295Z,0.26007336,0.28999999,0.44891955,data_api_vwap_3m_pre_anchor,data_api_vwap_3m_pre_anchor,data_api_vwap_3m_pre_anchor,high,high,high,32,22,72,289358.7225,1504.379276,12103.345484,10,31,2,2026-06-30T15:59:50+00:00,2026-06-30T15:59:29+00:00,2026-06-30T15:59:58+00:00,2026-06-30T15:57:00+00:00,2026-06-30T15:57:00+00:00,2026-06-30T15:57:00+00:00,3.8451,3.4483,2.2276,0.2603,0.2903,0.4494,1-2,away,Y,Y,CIV,科特迪瓦,CAF,Africa,33,N,NOR,挪威,UEFA,Europe,31,N,N,N,2,78,round-of-32,2,knockout,,AT&T Stadium,dallas,Y,,away,0.4494,0.2603,-0.1891,0.1591,1.542,126,302966.4473,high,4.88,3.92,3,3,0.96
640358,France vs. Sweden,France,Sweden,fifwc-fra-swe-2026-06-30,2026-06-30T21:00:00+00:00,2026-07-01 05:00,2026-06-30T20:00:00+00:00,2026-06-30T21:00:00Z,2026-06-27T10:03:16.120848Z,0.7799716,0.15964627,0.07699289,data_api_vwap_3m_pre_anchor,data_api_vwap_3m_pre_anchor,data_api_vwap_3m_pre_anchor,high,high,high,72,9,8,23096.972919,530.0625,914.5,1,5,23,2026-06-30T19:59:59+00:00,2026-06-30T19:59:55+00:00,2026-06-30T19:59:37+00:00,2026-06-30T19:57:00+00:00,2026-06-30T19:57:00+00:00,2026-06-30T19:57:00+00:00,1.2821,6.2638,12.9882,0.7672,0.157,0.0757,3-0,home,Y,Y,FRA,法国,UEFA,Europe,3,N,SWE,瑞典,UEFA,Europe,38,N,Y,Y,-35,77,round-of-32,2,knockout,,MetLife Stadium,new-york,Y,,home,0.7672,0.0757,0.6915,0.6102,0.9946,89,24541.5354,high,4.08,4.92,3,3,-0.84
643861,Mexico vs. Ecuador,Mexico,Ecuador,fifwc-mex-ecu-2026-06-30,2026-07-01T01:00:00+00:00,2026-07-01 09:00,2026-07-01T00:00:00+00:00,2026-07-01T01:00:00Z,2026-06-28T10:04:33.989128Z,0.43999072,0.33999999,0.23007663,data_api_vwap_3m_pre_anchor,data_api_vwap_3m_pre_anchor,data_api_vwap_3m_pre_anchor,high,high,high,114,17,53,24277.664467,1091.73527,147122.96749,2,1,5,2026-06-30T23:59:58+00:00,2026-06-30T23:59:59+00:00,2026-06-30T23:59:55+00:00,2026-06-30T23:57:00+00:00,2026-06-30T23:57:00+00:00,2026-06-30T23:57:00+00:00,2.2728,2.9412,4.3464,0.4356,0.3366,0.2278,2-0,home,Y,Y,MEX,墨西哥,CONCACAF,North America,14,Y,ECU,厄瓜多尔,CONMEBOL,South America,23,N,N,N,-9,79,round-of-32,2,knockout,,Estadio Azteca,mexico-city,Y,,home,0.4356,0.2278,0.2078,0.099,1.5372,184,172492.3672,high,6.0,5.21,3,3,0.79
643867,England vs. DR Congo,England,DR Congo,fifwc-eng-cdr-2026-07-01,2026-07-01T16:00:00+00:00,2026-07-02 00:00,2026-07-01T15:00:00+00:00,2026-07-01T16:00:00Z,2026-06-28T10:03:41.45954Z,0.7672505,0.18794453,0.06,data_api_vwap_3m_pre_anchor,data_api_vwap_3m_pre_anchor,data_api_vwap_3m_pre_anchor,high,high,high,52,8,12,4534.891582,281.640518,2431.20665,1,1,13,2026-07-01T14:59:59+00:00,2026-07-01T14:59:59+00:00,2026-07-01T14:59:47+00:00,2026-07-01T14:57:00+00:00,2026-07-01T14:57:00+00:00,2026-07-01T14:57:00+00:00,1.3034,5.3207,16.6667,0.7558,0.1851,0.0591,2-1,home,Y,Y,ENG,英格兰,UEFA,Europe,4,N,COD,刚果民主共和国,CAF,Africa,46,N,N,N,-42,80,round-of-32,2,knockout,,Mercedes-Benz Stadium,atlanta,Y,,home,0.7558,0.0591,0.6967,0.5707,0.9969,72,7247.7388,high,3.79,3.69,3,3,0.1
643872,Belgium vs. Senegal,Belgium,Senegal,fifwc-bel-sen-2026-07-01,2026-07-01T20:00:00+00:00,2026-07-02 04:00,2026-07-01T19:00:00+00:00,2026-07-01T20:00:00Z,2026-06-28T10:11:57.353361Z,0.45763005,0.3,0.25961104,data_api_vwap_3m_pre_anchor,data_api_vwap_3m_pre_anchor,data_api_vwap_3m_pre_anchor,high,high,high,39,14,46,4586.384733,1657.133317,15173.531482,2,46,8,2026-07-01T18:59:58+00:00,2026-07-01T18:59:14+00:00,2026-07-01T18:59:52+00:00,2026-07-01T18:57:00+00:00,2026-07-01T18:57:00+00:00,2026-07-01T18:57:00+00:00,2.1852,3.3333,3.8519,0.4499,0.2949,0.2552,3-2,draw,Y,Y,BEL,比利时,UEFA,Europe,9,N,SEN,塞内加尔,CAF,Africa,15,N,N,N,-6,82,round-of-32,2,knockout,,Lumen Field,seattle,Y,,home,0.4499,0.2552,0.1947,0.155,1.5408,99,21417.0495,high,4.71,5.04,3,3,-0.33
636329,United States vs. Bosnia and Herzegovina,United States,Bosnia and Herzegovina,fifwc-usa-bih-2026-07-01,2026-07-02T00:00:00+00:00,2026-07-02 08:00,2026-07-01T23:00:00+00:00,2026-07-02T00:00:00Z,2026-06-26T10:48:41.919653Z,0.71900272,0.18999999,0.1,data_api_vwap_3m_pre_anchor,data_api_vwap_3m_pre_anchor,data_api_vwap_3m_pre_anchor,high,high,high,97,15,33,79535.043708,1355.736818,2612.64,1,7,11,2026-07-01T22:59:59+00:00,2026-07-01T22:59:53+00:00,2026-07-01T22:59:49+00:00,2026-07-01T22:57:00+00:00,2026-07-01T22:57:00+00:00,2026-07-01T22:57:00+00:00,1.3908,5.2632,10.0,0.7126,0.1883,0.0991,2-0,home,Y,Y,USA,美国,CONCACAF,North America,17,Y,BIH,波黑,UEFA,Europe,64,N,N,N,-47,81,round-of-32,2,knockout,,Levi's Stadium,san-francisco,Y,,home,0.7126,0.0991,0.6135,0.5243,1.1324,145,83503.4205,high,5.92,,3,0,
643876,Spain vs. Austria,Spain,Austria,fifwc-esp-aut-2026-07-02,2026-07-02T19:00:00+00:00,2026-07-03 03:00,2026-07-02T18:00:00+00:00,2026-07-02T19:00:00Z,2026-06-28T10:15:06.877891Z,0.75745823,0.16751632,0.07244345,data_api_vwap_3m_pre_anchor,data_api_vwap_3m_pre_anchor,data_api_vwap_3m_pre_anchor,high,high,high,57,23,11,7902.072554,10921.774394,13052.08378,4,4,29,2026-07-02T17:59:56+00:00,2026-07-02T17:59:56+00:00,2026-07-02T17:59:31+00:00,2026-07-02T17:57:00+00:00,2026-07-02T17:57:00+00:00,2026-07-02T17:57:00+00:00,1.3202,5.9696,13.8039,0.7594,0.1679,0.0726,3-0,home,Y,Y,ESP,西班牙,UEFA,Europe,2,N,AUT,奥地利,UEFA,Europe,24,N,Y,Y,-22,84,round-of-32,2,knockout,,SoFi Stadium,los-angeles,Y,,home,0.7594,0.0726,0.6868,0.5915,1.0085,91,31875.9307,high,5.79,4.71,3,3,1.08
643880,Portugal vs. Croatia,Portugal,Croatia,fifwc-prt-hrv-2026-07-02,2026-07-02T23:00:00+00:00,2026-07-03 07:00,2026-07-02T22:00:00+00:00,2026-07-02T23:00:00Z,2026-06-28T10:11:05.994573Z,0.57749504,0.26455348,0.16499294,data_api_vwap_3m_pre_anchor,data_api_vwap_3m_pre_anchor,data_api_vwap_3m_pre_anchor,high,high,high,81,14,19,29011.360186,426.58621,2083.57695,1,10,10,2026-07-02T21:59:59+00:00,2026-07-02T21:59:50+00:00,2026-07-02T21:59:50+00:00,2026-07-02T21:57:00+00:00,2026-07-02T21:57:00+00:00,2026-07-02T21:57:00+00:00,1.7316,3.78,6.0609,0.5735,0.2627,0.1638,2-1,home,Y,Y,POR,葡萄牙,UEFA,Europe,5,N,HRV,克罗地亚,UEFA,Europe,11,N,Y,Y,-6,83,round-of-32,2,knockout,,BMO Field,toronto,Y,,home,0.5735,0.1638,0.4097,0.3108,1.3942,114,31521.5233,high,4.98,5.08,3,3,-0.1
643884,Switzerland vs. Algeria,Switzerland,Algeria,fifwc-che-alg-2026-07-02,2026-07-03T03:00:00+00:00,2026-07-03 11:00,2026-07-03T02:00:00+00:00,2026-07-03T03:00:00Z,2026-06-28T10:03:59.38304Z,0.48988038,0.305,0.2125,data_api_vwap_3m_pre_anchor,data_api_vwap_3m_pre_anchor,data_api_vwap_3m_pre_anchor,high,high,high,98,15,13,13823.567234,4896.11244,8331.341158,2,13,8,2026-07-03T01:59:58+00:00,2026-07-03T01:59:47+00:00,2026-07-03T01:59:52+00:00,2026-07-03T01:57:00+00:00,2026-07-03T01:57:00+00:00,2026-07-03T01:57:00+00:00,2.0413,3.2787,4.7059,0.4863,0.3028,0.2109,2-0,home,Y,Y,SUI,瑞士,UEFA,Europe,19,N,ALG,阿尔及利亚,CAF,Africa,28,N,N,N,-9,85,round-of-32,2,knockout,,BC Place,vancouver,Y,,home,0.4863,0.2109,0.2754,0.1835,1.5012,126,27051.0208,high,8.33,5.04,3,3,3.29
640362,Australia vs. Egypt,Australia,Egypt,fifwc-aus-egy-2026-07-03,2026-07-03T18:00:00+00:00,2026-07-04 02:00,2026-07-03T17:00:00+00:00,2026-07-03T18:00:00Z,2026-06-27T10:06:19.23105Z,0.26999999,0.33999999,0.40999712,data_api_vwap_3m_pre_anchor,data_api_vwap_3m_pre_anchor,data_api_vwap_3m_pre_anchor,high,high,high,12,12,59,906.851836,551.382337,17363.408695,14,7,2,2026-07-03T16:59:46+00:00,2026-07-03T16:59:53+00:00,2026-07-03T16:59:58+00:00,2026-07-03T16:57:00+00:00,2026-07-03T16:57:00+00:00,2026-07-03T16:57:00+00:00,3.7037,2.9412,2.439,0.2647,0.3333,0.402,1-1,draw,Y,Y,AUS,澳大利亚,AFC,Oceania,27,N,EGY,埃及,CAF,Africa,29,N,N,N,-2,88,round-of-32,2,knockout,,AT&T Stadium,dallas,Y,,away,0.402,0.2647,-0.1373,0.0687,1.5644,83,18821.6429,high,7.67,6.62,3,3,1.05
640364,Argentina vs. Cabo Verde,Argentina,Cabo Verde,fifwc-arg-cvi-2026-07-03,2026-07-03T22:00:00+00:00,2026-07-04 06:00,2026-07-03T21:00:00+00:00,2026-07-03T22:00:00Z,2026-06-27T10:11:30.488684Z,0.85999946,0.10998475,0.03483241,data_api_vwap_3m_pre_anchor,data_api_vwap_3m_pre_anchor,data_api_vwap_3m_pre_anchor,high,high,high,77,28,51,460779.799926,5465.011786,15470.669932,1,1,4,2026-07-03T20:59:59+00:00,2026-07-03T20:59:59+00:00,2026-07-03T20:59:56+00:00,2026-07-03T20:57:00+00:00,2026-07-03T20:57:00+00:00,2026-07-03T20:57:00+00:00,1.1628,9.0922,28.7089,0.8559,0.1095,0.0347,3-2,draw,Y,Y,ARG,阿根廷,CONMEBOL,South America,1,N,CPV,佛得角,CAF,Africa,67,N,N,N,-66,86,round-of-32,2,knockout,,Hard Rock Stadium,miami,Y,,home,0.8559,0.0347,0.8212,0.7464,0.7098,156,481715.4816,high,5.83,6.92,3,3,-1.09
643888,Colombia vs. Ghana,Colombia,Ghana,fifwc-col-gha-2026-07-03,2026-07-04T01:30:00+00:00,2026-07-04 09:30,2026-07-04T00:30:00+00:00,2026-07-04T01:30:00Z,2026-06-28T10:03:26.142163Z,0.6891741,0.21976941,0.11,data_api_vwap_3m_pre_anchor,data_api_vwap_3m_pre_anchor,data_api_vwap_3m_pre_anchor,high,high,high,20,9,15,2588.950417,1971.072716,3505.909071,2,37,47,2026-07-04T00:29:58+00:00,2026-07-04T00:29:23+00:00,2026-07-04T00:29:13+00:00,2026-07-04T00:27:00+00:00,2026-07-04T00:27:00+00:00,2026-07-04T00:27:00+00:00,1.451,4.5502,9.0909,0.6764,0.2157,0.108,1-0,home,Y,Y,COL,哥伦比亚,CONMEBOL,South America,13,N,GHA,加纳,CAF,Africa,73,N,N,N,-60,87,round-of-32,2,knockout,,Arrowhead Stadium,kansas-city,Y,,home,0.6764,0.108,0.5684,0.4607,1.2056,44,8065.9322,high,6.08,6.19,3,3,-0.11
650867,Canada vs. Morocco,Canada,Morocco,fifwc-can-mar-2026-07-04,2026-07-04T17:00:00+00:00,2026-07-05 01:00,2026-07-04T16:00:00+00:00,2026-07-04T17:00:00Z,2026-06-30T10:03:46.600404Z,0.18,0.29,0.54999508,data_api_vwap_3m_pre_anchor,data_api_vwap_3m_pre_anchor,data_api_vwap_3m_pre_anchor,high,high,high,14,18,75,2828.70665,4052.425838,53791.978984,23,1,1,2026-07-04T15:59:37+00:00,2026-07-04T15:59:59+00:00,2026-07-04T15:59:59+00:00,2026-07-04T15:57:00+00:00,2026-07-04T15:57:00+00:00,2026-07-04T15:57:00+00:00,5.5556,3.4483,1.8182,0.1765,0.2843,0.5392,0-3,away,Y,Y,CAN,加拿大,CONCACAF,North America,30,Y,MAR,摩洛哥,CAF,Africa,7,N,N,N,23,90,round-of-16,3,knockout,,NRG Stadium,houston,Y,,away,0.5392,0.1765,-0.3627,0.2549,1.438,107,60673.1115,high,5.92,4.67,4,4,1.25
654603,Paraguay vs. France,Paraguay,France,fifwc-par-fra-2026-07-04,2026-07-04T21:00:00+00:00,2026-07-05 05:00,2026-07-04T20:00:00+00:00,2026-07-04T21:00:00Z,2026-07-01T10:03:23.53868Z,0.04994076,0.1399332,0.82949569,data_api_vwap_3m_pre_anchor,data_api_vwap_3m_pre_anchor,data_api_vwap_3m_pre_anchor,high,high,high,17,15,63,10127.6,2302.52284,7148.026357,17,20,1,2026-07-04T19:59:43+00:00,2026-07-04T19:59:40+00:00,2026-07-04T19:59:59+00:00,2026-07-04T19:57:00+00:00,2026-07-04T19:57:00+00:00,2026-07-04T19:57:00+00:00,20.0237,7.1463,1.2056,0.049,0.1373,0.8137,0-1,away,Y,Y,PAR,巴拉圭,CONMEBOL,South America,41,N,FRA,法国,UEFA,Europe,3,N,N,N,38,89,round-of-16,3,knockout,,Lincoln Financial Field,philadelphia,Y,,away,0.8137,0.049,-0.7647,0.6764,0.8485,95,19578.1492,high,5.02,4.0,4,4,1.02
654615,Brazil vs. Norway,Brazil,Norway,fifwc-bra-nor-2026-07-05,2026-07-05T20:00:00+00:00,2026-07-06 04:00,2026-07-05T19:00:00+00:00,2026-07-05T20:00:00Z,2026-07-01T10:03:40.226987Z,0.54981432,0.26999999,0.19999137,data_api_vwap_3m_pre_anchor,data_api_vwap_3m_pre_anchor,data_api_vwap_3m_pre_anchor,high,high,high,58,7,28,9409.373594,295.185174,23171.95,1,49,11,2026-07-05T18:59:59+00:00,2026-07-05T18:59:11+00:00,2026-07-05T18:59:49+00:00,2026-07-05T18:57:00+00:00,2026-07-05T18:57:00+00:00,2026-07-05T18:57:00+00:00,1.8188,3.7037,5.0002,0.5391,0.2648,0.1961,1-2,away,Y,Y,BRA,巴西,CONMEBOL,South America,6,N,NOR,挪威,UEFA,Europe,31,N,N,N,-25,91,round-of-16,3,knockout,,MetLife Stadium,new-york,Y,,home,0.5391,0.1961,0.343,0.2743,1.4491,93,32876.5088,high,6.12,5.12,4,4,1.0
658244,Mexico vs. England,Mexico,England,fifwc-mex-eng-2026-07-05,2026-07-06T00:00:00+00:00,2026-07-06 08:00,2026-07-05T23:00:00+00:00,2026-07-06T00:00:00Z,2026-07-02T10:03:13.026322Z,0.31944928,0.31949749,0.37964877,data_api_vwap_3m_pre_anchor,data_api_vwap_3m_pre_anchor,data_api_vwap_3m_pre_anchor,high,high,high,73,21,66,14744.3125,7077.21875,10994.819376,2,5,1,2026-07-05T22:59:58+00:00,2026-07-05T22:59:55+00:00,2026-07-05T22:59:59+00:00,2026-07-05T22:57:00+00:00,2026-07-05T22:57:00+00:00,2026-07-05T22:57:00+00:00,3.1304,3.1299,2.634,0.3136,0.3137,0.3727,2-3,away,Y,Y,MEX,墨西哥,CONCACAF,North America,14,Y,ENG,英格兰,UEFA,Europe,4,N,N,N,10,92,round-of-16,3,knockout,,Estadio Azteca,mexico-city,Y,,away,0.3727,0.3136,-0.0591,0.059,1.58,160,32816.3506,high,4.96,4.33,4,4,0.63
662059,Portugal vs. Spain,Portugal,Spain,fifwc-prt-esp-2026-07-06,2026-07-06T19:00:00+00:00,2026-07-07 03:00,2026-07-06T18:00:00+00:00,2026-07-06T19:00:00Z,2026-07-03T10:06:11.669351Z,0.23999491,0.27999999,0.50995205,data_api_vwap_3m_pre_anchor,data_api_vwap_3m_pre_anchor,data_api_vwap_3m_pre_anchor,high,high,high,40,18,45,17068.463288,1500.382838,16194.578766,4,1,1,2026-07-06T17:59:56+00:00,2026-07-06T17:59:59+00:00,2026-07-06T17:59:59+00:00,2026-07-06T17:57:00+00:00,2026-07-06T17:57:00+00:00,2026-07-06T17:57:00+00:00,4.1668,3.5714,1.961,0.233,0.2719,0.4951,0-1,away,Y,Y,POR,葡萄牙,UEFA,Europe,5,N,ESP,西班牙,UEFA,Europe,2,N,Y,Y,3,93,round-of-16,3,knockout,,AT&T Stadium,dallas,Y,,away,0.4951,0.233,-0.2621,0.2232,1.5027,103,34763.4249,high,3.83,4.0,4,4,-0.17
658252,United States vs. Belgium,United States,Belgium,fifwc-usa-bel-2026-07-06,2026-07-07T00:00:00+00:00,2026-07-07 08:00,2026-07-06T23:00:00+00:00,2026-07-07T00:00:00Z,2026-07-02T10:07:24.40295Z,0.36991852,0.29,0.34998657,data_api_vwap_3m_pre_anchor,data_api_vwap_3m_pre_anchor,data_api_vwap_3m_pre_anchor,high,high,high,75,4,18,33785.749146,451.586204,4252.967119,1,34,2,2026-07-06T22:59:59+00:00,2026-07-06T22:59:26+00:00,2026-07-06T22:59:58+00:00,2026-07-06T22:57:00+00:00,2026-07-06T22:57:00+00:00,2026-07-06T22:57:00+00:00,2.7033,3.4483,2.8573,0.3663,0.2872,0.3466,1-4,away,Y,Y,USA,美国,CONCACAF,North America,17,Y,BEL,比利时,UEFA,Europe,9,N,N,N,8,94,round-of-16,3,knockout,,Lumen Field,seattle,Y,,home,0.3663,0.2872,0.0197,0.0197,1.5775,97,38490.3025,high,5.0,5.17,4,4,-0.17
665652,Argentina vs. Egypt,Argentina,Egypt,fifwc-arg-egy-2026-07-07,2026-07-07T16:00:00+00:00,2026-07-08 00:00,2026-07-07T15:00:00+00:00,2026-07-07T16:00:00Z,2026-07-04T10:06:26.358628Z,0.73643893,0.2,0.07996137,data_api_vwap_3m_pre_anchor,data_api_vwap_3m_pre_anchor,data_api_vwap_3m_pre_anchor,high,high,high,129,15,29,56369.5484,26383.95,27320.425,1,1,8,2026-07-07T14:59:59+00:00,2026-07-07T14:59:59+00:00,2026-07-07T14:59:52+00:00,2026-07-07T14:57:00+00:00,2026-07-07T14:57:00+00:00,2026-07-07T14:57:00+00:00,1.3579,5.0,12.506,0.7246,0.1968,0.0787,3-2,home,Y,Y,ARG,阿根廷,CONMEBOL,South America,1,N,EGY,埃及,CAF,Africa,29,N,N,N,-28,95,round-of-16,3,knockout,,Mercedes-Benz Stadium,atlanta,Y,,home,0.7246,0.0787,0.6459,0.5278,1.0869,173,110073.9234,high,3.75,3.92,4,4,-0.17
665660,Switzerland vs. Colombia,Switzerland,Colombia,fifwc-che-col-2026-07-07,2026-07-07T20:00:00+00:00,2026-07-08 04:00,2026-07-07T19:00:00+00:00,2026-07-07T20:00:00Z,2026-07-04T10:03:33.875122Z,0.26998547,0.33,0.41998057,data_api_vwap_3m_pre_anchor,data_api_vwap_3m_pre_anchor,data_api_vwap_3m_pre_anchor,high,high,high,43,21,71,25494.029942,9276.909067,29006.992769,1,20,4,2026-07-07T18:59:59+00:00,2026-07-07T18:59:40+00:00,2026-07-07T18:59:56+00:00,2026-07-07T18:57:00+00:00,2026-07-07T18:57:00+00:00,2026-07-07T18:57:00+00:00,3.7039,3.0303,2.3811,0.2647,0.3235,0.4118,0-0,draw,Y,Y,SUI,瑞士,UEFA,Europe,19,N,COL,哥伦比亚,CONMEBOL,South America,13,N,N,N,6,96,round-of-16,3,knockout,,BC Place,vancouver,Y,,away,0.4118,0.2647,-0.1471,0.0883,1.5614,135,63777.9318,high,4.71,3.77,4,4,0.94
669233,France vs. Morocco,France,Morocco,fifwc-fra-mar-2026-07-09,2026-07-09T20:00:00+00:00,2026-07-10 04:00,2026-07-09T19:00:00+00:00,2026-07-09T20:00:00Z,2026-07-05T10:04:21.734241Z,0.61247845,0.25243931,0.14213325,data_api_vwap_3m_pre_anchor,data_api_vwap_3m_pre_anchor,data_api_vwap_3m_pre_anchor,high,high,high,47,10,31,16897.830755,865.1188,6634.275044,1,5,1,2026-07-09T18:59:59+00:00,2026-07-09T18:59:55+00:00,2026-07-09T18:59:59+00:00,2026-07-09T18:57:00+00:00,2026-07-09T18:57:00+00:00,2026-07-09T18:57:00+00:00,1.6327,3.9613,7.0357,0.6082,0.2507,0.1411,2-0,home,Y,Y,FRA,法国,UEFA,Europe,3,N,MAR,摩洛哥,CAF,Africa,7,N,N,N,-4,97,quarter-finals,4,knockout,,Gillette Stadium,boston,Y,,home,0.6082,0.1411,0.4671,0.3575,1.3353,88,24397.2246,high,4.96,5.12,5,5,-0.16
676288,Spain vs. Belgium,Spain,Belgium,fifwc-esp-bel-2026-07-10,2026-07-10T19:00:00+00:00,2026-07-11 03:00,2026-07-10T18:00:00+00:00,2026-07-10T19:00:00Z,2026-07-07T10:07:22.501884Z,0.60438307,0.24707662,0.16155739,data_api_vwap_3m_pre_anchor,data_api_vwap_3m_pre_anchor,data_api_vwap_3m_pre_anchor,high,high,high,109,20,34,11130.941303,1642.009374,93419.682152,1,8,11,2026-07-10T17:59:59+00:00,2026-07-10T17:59:52+00:00,2026-07-10T17:59:49+00:00,2026-07-10T17:57:00+00:00,2026-07-10T17:57:00+00:00,2026-07-10T17:57:00+00:00,1.6546,4.0473,6.1898,0.5966,0.2439,0.1595,2-1,home,Y,Y,ESP,西班牙,UEFA,Europe,2,N,BEL,比利时,UEFA,Europe,9,N,Y,Y,-7,98,quarter-finals,4,knockout,,SoFi Stadium,los-angeles,Y,,home,0.5966,0.1595,0.4371,0.3527,1.3635,163,106192.6328,high,4.0,3.79,5,5,0.21
672628,Norway vs. England,Norway,England,fifwc-nor-eng-2026-07-11,2026-07-11T21:00:00+00:00,2026-07-12 05:00,2026-07-11T20:00:00+00:00,2026-07-11T21:00:00Z,2026-07-06T10:03:34.767404Z,0.22994705,0.24746604,0.52497874,data_api_vwap_3m_pre_anchor,data_api_vwap_3m_pre_anchor,data_api_vwap_3m_pre_anchor,high,high,high,74,13,67,30751.445989,3509.821399,10987.354676,2,4,8,2026-07-11T19:59:58+00:00,2026-07-11T19:59:56+00:00,2026-07-11T19:59:52+00:00,2026-07-11T19:57:00+00:00,2026-07-11T19:57:00+00:00,2026-07-11T19:57:00+00:00,4.3488,4.041,1.9048,0.2294,0.2469,0.5237,1-2,draw,Y,Y,NOR,挪威,UEFA,Europe,31,N,ENG,英格兰,UEFA,Europe,4,N,Y,Y,27,99,quarter-finals,4,knockout,,Hard Rock Stadium,miami,Y,,away,0.5237,0.2294,-0.2943,0.2768,1.4742,154,45248.6221,high,6.04,5.88,5,5,0.16
679992,Argentina vs. Switzerland,Argentina,Switzerland,fifwc-arg-che-2026-07-11,2026-07-12T01:00:00+00:00,2026-07-12 09:00,2026-07-12T00:00:00+00:00,2026-07-12T01:00:00Z,2026-07-08T10:05:13.969603Z,0.57442375,0.27498827,0.15741061,data_api_vwap_3m_pre_anchor,data_api_vwap_3m_pre_anchor,data_api_vwap_3m_pre_anchor,high,high,high,213,33,35,60462.022141,2325.02723,18525.329649,1,1,5,2026-07-11T23:59:59+00:00,2026-07-11T23:59:59+00:00,2026-07-11T23:59:55+00:00,2026-07-11T23:57:00+00:00,2026-07-11T23:57:00+00:00,2026-07-11T23:57:00+00:00,1.7409,3.6365,6.3528,0.5705,0.2731,0.1563,3-1,draw,Y,Y,ARG,阿根廷,CONMEBOL,South America,1,N,SUI,瑞士,UEFA,Europe,19,N,N,N,-18,100,quarter-finals,4,knockout,,Arrowhead Stadium,kansas-city,Y,,home,0.5705,0.1563,0.4142,0.2974,1.3918,281,81312.379,high,4.38,4.21,5,5,0.17
691040,France vs. Spain,France,Spain,fifwc-fra-esp-2026-07-14,2026-07-14T19:00:00+00:00,2026-07-15 03:00,2026-07-14T18:00:00+00:00,2026-07-14T19:00:00Z,2026-07-11T10:03:23.216548Z,0.37733868,0.3225,0.3,data_api_vwap_3m_pre_anchor,data_api_vwap_3m_pre_anchor,data_api_vwap_3m_pre_anchor,high,high,high,85,18,18,11448.113609,6789.268277,3553.633313,4,4,2,2026-07-14T17:59:56+00:00,2026-07-14T17:59:56+00:00,2026-07-14T17:59:58+00:00,2026-07-14T17:57:00+00:00,2026-07-14T17:57:00+00:00,2026-07-14T17:57:00+00:00,2.6501,3.1008,3.3333,0.3774,0.3226,0.3,0-2,away,Y,Y,FRA,法国,UEFA,Europe,3,N,ESP,西班牙,UEFA,Europe,2,N,Y,Y,1,101,semi-finals,5,knockout,,AT&T Stadium,dallas,Y,,home,0.3774,0.3,0.0774,0.0548,1.5782,121,21791.0152,high,4.96,4.0,6,6,0.96
694581,England vs. Argentina,England,Argentina,fifwc-eng-arg-2026-07-15,2026-07-15T19:00:00+00:00,2026-07-16 03:00,2026-07-15T18:00:00+00:00,2026-07-15T19:00:00Z,2026-07-12T10:03:27.210253Z,0.36241567,0.33499999,0.3119371,data_api_vwap_3m_pre_anchor,data_api_vwap_3m_pre_anchor,data_api_vwap_3m_pre_anchor,high,high,high,53,11,44,9944.708208,638.507445,18436.206,11,2,1,2026-07-15T17:59:49+00:00,2026-07-15T17:59:58+00:00,2026-07-15T17:59:59+00:00,2026-07-15T17:57:00+00:00,2026-07-15T17:57:00+00:00,2026-07-15T17:57:00+00:00,2.7593,2.9851,3.2058,0.3591,0.3319,0.309,1-2,away,Y,Y,ENG,英格兰,UEFA,Europe,4,N,ARG,阿根廷,CONMEBOL,South America,1,N,N,N,3,102,semi-finals,5,knockout,,Mercedes-Benz Stadium,atlanta,Y,,home,0.3591,0.309,0.0501,0.0272,1.5822,108,29019.4217,high,3.92,3.75,6,6,0.17
708596,France vs. England,France,England,fifwc-fra-eng-2026-07-18,2026-07-18T21:00:00+00:00,2026-07-19 05:00,2026-07-18T20:00:00+00:00,2026-07-18T21:00:00Z,2026-07-16T02:52:00.90295Z,0.55954395,0.22999999,0.23,data_api_vwap_3m_pre_anchor,data_api_vwap_3m_pre_anchor,data_api_vwap_3m_pre_anchor,high,high,high,31,5,5,5304.086398,242.434775,972.782603,0,27,2,2026-07-18T20:00:00+00:00,2026-07-18T19:59:33+00:00,2026-07-18T19:59:58+00:00,2026-07-18T19:57:00+00:00,2026-07-18T19:57:00+00:00,2026-07-18T19:57:00+00:00,1.7872,4.3478,4.3478,0.5488,0.2256,0.2256,4-6,away,Y,Y,FRA,法国,UEFA,Europe,3,N,ENG,英格兰,UEFA,Europe,4,N,Y,Y,-1,103,third-place,6,knockout,,Hard Rock Stadium,miami,Y,,home,0.5488,0.2256,0.3232,0.3232,1.4443,41,6519.3038,high,4.08,3.08,7,7,1.0
708597,Spain vs. Argentina,Spain,Argentina,fifwc-esp-arg-2026-07-19,2026-07-19T19:00:00+00:00,2026-07-20 03:00,2026-07-19T18:00:00+00:00,2026-07-19T19:00:00Z,2026-07-16T02:57:42.190653Z,0.42742366,0.32,0.26247088,data_api_vwap_3m_pre_anchor,data_api_vwap_3m_pre_anchor,data_api_vwap_3m_pre_anchor,high,high,high,39,21,52,10042.17785,1616.03125,17889.054704,9,26,2,2026-07-19T17:59:51+00:00,2026-07-19T17:59:34+00:00,2026-07-19T17:59:58+00:00,2026-07-19T17:57:00+00:00,2026-07-19T17:57:00+00:00,2026-07-19T17:57:00+00:00,2.3396,3.125,3.8099,0.4232,0.3169,0.2599,1-0,draw,Y,Y,ESP,西班牙,UEFA,Europe,2,N,ARG,阿根廷,CONMEBOL,South America,1,N,N,N,1,104,final,7,knockout,,MetLife Stadium,new-york,Y,,home,0.4232,0.2599,0.1633,0.1063,1.5556,112,29547.2638,high,5.0,4.0,7,7,1.0
