event_id,title,home_team,away_team,event_slug,kickoff_utc,kickoff_beijing,target_pre1h_utc,raw_endDate,raw_startDate,home_price,draw_price,away_price,home_no_price,draw_no_price,away_no_price,home_price_method,draw_price_method,away_price_method,home_price_quality,draw_price_quality,away_price_quality,home_trade_count,draw_trade_count,away_trade_count,home_trade_volume,draw_trade_volume,away_trade_volume,home_price_age_seconds,draw_price_age_seconds,away_price_age_seconds,home_price_point_utc,draw_price_point_utc,away_price_point_utc,home_window_start_utc,draw_window_start_utc,away_window_start_utc,home_no_quality,draw_no_quality,away_no_quality,home_no_trade_count,draw_no_trade_count,away_no_trade_count,home_no_price_age,draw_no_price_age,away_no_price_age,home_odds,draw_odds,away_odds,home_prob_norm,draw_prob_norm,away_prob_norm,final_score,result_regular,match_ended,settled
351715,Mexico vs. South Africa,Mexico,South Africa,fifwc-mex-rsa-2026-06-11,2026-06-11T19:00:00+00:00,2026-06-12 03:00,2026-06-11T18:00:00+00:00,2026-06-11T19:00:00Z,2026-04-06T22:48:47.767995Z,0.6993359,0.20740121,0.10991214,0.30998961,0.79091575,0.89998131,data_api_vwap_3m_pre_anchor,data_api_vwap_3m_pre_anchor,data_api_vwap_3m_pre_anchor,high,high,high,73,24,22,8723.812751,2410.052357,3528.305431,3,12,8,2026-06-11T17:59:57+00:00,2026-06-11T17:59:48+00:00,2026-06-11T17:59:52+00:00,2026-06-11T17:57:00+00:00,2026-06-11T17:57:00+00:00,2026-06-11T17:57:00+00:00,high,medium,medium,14,3,9,12,204,138,1.4299,4.8216,9.0982,0.6879,0.204,0.1081,2-0,home,Y,Y
351716,Korea Republic vs. Czechia,Korea Republic,Czechia,fifwc-kr-cze-2026-06-11,2026-06-12T02:00:00+00:00,2026-06-12 10:00,2026-06-12T01:00:00+00:00,2026-06-12T02:00:00Z,2026-04-06T22:29:59.762389Z,0.37951897,0.32,0.319737,0.62998044,0.68999996,0.69,data_api_vwap_3m_pre_anchor,data_api_vwap_3m_pre_anchor,data_api_vwap_3m_pre_anchor,high,high,high,58,19,14,8315.536766,5249.80875,4649.0825,0,6,0,2026-06-12T01:00:00+00:00,2026-06-12T00:59:54+00:00,2026-06-12T01:00:00+00:00,2026-06-12T00:57:00+00:00,2026-06-12T00:57:00+00:00,2026-06-12T00:57:00+00:00,medium,high,high,9,3,4,47,74,8,2.6349,3.125,3.1276,0.3723,0.314,0.3137,2-1,home,Y,Y
351717,Canada vs. Bosnia-Herzegovina,Canada,Bosnia-Herzegovina,fifwc-can-bih-2026-06-12,2026-06-12T19:00:00+00:00,2026-06-13 03:00,2026-06-12T18:00:00+00:00,2026-06-12T19:00:00Z,2026-04-06T22:48:44.921385Z,0.5399709,0.27999102,0.2,0.46953279,0.73,0.80967196,data_api_vwap_3m_pre_anchor,data_api_vwap_3m_pre_anchor,data_api_vwap_3m_pre_anchor,high,high,high,80,18,24,9349.50026,1882.939977,3345.2,8,20,18,2026-06-12T17:59:52+00:00,2026-06-12T17:59:40+00:00,2026-06-12T17:59:42+00:00,2026-06-12T17:57:00+00:00,2026-06-12T17:57:00+00:00,2026-06-12T17:57:00+00:00,high,high,medium,9,3,7,36,27,75,1.852,3.5715,5.0,0.5294,0.2745,0.1961,1-1,draw,Y,Y
351718,United States vs. Paraguay,United States,Paraguay,fifwc-usa-par-2026-06-12,2026-06-13T01:00:00+00:00,2026-06-13 09:00,2026-06-13T00:00:00+00:00,2026-06-13T01:00:00Z,2026-04-06T22:27:03.503961Z,0.46960381,0.29999903,0.23717686,0.53872983,0.70991422,0.76620297,data_api_vwap_3m_pre_anchor,data_api_vwap_3m_pre_anchor,data_api_vwap_3m_pre_anchor,high,high,high,76,11,13,21743.607139,34493.82999,1121.659987,9,36,5,2026-06-12T23:59:51+00:00,2026-06-12T23:59:24+00:00,2026-06-12T23:59:55+00:00,2026-06-12T23:57:00+00:00,2026-06-12T23:57:00+00:00,2026-06-12T23:57:00+00:00,medium,high,medium,22,3,12,84,45,105,2.1295,3.3333,4.2163,0.4664,0.298,0.2356,4-1,home,Y,Y
351719,Qatar vs. Switzerland,Qatar,Switzerland,fifwc-qat-che-2026-06-13,2026-06-13T19:00:00+00:00,2026-06-14 03:00,2026-06-13T18:00:00+00:00,2026-06-13T19:00:00Z,2026-04-06T22:29:59.792044Z,0.06,0.12999998,0.8297304,0.941,0.88,0.1799142,data_api_vwap_3m_pre_anchor,data_api_vwap_3m_pre_anchor,data_api_vwap_3m_pre_anchor,high,high,high,17,4,53,2303.666648,215.38461,4482.285993,29,5,0,2026-06-13T17:59:31+00:00,2026-06-13T17:59:55+00:00,2026-06-13T18:00:00+00:00,2026-06-13T17:57:00+00:00,2026-06-13T17:57:00+00:00,2026-06-13T17:57:00+00:00,medium,fair,high,6,5,14,123,950,8,16.6667,7.6923,1.2052,0.0588,0.1275,0.8137,1-1,draw,Y,Y
351720,Brazil vs. Morocco,Brazil,Morocco,fifwc-bra-mar-2026-06-13,2026-06-13T22:00:00+00:00,2026-06-14 06:00,2026-06-13T21:00:00+00:00,2026-06-13T22:00:00Z,2026-04-06T22:27:04.628244Z,0.58994515,0.26,0.16994612,0.41775401,0.75,0.84,data_api_vwap_3m_pre_anchor,data_api_vwap_3m_pre_anchor,data_api_vwap_3m_pre_anchor,high,high,high,84,9,30,33442.412919,1918.807679,37117.758787,0,8,2,2026-06-13T21:00:00+00:00,2026-06-13T20:59:52+00:00,2026-06-13T20:59:58+00:00,2026-06-13T20:57:00+00:00,2026-06-13T20:57:00+00:00,2026-06-13T20:57:00+00:00,high,high,high,5,3,3,32,2,26,1.6951,3.8462,5.8842,0.5784,0.2549,0.1666,1-1,draw,Y,Y
351721,Haiti vs. Scotland,Haiti,Scotland,fifwc-hai-sco-2026-06-13,2026-06-14T01:00:00+00:00,2026-06-14 09:00,2026-06-14T00:00:00+00:00,2026-06-14T01:00:00Z,2026-04-06T22:38:23.477997Z,0.16,0.20999998,0.62861562,0.84491745,0.79030789,0.37000418,data_api_vwap_3m_pre_anchor,data_api_vwap_3m_pre_anchor,data_api_vwap_3m_pre_anchor,high,high,high,6,211,55,769.805,8119.571055,11850.969138,20,41,9,2026-06-13T23:59:40+00:00,2026-06-13T23:59:19+00:00,2026-06-13T23:59:51+00:00,2026-06-13T23:57:00+00:00,2026-06-13T23:57:00+00:00,2026-06-13T23:57:00+00:00,medium,high,medium,17,12,3,177,8,479,6.25,4.7619,1.5908,0.1602,0.2103,0.6295,0-1,away,Y,Y
351722,Australia vs. Türkiye,Australia,Türkiye,fifwc-aus-tur-2026-06-14,2026-06-14T04:00:00+00:00,2026-06-14 12:00,2026-06-14T03:00:00+00:00,2026-06-14T04:00:00Z,2026-04-06T22:30:00.64125Z,0.18,0.25999999,0.56999411,0.83,0.74999987,0.44,data_api_vwap_3m_pre_anchor,data_api_vwap_3m_pre_anchor,data_api_vwap_3m_pre_anchor,high,high,high,22,9,83,8630.032199,697.76922,18999.006877,5,12,0,2026-06-14T02:59:55+00:00,2026-06-14T02:59:48+00:00,2026-06-14T03:00:00+00:00,2026-06-14T02:57:00+00:00,2026-06-14T02:57:00+00:00,2026-06-14T02:57:00+00:00,high,medium,high,4,3,8,141,554,44,5.5556,3.8462,1.7544,0.1782,0.2574,0.5644,2-0,home,Y,Y
351723,Germany vs. Curaçao,Germany,Curaçao,fifwc-ger-kor-2026-06-14,2026-06-14T17:00:00+00:00,2026-06-15 01:00,2026-06-14T16:00:00+00:00,2026-06-14T17:00:00Z,2026-04-06T22:52:30.908306Z,0.94638772,0.03624034,0.0238098,0.05438054,0.96449783,0.97782297,data_api_vwap_3m_pre_anchor,data_api_vwap_3m_pre_anchor,data_api_vwap_3m_pre_anchor,high,high,high,36,31,32,14210.328097,2378.30194,409825.751271,0,3,2,2026-06-14T16:00:00+00:00,2026-06-14T15:59:57+00:00,2026-06-14T15:59:58+00:00,2026-06-14T15:57:00+00:00,2026-06-14T15:57:00+00:00,2026-06-14T15:57:00+00:00,high,high,high,38,35,48,0,0,0,1.0566,27.5936,41.9995,0.9403,0.036,0.0237,7-1,home,Y,Y
351724,Netherlands vs. Japan,Netherlands,Japan,fifwc-nld-jpn-2026-06-14,2026-06-14T20:00:00+00:00,2026-06-15 04:00,2026-06-14T19:00:00+00:00,2026-06-14T20:00:00Z,2026-04-06T22:46:26.529757Z,0.45989094,0.28973137,0.26919496,0.55,0.72,0.74,data_api_vwap_3m_pre_anchor,data_api_vwap_3m_pre_anchor,data_api_vwap_3m_pre_anchor,high,high,high,54,22,48,3520.152118,1153.648249,4236.838096,2,3,0,2026-06-14T18:59:58+00:00,2026-06-14T18:59:57+00:00,2026-06-14T19:00:00+00:00,2026-06-14T18:57:00+00:00,2026-06-14T18:57:00+00:00,2026-06-14T18:57:00+00:00,high,medium,high,3,3,10,33,207,117,2.1744,3.4515,3.7148,0.4514,0.2844,0.2642,2-2,draw,Y,Y
351725,Côte d'Ivoire vs. Ecuador,Côte d'Ivoire,Ecuador,fifwc-civ-ecu-2026-06-14,2026-06-14T23:00:00+00:00,2026-06-15 07:00,2026-06-14T22:00:00+00:00,2026-06-14T23:00:00Z,2026-04-06T22:34:39.221031Z,0.27968717,0.33999492,0.38996844,0.73,0.67,0.61974574,data_api_vwap_3m_pre_anchor,data_api_vwap_3m_pre_anchor,data_api_vwap_3m_pre_anchor,high,high,high,103,176,688,25681.497023,12156.584658,74138.383644,0,0,0,2026-06-14T22:00:00+00:00,2026-06-14T22:00:00+00:00,2026-06-14T22:00:00+00:00,2026-06-14T21:57:00+00:00,2026-06-14T21:57:00+00:00,2026-06-14T21:57:00+00:00,high,high,high,6,3,12,6,14,26,3.5754,2.9412,2.5643,0.277,0.3367,0.3862,1-0,home,Y,Y
351726,Sweden vs. Tunisia,Sweden,Tunisia,fifwc-swe-tun-2026-06-14,2026-06-15T02:00:00+00:00,2026-06-15 10:00,2026-06-15T01:00:00+00:00,2026-06-15T02:00:00Z,2026-04-06T22:27:04.361232Z,0.50990365,0.28984964,0.2082783,0.49999891,0.71967908,0.8,data_api_vwap_3m_pre_anchor,data_api_vwap_3m_pre_anchor,data_api_vwap_3m_pre_anchor,high,high,high,91,13,14,27532.603206,458.269292,800.083318,0,2,3,2026-06-15T01:00:00+00:00,2026-06-15T00:59:58+00:00,2026-06-15T00:59:57+00:00,2026-06-15T00:57:00+00:00,2026-06-15T00:57:00+00:00,2026-06-15T00:57:00+00:00,high,fair,fair,5,33,28,0,75,333,1.9612,3.4501,4.8013,0.5058,0.2875,0.2066,5-1,home,Y,Y
351727,Spain vs. Cabo Verde,Spain,Cabo Verde,fifwc-esp-cvi-2026-06-15,2026-06-15T16:00:00+00:00,2026-06-16 00:00,2026-06-15T15:00:00+00:00,2026-06-15T16:00:00Z,2026-04-06T22:30:00.636492Z,0.92988194,0.05341091,0.02299767,0.07971831,0.94594934,0.978,data_api_vwap_3m_pre_anchor,data_api_vwap_3m_pre_anchor,data_api_vwap_3m_pre_anchor,high,high,high,44,4,19,14547.918075,225.328437,1825.109554,5,9,41,2026-06-15T14:59:55+00:00,2026-06-15T14:59:51+00:00,2026-06-15T14:59:19+00:00,2026-06-15T14:57:00+00:00,2026-06-15T14:57:00+00:00,2026-06-15T14:57:00+00:00,high,fair,medium,18,16,4,5,59,57,1.0754,18.7228,43.4827,0.9241,0.0531,0.0229,0-0,draw,Y,Y
351728,Belgium vs. Egypt,Belgium,Egypt,fifwc-bel-egy-2026-06-15,2026-06-15T19:00:00+00:00,2026-06-16 03:00,2026-06-15T18:00:00+00:00,2026-06-15T19:00:00Z,2026-04-06T22:34:39.427606Z,0.63985643,0.23987147,0.14990654,0.36887084,0.76966191,0.85993662,data_api_vwap_3m_pre_anchor,data_api_vwap_3m_pre_anchor,data_api_vwap_3m_pre_anchor,high,high,high,182,47,65,35612.045,3112.239943,14017.066592,0,0,0,2026-06-15T18:00:00+00:00,2026-06-15T18:00:00+00:00,2026-06-15T18:00:00+00:00,2026-06-15T17:57:00+00:00,2026-06-15T17:57:00+00:00,2026-06-15T17:57:00+00:00,high,high,high,170,3,31,0,111,0,1.5629,4.1689,6.6708,0.6214,0.233,0.1456,1-1,draw,Y,Y
351729,Saudi Arabia vs. Uruguay,Saudi Arabia,Uruguay,fifwc-ksa-ury-2026-06-15,2026-06-15T22:00:00+00:00,2026-06-16 06:00,2026-06-15T21:00:00+00:00,2026-06-15T22:00:00Z,2026-04-06T22:44:05.873415Z,0.11958025,0.21987539,0.67999578,0.88999384,0.79,0.33,data_api_vwap_3m_pre_anchor,data_api_vwap_3m_pre_anchor,data_api_vwap_3m_pre_anchor,high,high,high,77,42,86,9529.379917,7294.947215,174116.7034,2,2,0,2026-06-15T20:59:58+00:00,2026-06-15T20:59:58+00:00,2026-06-15T21:00:00+00:00,2026-06-15T20:57:00+00:00,2026-06-15T20:57:00+00:00,2026-06-15T20:57:00+00:00,medium,fair,high,7,12,28,6,105,5,8.3626,4.548,1.4706,0.1173,0.2157,0.667,1-1,draw,Y,Y
351730,IR Iran vs. New Zealand,IR Iran,New Zealand,fifwc-irn-nzl-2026-06-15,2026-06-16T01:00:00+00:00,2026-06-16 09:00,2026-06-16T00:00:00+00:00,2026-06-16T01:00:00Z,2026-04-06T22:38:23.66336Z,0.53843648,0.279708,0.19997873,0.47,0.72997222,0.80007444,data_api_vwap_3m_pre_anchor,data_api_vwap_3m_pre_anchor,data_api_vwap_3m_pre_anchor,high,high,high,43,15,19,1972.290678,2326.027129,4772.5,0,15,2,2026-06-16T00:00:00+00:00,2026-06-15T23:59:45+00:00,2026-06-15T23:59:58+00:00,2026-06-15T23:57:00+00:00,2026-06-15T23:57:00+00:00,2026-06-15T23:57:00+00:00,high,medium,high,4,3,3,26,54,9,1.8572,3.5752,5.0005,0.5289,0.2747,0.1964,2-2,draw,Y,Y
351731,France vs. Senegal,France,Senegal,fifwc-fra-sen-2026-06-16,2026-06-16T19:00:00+00:00,2026-06-17 03:00,2026-06-16T18:00:00+00:00,2026-06-16T19:00:00Z,2026-04-06T22:32:24.186989Z,0.67999832,0.2195231,0.12832913,0.33,0.79,0.88,data_api_vwap_3m_pre_anchor,data_api_vwap_3m_pre_anchor,data_api_vwap_3m_pre_anchor,high,high,high,69,14,19,216450.539289,238.223618,3072.069203,4,79,7,2026-06-16T17:59:56+00:00,2026-06-16T17:58:41+00:00,2026-06-16T17:59:53+00:00,2026-06-16T17:57:00+00:00,2026-06-16T17:57:00+00:00,2026-06-16T17:57:00+00:00,high,high,high,21,5,4,8,19,19,1.4706,4.5553,7.7925,0.6616,0.2136,0.1249,3-1,home,Y,Y
351732,Iraq vs. Norway,Iraq,Norway,fifwc-irq-nor-2026-06-16,2026-06-16T22:00:00+00:00,2026-06-17 06:00,2026-06-16T21:00:00+00:00,2026-06-16T22:00:00Z,2026-04-06T22:44:05.935885Z,0.06985663,0.1394089,0.80997597,0.94,0.87,0.19970094,data_api_vwap_3m_pre_anchor,data_api_vwap_3m_pre_anchor,data_api_vwap_3m_pre_anchor,high,high,high,28,33,54,8698.70997,5178.842826,4427.033234,26,10,4,2026-06-16T20:59:34+00:00,2026-06-16T20:59:50+00:00,2026-06-16T20:59:56+00:00,2026-06-16T20:57:00+00:00,2026-06-16T20:57:00+00:00,2026-06-16T20:57:00+00:00,medium,fair,high,7,17,15,158,1064,19,14.315,7.1731,1.2346,0.0685,0.1368,0.7947,1-4,away,Y,Y
351733,Argentina vs. Algeria,Argentina,Algeria,fifwc-arg-alg-2026-06-16,2026-06-17T01:00:00+00:00,2026-06-17 09:00,2026-06-17T00:00:00+00:00,2026-06-17T01:00:00Z,2026-04-06T22:38:23.694511Z,0.64995007,0.22993061,0.12985702,0.35979025,0.779967,0.88,data_api_vwap_3m_pre_anchor,data_api_vwap_3m_pre_anchor,data_api_vwap_3m_pre_anchor,high,high,high,111,58,23,13439.651355,3832.173449,2913.736892,1,4,4,2026-06-16T23:59:59+00:00,2026-06-16T23:59:56+00:00,2026-06-16T23:59:56+00:00,2026-06-16T23:57:00+00:00,2026-06-16T23:57:00+00:00,2026-06-16T23:57:00+00:00,high,high,high,14,12,12,10,14,7,1.5386,4.3491,7.7008,0.6437,0.2277,0.1286,3-0,home,Y,Y
351734,Austria vs. Jordan,Austria,Jordan,fifwc-aut-jor-2026-06-17,2026-06-17T04:00:00+00:00,2026-06-17 12:00,2026-06-17T03:00:00+00:00,2026-06-17T04:00:00Z,2026-04-06T22:46:26.949295Z,0.69995192,0.19533409,0.11060088,0.30999999,0.81,0.89010942,data_api_vwap_3m_pre_anchor,data_api_vwap_3m_pre_anchor,data_api_vwap_3m_pre_anchor,high,high,high,68,29,13,20378.712759,2736.23,2210.629687,2,2,0,2026-06-17T02:59:58+00:00,2026-06-17T02:59:58+00:00,2026-06-17T03:00:00+00:00,2026-06-17T02:57:00+00:00,2026-06-17T02:57:00+00:00,2026-06-17T02:57:00+00:00,high,fair,high,19,7,16,6,236,14,1.4287,5.1194,9.0415,0.6959,0.1942,0.11,3-1,home,Y,Y
351735,Portugal vs. DR Congo,Portugal,DR Congo,fifwc-prt-cdr-2026-06-17,2026-06-17T17:00:00+00:00,2026-06-18 01:00,2026-06-17T16:00:00+00:00,2026-06-17T17:00:00Z,2026-04-06T22:32:24.181937Z,0.76994909,0.16998815,0.08,0.24,0.84,0.93,data_api_vwap_3m_pre_anchor,data_api_vwap_3m_pre_anchor,data_api_vwap_3m_pre_anchor,high,high,high,91,21,10,7349.915763,4685.902911,743.0,1,4,37,2026-06-17T15:59:59+00:00,2026-06-17T15:59:56+00:00,2026-06-17T15:59:23+00:00,2026-06-17T15:57:00+00:00,2026-06-17T15:57:00+00:00,2026-06-17T15:57:00+00:00,high,medium,medium,5,3,6,16,166,142,1.2988,5.8828,12.5,0.7549,0.1667,0.0784,1-1,draw,Y,Y
351736,England vs. Croatia,England,Croatia,fifwc-eng-hrv-2026-06-17,2026-06-17T20:00:00+00:00,2026-06-18 04:00,2026-06-17T19:00:00+00:00,2026-06-17T20:00:00Z,2026-04-06T22:26:59.112345Z,0.57993671,0.25999999,0.17999182,0.43,0.74991453,0.83,data_api_vwap_3m_pre_anchor,data_api_vwap_3m_pre_anchor,data_api_vwap_3m_pre_anchor,high,high,high,74,37,151,14689.280236,2146.185333,17036.121074,1,2,1,2026-06-17T18:59:59+00:00,2026-06-17T18:59:58+00:00,2026-06-17T18:59:59+00:00,2026-06-17T18:57:00+00:00,2026-06-17T18:57:00+00:00,2026-06-17T18:57:00+00:00,medium,medium,high,12,3,5,2,76,10,1.7243,3.8462,5.5558,0.5686,0.2549,0.1765,4-2,home,Y,Y
351737,Ghana vs. Panama,Ghana,Panama,fifwc-gha-pan-2026-06-17,2026-06-17T23:00:00+00:00,2026-06-18 07:00,2026-06-17T22:00:00+00:00,2026-06-17T23:00:00Z,2026-04-06T22:29:56.521665Z,0.40952902,0.30994844,0.2997464,0.6,0.7,0.71,data_api_vwap_3m_pre_anchor,data_api_vwap_3m_pre_anchor,data_api_vwap_3m_pre_anchor,high,high,high,73,62,132,23079.645029,12282.021579,12092.156639,1,1,1,2026-06-17T21:59:59+00:00,2026-06-17T21:59:59+00:00,2026-06-17T21:59:59+00:00,2026-06-17T21:57:00+00:00,2026-06-17T21:57:00+00:00,2026-06-17T21:57:00+00:00,high,medium,high,7,5,9,23,68,1,2.4418,3.2263,3.3362,0.4018,0.3041,0.2941,1-0,home,Y,Y
351738,Uzbekistan vs. Colombia,Uzbekistan,Colombia,fifwc-uzb-col-2026-06-17,2026-06-18T02:00:00+00:00,2026-06-18 10:00,2026-06-18T01:00:00+00:00,2026-06-18T02:00:00Z,2026-04-06T22:46:21.802577Z,0.09520719,0.2,0.71647296,0.91,0.80999999,0.28999999,data_api_vwap_3m_pre_anchor,data_api_vwap_3m_pre_anchor,data_api_vwap_3m_pre_anchor,high,high,high,17,16,53,2114.0,572.61,6172.375457,13,2,4,2026-06-18T00:59:47+00:00,2026-06-18T00:59:58+00:00,2026-06-18T00:59:56+00:00,2026-06-18T00:57:00+00:00,2026-06-18T00:57:00+00:00,2026-06-18T00:57:00+00:00,medium,medium,high,8,3,3,8,92,10,10.5034,5.0,1.3957,0.0941,0.1977,0.7082,1-3,away,Y,Y
351739,Czechia vs. South Africa,Czechia,South Africa,fifwc-cze-rsa-2026-06-18,2026-06-18T16:00:00+00:00,2026-06-19 00:00,2026-06-18T15:00:00+00:00,2026-06-18T16:00:00Z,2026-04-06T22:44:01.187797Z,0.53944285,0.26999349,0.20859309,0.4699984,0.73840925,0.8,data_api_vwap_3m_pre_anchor,data_api_vwap_3m_pre_anchor,data_api_vwap_3m_pre_anchor,high,high,high,230,39,28,18029.469519,32552.434405,1919.099995,1,5,4,2026-06-18T14:59:59+00:00,2026-06-18T14:59:55+00:00,2026-06-18T14:59:56+00:00,2026-06-18T14:57:00+00:00,2026-06-18T14:57:00+00:00,2026-06-18T14:57:00+00:00,high,medium,high,40,5,4,4,59,38,1.8538,3.7038,4.794,0.5299,0.2652,0.2049,1-1,draw,Y,Y
351740,Switzerland vs. Bosnia-Herzegovina,Switzerland,Bosnia-Herzegovina,fifwc-che-bih-2026-06-18,2026-06-18T19:00:00+00:00,2026-06-19 03:00,2026-06-18T18:00:00+00:00,2026-06-18T19:00:00Z,2026-04-06T22:29:56.518735Z,0.62973089,0.23959973,0.14991353,0.3784164,0.76999995,0.86,data_api_vwap_3m_pre_anchor,data_api_vwap_3m_pre_anchor,data_api_vwap_3m_pre_anchor,high,high,high,91,33,29,9317.666031,2081.653297,3738.876634,1,1,1,2026-06-18T17:59:59+00:00,2026-06-18T17:59:59+00:00,2026-06-18T17:59:59+00:00,2026-06-18T17:57:00+00:00,2026-06-18T17:57:00+00:00,2026-06-18T17:57:00+00:00,high,high,high,10,8,3,8,14,71,1.588,4.1736,6.6705,0.6178,0.2351,0.1471,4-1,home,Y,Y
351741,Canada vs. Qatar,Canada,Qatar,fifwc-can-qat-2026-06-18,2026-06-18T22:00:00+00:00,2026-06-19 06:00,2026-06-18T21:00:00+00:00,2026-06-18T22:00:00Z,2026-04-06T22:44:01.402269Z,0.75955023,0.16998876,0.08999999,0.25,0.83463628,0.91999999,data_api_vwap_3m_pre_anchor,data_api_vwap_3m_pre_anchor,data_api_vwap_3m_pre_anchor,high,high,high,81,38,30,12521.85351,17629.187589,4332.54552,2,1,4,2026-06-18T20:59:58+00:00,2026-06-18T20:59:59+00:00,2026-06-18T20:59:56+00:00,2026-06-18T20:57:00+00:00,2026-06-18T20:57:00+00:00,2026-06-18T20:57:00+00:00,high,high,high,18,7,5,1,70,7,1.3166,5.8827,11.1111,0.745,0.1667,0.0883,6-0,home,Y,Y
351742,Mexico vs. Korea Republic,Mexico,Korea Republic,fifwc-mex-kr-2026-06-18,2026-06-19T01:00:00+00:00,2026-06-19 09:00,2026-06-19T00:00:00+00:00,2026-06-19T01:00:00Z,2026-04-06T22:26:59.067661Z,0.47995516,0.29999732,0.2399876,0.53,0.71,0.77,data_api_vwap_3m_pre_anchor,data_api_vwap_3m_pre_anchor,data_api_vwap_3m_pre_anchor,high,high,high,337,20,124,46829.197466,37367.166641,52356.674969,1,2,1,2026-06-18T23:59:59+00:00,2026-06-18T23:59:58+00:00,2026-06-18T23:59:59+00:00,2026-06-18T23:57:00+00:00,2026-06-18T23:57:00+00:00,2026-06-18T23:57:00+00:00,high,high,high,4,9,3,74,4,46,2.0835,3.3334,4.1669,0.4706,0.2941,0.2353,1-0,home,Y,Y
351743,United States vs. Australia,United States,Australia,fifwc-usa-aus-2026-06-19,2026-06-19T19:00:00+00:00,2026-06-20 03:00,2026-06-19T18:00:00+00:00,2026-06-19T19:00:00Z,2026-04-06T22:29:35.086944Z,0.59788306,0.22842892,0.18995699,0.4097581,0.77999522,0.81944222,data_api_vwap_3m_pre_anchor,data_api_vwap_3m_pre_anchor,data_api_vwap_3m_pre_anchor,high,high,high,91,19,18,6576.343257,531.296075,5003.724194,1,37,22,2026-06-19T17:59:59+00:00,2026-06-19T17:59:23+00:00,2026-06-19T17:59:38+00:00,2026-06-19T17:57:00+00:00,2026-06-19T17:57:00+00:00,2026-06-19T17:57:00+00:00,high,medium,high,10,4,4,5,55,43,1.6726,4.3777,5.2643,0.5883,0.2248,0.1869,2-0,home,Y,Y
351744,Scotland vs. Morocco,Scotland,Morocco,fifwc-sco-mar-2026-06-19,2026-06-19T22:00:00+00:00,2026-06-20 06:00,2026-06-19T21:00:00+00:00,2026-06-19T22:00:00Z,2026-04-06T22:29:55.016266Z,0.16,0.26993709,0.59996464,0.8499296,0.73998231,0.40998133,data_api_vwap_3m_pre_anchor,data_api_vwap_3m_pre_anchor,data_api_vwap_3m_pre_anchor,high,high,high,10,15,72,928.6875,4708.249611,35028.533258,4,13,8,2026-06-19T20:59:56+00:00,2026-06-19T20:59:47+00:00,2026-06-19T20:59:52+00:00,2026-06-19T20:57:00+00:00,2026-06-19T20:57:00+00:00,2026-06-19T20:57:00+00:00,high,fair,high,5,6,11,1,107,16,6.25,3.7046,1.6668,0.1554,0.2621,0.5825,0-1,away,Y,Y
351745,Brazil vs. Haiti,Brazil,Haiti,fifwc-bra-hai-2026-06-19,2026-06-20T00:30:00+00:00,2026-06-20 08:30,2026-06-19T23:30:00+00:00,2026-06-20T00:30:00Z,2026-04-06T22:31:24.681461Z,0.88975597,0.07825155,0.04291248,0.11029546,0.92195795,0.958,data_api_vwap_3m_pre_anchor,data_api_vwap_3m_pre_anchor,data_api_vwap_3m_pre_anchor,high,high,high,17,4,6,3531.068274,100.636452,857.009063,16,14,23,2026-06-19T23:29:44+00:00,2026-06-19T23:29:46+00:00,2026-06-19T23:29:37+00:00,2026-06-19T23:27:00+00:00,2026-06-19T23:27:00+00:00,2026-06-19T23:27:00+00:00,medium,medium,high,6,3,5,127,85,73,1.1239,12.7793,23.3032,0.8801,0.0774,0.0424,3-0,home,Y,Y
351746,Türkiye vs. Paraguay,Türkiye,Paraguay,fifwc-tur-par-2026-06-19,2026-06-20T03:00:00+00:00,2026-06-20 11:00,2026-06-20T02:00:00+00:00,2026-06-20T03:00:00Z,2026-04-06T22:25:06.577999Z,0.48087762,0.28999998,0.23982599,0.52052702,0.71999997,0.77,data_api_vwap_3m_pre_anchor,data_api_vwap_3m_pre_anchor,data_api_vwap_3m_pre_anchor,high,high,high,70,9,19,115457.308188,301.724123,2394.188312,2,44,5,2026-06-20T01:59:58+00:00,2026-06-20T01:59:16+00:00,2026-06-20T01:59:55+00:00,2026-06-20T01:57:00+00:00,2026-06-20T01:57:00+00:00,2026-06-20T01:57:00+00:00,high,medium,high,16,3,5,11,29,23,2.0795,3.4483,4.1697,0.4758,0.2869,0.2373,0-1,away,Y,Y
351747,Netherlands vs. Sweden,Netherlands,Sweden,fifwc-nld-swe-2026-06-20,2026-06-20T17:00:00+00:00,2026-06-21 01:00,2026-06-20T16:00:00+00:00,2026-06-20T17:00:00Z,2026-04-06T22:46:09.675871Z,0.57985081,0.24,0.20998599,0.42991157,0.77,0.8,data_api_vwap_3m_pre_anchor,data_api_vwap_3m_pre_anchor,data_api_vwap_3m_pre_anchor,high,high,high,70,46,23,5501.024709,2700.968308,2034.965213,1,2,17,2026-06-20T15:59:59+00:00,2026-06-20T15:59:58+00:00,2026-06-20T15:59:43+00:00,2026-06-20T15:57:00+00:00,2026-06-20T15:57:00+00:00,2026-06-20T15:57:00+00:00,high,medium,high,15,9,9,13,229,10,1.7246,4.1667,4.7622,0.5631,0.233,0.2039,5-1,home,Y,Y
351748,Germany vs. Côte d'Ivoire,Germany,Côte d'Ivoire,fifwc-ger-civ-2026-06-20,2026-06-20T20:00:00+00:00,2026-06-21 04:00,2026-06-20T19:00:00+00:00,2026-06-20T20:00:00Z,2026-04-06T22:28:52.746942Z,0.68979326,0.19055454,0.12162451,0.32,0.81020048,0.88,data_api_vwap_3m_pre_anchor,data_api_vwap_3m_pre_anchor,data_api_vwap_3m_pre_anchor,high,high,high,203,89,67,89167.578789,4530.676193,20416.482988,1,8,14,2026-06-20T18:59:59+00:00,2026-06-20T18:59:52+00:00,2026-06-20T18:59:46+00:00,2026-06-20T18:57:00+00:00,2026-06-20T18:57:00+00:00,2026-06-20T18:57:00+00:00,high,high,high,4,48,4,2,8,44,1.4497,5.2478,8.222,0.6884,0.1902,0.1214,2-1,home,Y,Y
351749,Ecuador vs. Curaçao,Ecuador,Curaçao,fifwc-ecu-kor-2026-06-20,2026-06-21T00:00:00+00:00,2026-06-21 08:00,2026-06-20T23:00:00+00:00,2026-06-21T00:00:00Z,2026-04-06T22:35:58.695764Z,0.84999177,0.10999999,0.05596804,0.16,0.9,0.945,data_api_vwap_3m_pre_anchor,data_api_vwap_3m_pre_anchor,data_api_vwap_3m_pre_anchor,high,high,high,110,19,23,14512.337513,1310.545434,3352.844256,2,8,13,2026-06-20T22:59:58+00:00,2026-06-20T22:59:52+00:00,2026-06-20T22:59:47+00:00,2026-06-20T22:57:00+00:00,2026-06-20T22:57:00+00:00,2026-06-20T22:57:00+00:00,high,medium,high,12,5,7,10,19,44,1.1765,9.0909,17.8673,0.8366,0.1083,0.0551,0-0,draw,Y,Y
351750,Tunisia vs. Japan,Tunisia,Japan,fifwc-tun-jpn-2026-06-21,2026-06-21T04:00:00+00:00,2026-06-21 12:00,2026-06-21T03:00:00+00:00,2026-06-21T04:00:00Z,2026-04-06T22:40:43.476465Z,0.1099406,0.20996956,0.69317065,0.9,0.79021903,0.30371645,data_api_vwap_3m_pre_anchor,data_api_vwap_3m_pre_anchor,data_api_vwap_3m_pre_anchor,high,high,high,15,10,103,1010.267254,1140.184275,35023.302772,7,7,1,2026-06-21T02:59:53+00:00,2026-06-21T02:59:53+00:00,2026-06-21T02:59:59+00:00,2026-06-21T02:57:00+00:00,2026-06-21T02:57:00+00:00,2026-06-21T02:57:00+00:00,medium,high,high,6,3,9,149,22,13,9.0958,4.7626,1.4426,0.1085,0.2073,0.6842,0-4,away,Y,Y
351751,Spain vs. Saudi Arabia,Spain,Saudi Arabia,fifwc-esp-ksa-2026-06-21,2026-06-21T16:00:00+00:00,2026-06-22 00:00,2026-06-21T15:00:00+00:00,2026-06-21T16:00:00Z,2026-04-06T22:56:11.195123Z,0.89998002,0.08,0.037,0.11,0.92940876,0.964,data_api_vwap_3m_pre_anchor,data_api_vwap_3m_pre_anchor,data_api_vwap_3m_pre_anchor,high,high,high,34,38,22,5505.83323,4069.375,3306.081062,1,10,1,2026-06-21T14:59:59+00:00,2026-06-21T14:59:50+00:00,2026-06-21T14:59:59+00:00,2026-06-21T14:57:00+00:00,2026-06-21T14:57:00+00:00,2026-06-21T14:57:00+00:00,high,fair,high,20,9,4,50,148,7,1.1111,12.5,27.027,0.885,0.0787,0.0364,4-0,home,Y,Y
351752,Belgium vs. IR Iran,Belgium,IR Iran,fifwc-bel-irn-2026-06-21,2026-06-21T19:00:00+00:00,2026-06-22 03:00,2026-06-21T18:00:00+00:00,2026-06-21T19:00:00Z,2026-04-06T22:34:48.631533Z,0.69978631,0.19987881,0.11,0.30944334,0.80548267,0.89992103,data_api_vwap_3m_pre_anchor,data_api_vwap_3m_pre_anchor,data_api_vwap_3m_pre_anchor,high,high,high,65,13,30,5552.054183,4125.6,41108.727245,1,13,5,2026-06-21T17:59:59+00:00,2026-06-21T17:59:47+00:00,2026-06-21T17:59:55+00:00,2026-06-21T17:57:00+00:00,2026-06-21T17:57:00+00:00,2026-06-21T17:57:00+00:00,medium,fair,high,11,16,3,106,80,95,1.429,5.003,9.0909,0.6931,0.198,0.1089,0-0,draw,Y,Y
351753,Uruguay vs. Cabo Verde,Uruguay,Cabo Verde,fifwc-ury-cvi-2026-06-21,2026-06-21T22:00:00+00:00,2026-06-22 06:00,2026-06-21T21:00:00+00:00,2026-06-21T22:00:00Z,2026-04-06T22:54:29.030304Z,0.69995305,0.21999999,0.1,0.31,0.78999999,0.91,data_api_vwap_3m_pre_anchor,data_api_vwap_3m_pre_anchor,data_api_vwap_3m_pre_anchor,high,high,high,39,13,4,7711.829937,924.66453,884.9,7,32,22,2026-06-21T20:59:53+00:00,2026-06-21T20:59:28+00:00,2026-06-21T20:59:38+00:00,2026-06-21T20:57:00+00:00,2026-06-21T20:57:00+00:00,2026-06-21T20:57:00+00:00,medium,fair,high,9,3,3,22,572,55,1.4287,4.5455,10.0,0.6863,0.2157,0.098,2-2,draw,Y,Y
351754,New Zealand vs. Egypt,New Zealand,Egypt,fifwc-nzl-egy-2026-06-21,2026-06-22T01:00:00+00:00,2026-06-22 09:00,2026-06-22T00:00:00+00:00,2026-06-22T01:00:00Z,2026-04-06T22:49:53.10865Z,0.1597273,0.23999999,0.619994,0.85,0.7674852,0.38999999,data_api_vwap_3m_pre_anchor,data_api_vwap_3m_pre_anchor,data_api_vwap_3m_pre_anchor,high,high,high,10,11,20,229.1875,305.958324,2685.222876,16,4,5,2026-06-21T23:59:44+00:00,2026-06-21T23:59:56+00:00,2026-06-21T23:59:55+00:00,2026-06-21T23:57:00+00:00,2026-06-21T23:57:00+00:00,2026-06-21T23:57:00+00:00,medium,fair,high,6,20,3,91,220,109,6.2607,4.1667,1.6129,0.1566,0.2354,0.608,1-3,away,Y,Y
351755,Argentina vs. Austria,Argentina,Austria,fifwc-arg-aut-2026-06-22,2026-06-22T17:00:00+00:00,2026-06-23 01:00,2026-06-22T16:00:00+00:00,2026-06-22T17:00:00Z,2026-04-06T22:53:11.310543Z,0.6799327,0.21826742,0.12,0.32999998,0.78495996,0.88516776,data_api_vwap_3m_pre_anchor,data_api_vwap_3m_pre_anchor,data_api_vwap_3m_pre_anchor,high,high,high,103,23,22,24561.059835,2120.314518,9544.256653,1,2,7,2026-06-22T15:59:59+00:00,2026-06-22T15:59:58+00:00,2026-06-22T15:59:53+00:00,2026-06-22T15:57:00+00:00,2026-06-22T15:57:00+00:00,2026-06-22T15:57:00+00:00,high,high,high,3,4,4,88,79,41,1.4707,4.5815,8.3333,0.6678,0.2144,0.1179,2-0,home,Y,Y
351756,France vs. Iraq,France,Iraq,fifwc-fra-irq-2026-06-22,2026-06-22T21:00:00+00:00,2026-06-23 05:00,2026-06-22T20:00:00+00:00,2026-06-22T21:00:00Z,2026-04-06T22:37:01.118515Z,0.91999236,0.06999998,0.02269629,0.09,0.93001362,0.97619082,data_api_vwap_3m_pre_anchor,data_api_vwap_3m_pre_anchor,data_api_vwap_3m_pre_anchor,high,high,high,42,7,10,40285.261557,282.714275,2789.928691,1,8,2,2026-06-22T19:59:59+00:00,2026-06-22T19:59:52+00:00,2026-06-22T19:59:58+00:00,2026-06-22T19:57:00+00:00,2026-06-22T19:57:00+00:00,2026-06-22T19:57:00+00:00,high,fair,medium,3,101,36,82,466,119,1.087,14.2857,44.0601,0.9085,0.0691,0.0224,3-0,home,Y,Y
351757,Norway vs. Senegal,Norway,Senegal,fifwc-nor-sen-2026-06-22,2026-06-23T00:00:00+00:00,2026-06-23 08:00,2026-06-22T23:00:00+00:00,2026-06-23T00:00:00Z,2026-04-06T22:34:26.592633Z,0.41997723,0.29,0.31961768,0.58811264,0.71999021,0.69,data_api_vwap_3m_pre_anchor,data_api_vwap_3m_pre_anchor,data_api_vwap_3m_pre_anchor,high,high,high,37,13,10,3241.715672,1716.551705,1230.13125,1,40,25,2026-06-22T22:59:59+00:00,2026-06-22T22:59:20+00:00,2026-06-22T22:59:35+00:00,2026-06-22T22:57:00+00:00,2026-06-22T22:57:00+00:00,2026-06-22T22:57:00+00:00,high,fair,high,6,48,13,41,37,16,2.3811,3.4483,3.1287,0.4079,0.2817,0.3104,3-2,home,Y,Y
351758,Jordan vs. Algeria,Jordan,Algeria,fifwc-jor-alg-2026-06-22,2026-06-23T03:00:00+00:00,2026-06-23 11:00,2026-06-23T02:00:00+00:00,2026-06-23T03:00:00Z,2026-04-06T22:33:12.079669Z,0.14,0.2241228,0.64997884,0.8638608,0.78,0.3599942,data_api_vwap_3m_pre_anchor,data_api_vwap_3m_pre_anchor,data_api_vwap_3m_pre_anchor,high,high,high,19,22,36,2477.80855,5006.093019,3308.194552,10,13,1,2026-06-23T01:59:50+00:00,2026-06-23T01:59:47+00:00,2026-06-23T01:59:59+00:00,2026-06-23T01:57:00+00:00,2026-06-23T01:57:00+00:00,2026-06-23T01:57:00+00:00,high,high,medium,4,7,7,112,38,143,7.1429,4.4618,1.5385,0.1381,0.221,0.6409,1-2,away,Y,Y
351759,Portugal vs. Uzbekistan,Portugal,Uzbekistan,fifwc-prt-uzb-2026-06-23,2026-06-23T17:00:00+00:00,2026-06-24 01:00,2026-06-23T16:00:00+00:00,2026-06-23T17:00:00Z,2026-04-06T22:53:40.238439Z,0.85993709,0.10998756,0.05,0.15,0.9,0.96,data_api_vwap_3m_pre_anchor,data_api_vwap_3m_pre_anchor,data_api_vwap_3m_pre_anchor,high,high,high,55,14,15,6639.339542,9969.945435,58998.0,1,5,1,2026-06-23T15:59:59+00:00,2026-06-23T15:59:55+00:00,2026-06-23T15:59:59+00:00,2026-06-23T15:57:00+00:00,2026-06-23T15:57:00+00:00,2026-06-23T15:57:00+00:00,medium,high,medium,7,3,9,122,62,71,1.1629,9.0919,20.0,0.8431,0.1078,0.049,5-0,home,Y,Y
351760,England vs. Ghana,England,Ghana,fifwc-eng-gha-2026-06-23,2026-06-23T20:00:00+00:00,2026-06-24 04:00,2026-06-23T19:00:00+00:00,2026-06-23T20:00:00Z,2026-04-06T22:25:28.547306Z,0.83985138,0.12999999,0.05999999,0.17,0.87998541,0.95,data_api_vwap_3m_pre_anchor,data_api_vwap_3m_pre_anchor,data_api_vwap_3m_pre_anchor,high,high,high,56,12,5,10552.537009,787.461524,480.333329,4,14,22,2026-06-23T18:59:56+00:00,2026-06-23T18:59:46+00:00,2026-06-23T18:59:38+00:00,2026-06-23T18:57:00+00:00,2026-06-23T18:57:00+00:00,2026-06-23T18:57:00+00:00,high,fair,medium,3,11,7,100,80,43,1.1907,7.6923,16.6667,0.8155,0.1262,0.0583,0-0,draw,Y,Y
351761,Panama vs. Croatia,Panama,Croatia,fifwc-pan-hrv-2026-06-23,2026-06-23T23:00:00+00:00,2026-06-24 07:00,2026-06-23T22:00:00+00:00,2026-06-23T23:00:00Z,2026-04-06T22:36:42.90598Z,0.12,0.20992264,0.67978451,0.88143262,0.7999289,0.32999986,data_api_vwap_3m_pre_anchor,data_api_vwap_3m_pre_anchor,data_api_vwap_3m_pre_anchor,high,high,high,6,7,50,4405.813329,5451.043801,16773.182283,53,10,1,2026-06-23T21:59:07+00:00,2026-06-23T21:59:50+00:00,2026-06-23T21:59:59+00:00,2026-06-23T21:57:00+00:00,2026-06-23T21:57:00+00:00,2026-06-23T21:57:00+00:00,high,fair,high,3,10,46,44,769,1,8.3333,4.7637,1.4711,0.1188,0.2079,0.6732,0-1,away,Y,Y
351762,Colombia vs. DR Congo,Colombia,DR Congo,fifwc-col-cdr-2026-06-23,2026-06-24T02:00:00+00:00,2026-06-24 10:00,2026-06-24T01:00:00+00:00,2026-06-24T02:00:00Z,2026-04-06T22:30:18.836641Z,0.63976453,0.23991271,0.13864084,0.36997621,0.76772808,0.87,data_api_vwap_3m_pre_anchor,data_api_vwap_3m_pre_anchor,data_api_vwap_3m_pre_anchor,high,high,high,163,53,39,35248.914375,8895.608292,10507.568522,1,1,5,2026-06-24T00:59:59+00:00,2026-06-24T00:59:59+00:00,2026-06-24T00:59:55+00:00,2026-06-24T00:57:00+00:00,2026-06-24T00:57:00+00:00,2026-06-24T00:57:00+00:00,high,fair,high,138,13,29,1,179,1,1.5631,4.1682,7.2129,0.6283,0.2356,0.1361,1-0,home,Y,Y
351763,Switzerland vs. Canada,Switzerland,Canada,fifwc-che-can-2026-06-24,2026-06-24T19:00:00+00:00,2026-06-25 03:00,2026-06-24T18:00:00+00:00,2026-06-24T19:00:00Z,2026-04-06T22:40:00.371791Z,0.38967735,0.32453606,0.3,0.61168919,0.68,0.71,data_api_vwap_3m_pre_anchor,data_api_vwap_3m_pre_anchor,data_api_vwap_3m_pre_anchor,high,high,high,33,23,16,1450.216114,2828.509066,4772.019984,7,14,1,2026-06-24T17:59:53+00:00,2026-06-24T17:59:46+00:00,2026-06-24T17:59:59+00:00,2026-06-24T17:57:00+00:00,2026-06-24T17:57:00+00:00,2026-06-24T17:57:00+00:00,high,medium,high,5,5,3,41,176,79,2.5662,3.0813,3.3333,0.3842,0.32,0.2958,2-1,home,Y,Y
351764,Bosnia-Herzegovina vs. Qatar,Bosnia-Herzegovina,Qatar,fifwc-bih-qat-2026-06-24,2026-06-24T19:00:00+00:00,2026-06-25 03:00,2026-06-24T18:00:00+00:00,2026-06-24T19:00:00Z,2026-04-06T22:43:43.475091Z,0.71995334,0.17,0.11999999,0.29,0.8300042,0.88950501,data_api_vwap_3m_pre_anchor,data_api_vwap_3m_pre_anchor,data_api_vwap_3m_pre_anchor,high,high,high,17,14,9,1834.674966,2380.0588,743.249989,5,14,10,2026-06-24T17:59:55+00:00,2026-06-24T17:59:46+00:00,2026-06-24T17:59:50+00:00,2026-06-24T17:57:00+00:00,2026-06-24T17:57:00+00:00,2026-06-24T17:57:00+00:00,high,medium,medium,5,7,5,13,20,95,1.389,5.8824,8.3333,0.7129,0.1683,0.1188,3-1,home,Y,Y
351765,Morocco vs. Haiti,Morocco,Haiti,fifwc-mar-hai-2026-06-24,2026-06-24T22:00:00+00:00,2026-06-25 06:00,2026-06-24T21:00:00+00:00,2026-06-24T22:00:00Z,2026-04-06T22:56:32.859811Z,0.81999852,0.14,0.06000054,0.19,0.86999999,0.94,data_api_vwap_3m_pre_anchor,data_api_vwap_3m_pre_anchor,data_api_vwap_10m_pre_anchor,high,high,medium,70,16,14,64855.002178,113701.571409,794606.968087,1,14,26,2026-06-24T20:59:59+00:00,2026-06-24T20:59:46+00:00,2026-06-24T20:59:34+00:00,2026-06-24T20:57:00+00:00,2026-06-24T20:57:00+00:00,2026-06-24T20:50:00+00:00,high,high,high,10,10,10,13,35,7,1.2195,7.1429,16.6665,0.8039,0.1373,0.0588,4-2,home,Y,Y
351766,Scotland vs. Brazil,Scotland,Brazil,fifwc-sco-bra-2026-06-24,2026-06-24T22:00:00+00:00,2026-06-25 06:00,2026-06-24T21:00:00+00:00,2026-06-24T22:00:00Z,2026-04-06T22:40:19.289969Z,0.08996701,0.17,0.74999355,0.92,0.83925687,0.25996217,data_api_vwap_3m_pre_anchor,data_api_vwap_3m_pre_anchor,data_api_vwap_3m_pre_anchor,high,high,high,17,15,102,7376.31998,9887.058799,39566.889876,16,23,1,2026-06-24T20:59:44+00:00,2026-06-24T20:59:37+00:00,2026-06-24T20:59:59+00:00,2026-06-24T20:57:00+00:00,2026-06-24T20:57:00+00:00,2026-06-24T20:57:00+00:00,high,fair,high,4,8,10,55,101,44,11.1152,5.8824,1.3333,0.0891,0.1683,0.7426,0-3,away,Y,Y
351767,Czechia vs. Mexico,Czechia,Mexico,fifwc-cze-mex-2026-06-24,2026-06-25T01:00:00+00:00,2026-06-25 09:00,2026-06-25T00:00:00+00:00,2026-06-25T01:00:00Z,2026-04-06T22:31:04.400674Z,0.21967625,0.24,0.54994486,0.79,0.7688411,0.45002086,data_api_vwap_3m_pre_anchor,data_api_vwap_3m_pre_anchor,data_api_vwap_3m_pre_anchor,high,high,high,16,17,93,5459.149073,4939.291649,67480.180803,1,1,2,2026-06-24T23:59:59+00:00,2026-06-24T23:59:59+00:00,2026-06-24T23:59:58+00:00,2026-06-24T23:57:00+00:00,2026-06-24T23:57:00+00:00,2026-06-24T23:57:00+00:00,high,medium,high,5,3,12,1,148,1,4.5522,4.1667,1.8184,0.2176,0.2377,0.5447,0-3,away,Y,Y
351768,South Africa vs. Korea Republic,South Africa,Korea Republic,fifwc-rsa-kr-2026-06-24,2026-06-25T01:00:00+00:00,2026-06-25 09:00,2026-06-25T00:00:00+00:00,2026-06-25T01:00:00Z,2026-04-06T22:38:11.503733Z,0.16971955,0.25999999,0.57998041,0.84,0.74979017,0.43,data_api_vwap_3m_pre_anchor,data_api_vwap_3m_pre_anchor,data_api_vwap_3m_pre_anchor,high,high,high,9,8,92,6292.352343,276.153837,16563.656749,8,10,1,2026-06-24T23:59:52+00:00,2026-06-24T23:59:50+00:00,2026-06-24T23:59:59+00:00,2026-06-24T23:57:00+00:00,2026-06-24T23:57:00+00:00,2026-06-24T23:57:00+00:00,high,medium,high,7,9,3,13,389,65,5.8921,3.8462,1.7242,0.1681,0.2575,0.5744,1-0,home,Y,Y
351769,Ecuador vs. Germany,Ecuador,Germany,fifwc-ecu-ger-2026-06-25,2026-06-25T20:00:00+00:00,2026-06-26 04:00,2026-06-25T19:00:00+00:00,2026-06-25T20:00:00Z,2026-04-06T22:47:43.408987Z,0.19141745,0.20313671,0.60957432,0.809,0.79763536,0.39094785,data_api_vwap_3m_pre_anchor,data_api_vwap_3m_pre_anchor,data_api_vwap_3m_pre_anchor,high,high,high,11,12,73,1990.842909,1043.383842,40817.245891,4,10,8,2026-06-25T18:59:56+00:00,2026-06-25T18:59:50+00:00,2026-06-25T18:59:52+00:00,2026-06-25T18:57:00+00:00,2026-06-25T18:57:00+00:00,2026-06-25T18:57:00+00:00,high,high,high,28,18,8,40,2,19,5.2242,4.9228,1.6405,0.1906,0.2023,0.6071,2-1,home,Y,Y
351770,Curaçao vs. Côte d'Ivoire,Curaçao,Côte d'Ivoire,fifwc-kor-civ-2026-06-25,2026-06-25T20:00:00+00:00,2026-06-26 04:00,2026-06-25T19:00:00+00:00,2026-06-25T20:00:00Z,2026-04-06T22:49:02.648301Z,0.05994342,0.11844841,0.82698133,0.94070143,0.88199999,0.17330539,data_api_vwap_3m_pre_anchor,data_api_vwap_3m_pre_anchor,data_api_vwap_3m_pre_anchor,high,high,high,14,9,9,5625.816605,1369.545771,214.868498,22,28,7,2026-06-25T18:59:38+00:00,2026-06-25T18:59:32+00:00,2026-06-25T18:59:53+00:00,2026-06-25T18:57:00+00:00,2026-06-25T18:57:00+00:00,2026-06-25T18:57:00+00:00,high,high,high,5,7,5,32,10,20,16.6824,8.4425,1.2092,0.0596,0.1178,0.8226,0-2,away,Y,Y
351771,Japan vs. Sweden,Japan,Sweden,fifwc-jpn-swe-2026-06-25,2026-06-25T23:00:00+00:00,2026-06-26 07:00,2026-06-25T22:00:00+00:00,2026-06-25T23:00:00Z,2026-04-06T22:26:39.091486Z,0.44224573,0.281,0.27883062,0.55884871,0.7198715,0.72252898,data_api_vwap_3m_pre_anchor,data_api_vwap_3m_pre_anchor,data_api_vwap_3m_pre_anchor,high,high,high,135,18,35,90751.581562,8322.535954,4920.385491,1,17,2,2026-06-25T21:59:59+00:00,2026-06-25T21:59:43+00:00,2026-06-25T21:59:58+00:00,2026-06-25T21:57:00+00:00,2026-06-25T21:57:00+00:00,2026-06-25T21:57:00+00:00,high,high,high,11,9,8,13,7,7,2.2612,3.5587,3.5864,0.4413,0.2804,0.2783,1-1,draw,Y,Y
351772,Tunisia vs. Netherlands,Tunisia,Netherlands,fifwc-tun-nld-2026-06-25,2026-06-25T23:00:00+00:00,2026-06-26 07:00,2026-06-25T22:00:00+00:00,2026-06-25T23:00:00Z,2026-04-06T22:54:09.122412Z,0.03177955,0.08999998,0.88270796,0.96914131,0.92,0.11710794,data_api_vwap_3m_pre_anchor,data_api_vwap_3m_pre_anchor,data_api_vwap_3m_pre_anchor,high,high,high,10,5,24,5007.936656,276.222216,33857.589581,5,1,2,2026-06-25T21:59:55+00:00,2026-06-25T21:59:59+00:00,2026-06-25T21:59:58+00:00,2026-06-25T21:57:00+00:00,2026-06-25T21:57:00+00:00,2026-06-25T21:57:00+00:00,high,high,medium,12,5,6,20,20,85,31.4668,11.1111,1.1329,0.0316,0.0896,0.8788,1-3,away,Y,Y
351773,Paraguay vs. Australia,Paraguay,Australia,fifwc-par-aus-2026-06-25,2026-06-26T02:00:00+00:00,2026-06-26 10:00,2026-06-26T01:00:00+00:00,2026-06-26T02:00:00Z,2026-04-06T22:37:25.89372Z,0.37,0.41803612,0.24,0.64,0.59005668,0.77,data_api_vwap_3m_pre_anchor,data_api_vwap_3m_pre_anchor,data_api_vwap_3m_pre_anchor,high,high,high,69,12,34,4725.564561,906.620194,8566.246631,4,13,1,2026-06-26T00:59:56+00:00,2026-06-26T00:59:47+00:00,2026-06-26T00:59:59+00:00,2026-06-26T00:57:00+00:00,2026-06-26T00:57:00+00:00,2026-06-26T00:57:00+00:00,medium,high,high,20,22,6,73,26,20,2.7027,2.3921,4.1667,0.3599,0.4066,0.2335,0-0,draw,Y,Y
351774,Türkiye vs. United States,Türkiye,United States,fifwc-tur-usa-2026-06-25,2026-06-26T02:00:00+00:00,2026-06-26 10:00,2026-06-26T01:00:00+00:00,2026-06-26T02:00:00Z,2026-04-06T22:31:45.292028Z,0.26398559,0.2299906,0.50986924,0.73992143,0.78620403,0.49668749,data_api_vwap_3m_pre_anchor,data_api_vwap_3m_pre_anchor,data_api_vwap_3m_pre_anchor,high,high,high,26,165,155,15502.864787,93167.408377,149222.925679,1,14,1,2026-06-26T00:59:59+00:00,2026-06-26T00:59:46+00:00,2026-06-26T00:59:59+00:00,2026-06-26T00:57:00+00:00,2026-06-26T00:57:00+00:00,2026-06-26T00:57:00+00:00,high,fair,high,23,9,70,23,584,1,3.7881,4.348,1.9613,0.263,0.2291,0.5079,3-2,home,Y,Y
351775,Norway vs. France,Norway,France,fifwc-nor-fra-2026-06-26,2026-06-26T19:00:00+00:00,2026-06-27 03:00,2026-06-26T18:00:00+00:00,2026-06-26T19:00:00Z,2026-04-06T22:41:04.554817Z,0.12995126,0.17994829,0.69946,0.88,0.82999999,0.30741442,data_api_vwap_3m_pre_anchor,data_api_vwap_3m_pre_anchor,data_api_vwap_3m_pre_anchor,high,high,high,34,21,79,19635.759961,1611.20886,26936.557048,1,2,1,2026-06-26T17:59:59+00:00,2026-06-26T17:59:58+00:00,2026-06-26T17:59:59+00:00,2026-06-26T17:57:00+00:00,2026-06-26T17:57:00+00:00,2026-06-26T17:57:00+00:00,high,high,high,3,13,3,82,38,134,7.6952,5.5572,1.4297,0.1287,0.1783,0.693,1-4,away,Y,Y
351776,Senegal vs. Iraq,Senegal,Iraq,fifwc-sen-irq-2026-06-26,2026-06-26T19:00:00+00:00,2026-06-27 03:00,2026-06-26T18:00:00+00:00,2026-06-26T19:00:00Z,2026-04-06T22:46:25.941422Z,0.7900936,0.14,0.07980284,0.21,0.87,0.92001687,data_api_vwap_3m_pre_anchor,data_api_vwap_10m_pre_anchor,data_api_vwap_3m_pre_anchor,high,medium,high,39,15,4,484403.503717,19671.999983,634.0,1,52,41,2026-06-26T17:59:59+00:00,2026-06-26T17:59:08+00:00,2026-06-26T17:59:19+00:00,2026-06-26T17:57:00+00:00,2026-06-26T17:50:00+00:00,2026-06-26T17:57:00+00:00,high,high,high,139,4,30,1,121,8,1.2657,7.1429,12.5309,0.7824,0.1386,0.079,5-0,home,Y,Y
351777,Cabo Verde vs. Saudi Arabia,Cabo Verde,Saudi Arabia,fifwc-cvi-ksa-2026-06-26,2026-06-27T00:00:00+00:00,2026-06-27 08:00,2026-06-26T23:00:00+00:00,2026-06-27T00:00:00Z,2026-04-06T22:50:45.114369Z,0.32961094,0.28993548,0.38377071,0.67999997,0.71386458,0.61999004,data_api_vwap_3m_pre_anchor,data_api_vwap_3m_pre_anchor,data_api_vwap_3m_pre_anchor,high,high,high,29,15,18,2313.272698,2672.114117,1605.319218,2,5,1,2026-06-26T22:59:58+00:00,2026-06-26T22:59:55+00:00,2026-06-26T22:59:59+00:00,2026-06-26T22:57:00+00:00,2026-06-26T22:57:00+00:00,2026-06-26T22:57:00+00:00,high,medium,high,7,4,7,49,463,43,3.0339,3.449,2.6057,0.3285,0.289,0.3825,0-0,draw,Y,Y
351778,Uruguay vs. Spain,Uruguay,Spain,fifwc-ury-esp-2026-06-26,2026-06-27T00:00:00+00:00,2026-06-27 08:00,2026-06-26T23:00:00+00:00,2026-06-27T00:00:00Z,2026-04-06T22:35:13.529057Z,0.15001529,0.26000212,0.59900852,0.85037058,0.74,0.4183014,data_api_vwap_3m_pre_anchor,data_api_vwap_3m_pre_anchor,data_api_vwap_3m_pre_anchor,high,high,high,25,13,89,32690.09998,61553.425059,42457.881611,22,34,2,2026-06-26T22:59:38+00:00,2026-06-26T22:59:26+00:00,2026-06-26T22:59:58+00:00,2026-06-26T22:57:00+00:00,2026-06-26T22:57:00+00:00,2026-06-26T22:57:00+00:00,high,high,high,8,9,39,22,2,14,6.666,3.8461,1.6694,0.1487,0.2577,0.5937,0-1,away,Y,Y
351779,Egypt vs. IR Iran,Egypt,IR Iran,fifwc-egy-irn-2026-06-26,2026-06-27T03:00:00+00:00,2026-06-27 11:00,2026-06-27T02:00:00+00:00,2026-06-27T03:00:00Z,2026-04-06T22:55:48.40433Z,0.36999761,0.35999998,0.28999999,0.63984699,0.64999999,0.71142085,data_api_vwap_3m_pre_anchor,data_api_vwap_3m_pre_anchor,data_api_vwap_3m_pre_anchor,high,high,high,32,3,3,11607.986181,60.277773,170.31034,7,31,1,2026-06-27T01:59:53+00:00,2026-06-27T01:59:29+00:00,2026-06-27T01:59:59+00:00,2026-06-27T01:57:00+00:00,2026-06-27T01:57:00+00:00,2026-06-27T01:57:00+00:00,medium,medium,medium,8,6,10,73,398,136,2.7027,2.7778,3.4483,0.3627,0.3529,0.2843,1-1,draw,Y,Y
351780,New Zealand vs. Belgium,New Zealand,Belgium,fifwc-nzl-bel-2026-06-26,2026-06-27T03:00:00+00:00,2026-06-27 11:00,2026-06-27T02:00:00+00:00,2026-06-27T03:00:00Z,2026-04-06T22:44:47.677608Z,0.07196059,0.11875338,0.81772676,0.93000771,0.88999995,0.19,data_api_vwap_10m_pre_anchor,data_api_vwap_3m_pre_anchor,data_api_vwap_3m_pre_anchor,medium,high,high,9,9,14,7268.212854,324.15999,8309.555811,20,7,34,2026-06-27T01:59:40+00:00,2026-06-27T01:59:53+00:00,2026-06-27T01:59:26+00:00,2026-06-27T01:50:00+00:00,2026-06-27T01:57:00+00:00,2026-06-27T01:57:00+00:00,high,fair,high,4,4,3,10,563,50,13.8965,8.4208,1.2229,0.0714,0.1178,0.8109,1-5,away,Y,Y
351781,Panama vs. England,Panama,England,fifwc-pan-eng-2026-06-27,2026-06-27T21:00:00+00:00,2026-06-28 05:00,2026-06-27T20:00:00+00:00,2026-06-27T21:00:00Z,2026-04-06T22:43:00.679495Z,0.05,0.10990366,0.8599866,0.96,0.9,0.14232003,data_api_vwap_3m_pre_anchor,data_api_vwap_3m_pre_anchor,data_api_vwap_3m_pre_anchor,high,high,high,7,6,12,3176.2,348.814539,8713.319503,29,20,17,2026-06-27T19:59:31+00:00,2026-06-27T19:59:40+00:00,2026-06-27T19:59:43+00:00,2026-06-27T19:57:00+00:00,2026-06-27T19:57:00+00:00,2026-06-27T19:57:00+00:00,fair,medium,high,20,4,6,304,325,58,20.0,9.0989,1.1628,0.049,0.1078,0.8432,0-2,away,Y,Y
351782,Croatia vs. Ghana,Croatia,Ghana,fifwc-hrv-gha-2026-06-27,2026-06-27T21:00:00+00:00,2026-06-28 05:00,2026-06-27T20:00:00+00:00,2026-06-27T21:00:00Z,2026-04-06T22:37:43.4517Z,0.54956913,0.30025563,0.16996211,0.45999222,0.70016872,0.84,data_api_vwap_3m_pre_anchor,data_api_vwap_3m_pre_anchor,data_api_vwap_3m_pre_anchor,high,high,high,27,13,26,985.459967,3135.761276,7928.467625,10,35,11,2026-06-27T19:59:50+00:00,2026-06-27T19:59:25+00:00,2026-06-27T19:59:49+00:00,2026-06-27T19:57:00+00:00,2026-06-27T19:57:00+00:00,2026-06-27T19:57:00+00:00,high,high,medium,41,25,9,8,16,83,1.8196,3.3305,5.8837,0.5389,0.2944,0.1667,2-1,home,Y,Y
351783,Colombia vs. Portugal,Colombia,Portugal,fifwc-col-prt-2026-06-27,2026-06-27T23:30:00+00:00,2026-06-28 07:30,2026-06-27T22:30:00+00:00,2026-06-27T23:30:00Z,2026-04-06T22:32:50.584744Z,0.25994218,0.23997039,0.51914186,0.74988267,0.77,0.48039681,data_api_vwap_3m_pre_anchor,data_api_vwap_3m_pre_anchor,data_api_vwap_3m_pre_anchor,high,high,high,5,4,39,332.112302,2131.309997,6936.202265,46,5,13,2026-06-27T22:29:14+00:00,2026-06-27T22:29:55+00:00,2026-06-27T22:29:47+00:00,2026-06-27T22:27:00+00:00,2026-06-27T22:27:00+00:00,2026-06-27T22:27:00+00:00,high,medium,high,3,6,6,70,74,8,3.847,4.1672,1.9263,0.2551,0.2355,0.5094,0-0,draw,Y,Y
351784,DR Congo vs. Uzbekistan,DR Congo,Uzbekistan,fifwc-cdr-uzb-2026-06-27,2026-06-27T23:30:00+00:00,2026-06-28 07:30,2026-06-27T22:30:00+00:00,2026-06-27T23:30:00Z,2026-04-06T22:38:28.777324Z,0.58982782,0.24855331,0.18,0.42025758,0.75977958,0.83,data_api_vwap_3m_pre_anchor,data_api_vwap_1h_pre_anchor,data_api_vwap_3m_pre_anchor,high,fair,high,15,24,3,1501.96693,675.06,673.111106,16,109,65,2026-06-27T22:29:44+00:00,2026-06-27T22:28:11+00:00,2026-06-27T22:28:55+00:00,2026-06-27T22:27:00+00:00,2026-06-27T21:30:00+00:00,2026-06-27T22:27:00+00:00,medium,fair,medium,13,6,15,146,388,88,1.6954,4.0233,5.5556,0.5792,0.2441,0.1768,3-1,home,Y,Y
351785,Jordan vs. Argentina,Jordan,Argentina,fifwc-jor-arg-2026-06-27,2026-06-28T02:00:00+00:00,2026-06-28 10:00,2026-06-28T01:00:00+00:00,2026-06-28T02:00:00Z,2026-04-06T22:32:06.478486Z,0.04352342,0.09989003,0.86915375,0.957,0.90597071,0.14,data_api_vwap_10m_pre_anchor,data_api_vwap_1h_pre_anchor,data_api_vwap_3m_pre_anchor,medium,fair,high,4,42,7,2425.028177,8648.0,536.718829,65,542,56,2026-06-28T00:58:55+00:00,2026-06-28T00:50:58+00:00,2026-06-28T00:59:04+00:00,2026-06-28T00:50:00+00:00,2026-06-28T00:00:00+00:00,2026-06-28T00:57:00+00:00,medium,fair,medium,3,7,16,76,2266,16,22.9761,10.011,1.1505,0.043,0.0987,0.8584,1-3,away,Y,Y
351786,Algeria vs. Austria,Algeria,Austria,fifwc-alg-aut-2026-06-27,2026-06-28T02:00:00+00:00,2026-06-28 10:00,2026-06-28T01:00:00+00:00,2026-06-28T02:00:00Z,2026-04-06T22:49:24.652659Z,0.27999999,0.46942761,0.27,0.73,0.54,0.74,data_api_vwap_3m_pre_anchor,data_api_vwap_3m_pre_anchor,data_api_vwap_3m_pre_anchor,high,high,high,3,5,5,81.428568,371.600421,2011.323328,77,59,32,2026-06-28T00:58:43+00:00,2026-06-28T00:59:01+00:00,2026-06-28T00:59:28+00:00,2026-06-28T00:57:00+00:00,2026-06-28T00:57:00+00:00,2026-06-28T00:57:00+00:00,medium,medium,medium,4,6,4,401,127,49,3.5714,2.1303,3.7037,0.2747,0.4605,0.2649,3-3,draw,Y,Y
632707,South Africa vs. Canada,South Africa,Canada,fifwc-rsa-can-2026-06-28,2026-06-28T19:00:00+00:00,2026-06-29 03:00,2026-06-28T18:00:00+00:00,2026-06-28T19:00:00Z,2026-06-25T10:03:21.790669Z,0.17995476,0.28998332,0.52991526,0.83,0.71999998,0.48,data_api_vwap_3m_pre_anchor,data_api_vwap_3m_pre_anchor,data_api_vwap_3m_pre_anchor,high,high,high,33,16,74,4456.541073,5371.270323,57189.117627,14,4,4,2026-06-28T17:59:46+00:00,2026-06-28T17:59:56+00:00,2026-06-28T17:59:56+00:00,2026-06-28T17:57:00+00:00,2026-06-28T17:57:00+00:00,2026-06-28T17:57:00+00:00,high,medium,high,4,3,5,16,482,5,5.557,3.4485,1.8871,0.18,0.29,0.53,0-1,away,Y,Y
636318,Brazil vs. Japan,Brazil,Japan,fifwc-bra-jpn-2026-06-29,2026-06-29T17:00:00+00:00,2026-06-30 01:00,2026-06-29T16:00:00+00:00,2026-06-29T17:00:00Z,2026-06-26T10:48:31.329754Z,0.55997586,0.26998238,0.18843708,0.44999999,0.73999998,0.82,data_api_vwap_3m_pre_anchor,data_api_vwap_3m_pre_anchor,data_api_vwap_3m_pre_anchor,high,high,high,88,20,41,28639.067749,2179.432568,4777.406792,1,5,7,2026-06-29T15:59:59+00:00,2026-06-29T15:59:55+00:00,2026-06-29T15:59:53+00:00,2026-06-29T15:57:00+00:00,2026-06-29T15:57:00+00:00,2026-06-29T15:57:00+00:00,high,medium,high,34,4,3,11,154,1,1.7858,3.7039,5.3068,0.5499,0.2651,0.185,2-1,home,Y,Y
636324,Netherlands vs. Morocco,Netherlands,Morocco,fifwc-nld-mar-2026-06-29,2026-06-30T01:00:00+00:00,2026-06-30 09:00,2026-06-30T00:00:00+00:00,2026-06-30T01:00:00Z,2026-06-26T10:48:45.839223Z,0.40996842,0.31963608,0.28885799,0.6,0.68999999,0.72,data_api_vwap_3m_pre_anchor,data_api_vwap_3m_pre_anchor,data_api_vwap_3m_pre_anchor,high,high,high,60,22,29,7537.995036,4379.245,2790.971344,7,1,8,2026-06-29T23:59:53+00:00,2026-06-29T23:59:59+00:00,2026-06-29T23:59:52+00:00,2026-06-29T23:57:00+00:00,2026-06-29T23:57:00+00:00,2026-06-29T23:57:00+00:00,high,medium,medium,10,4,6,34,79,34,2.4392,3.1286,3.4619,0.4025,0.3138,0.2836,1-1,draw,Y,Y
636329,United States vs. Bosnia and Herzegovina,United States,Bosnia and Herzegovina,fifwc-usa-bih-2026-07-01,2026-07-02T00:00:00+00:00,2026-07-02 08:00,2026-07-01T23:00:00+00:00,2026-07-02T00:00:00Z,2026-06-26T10:48:41.919653Z,0.71900272,0.18999999,0.1,0.28999881,0.82,0.91,data_api_vwap_3m_pre_anchor,data_api_vwap_3m_pre_anchor,data_api_vwap_3m_pre_anchor,high,high,high,97,15,33,79535.043708,1355.736818,2612.64,1,7,11,2026-07-01T22:59:59+00:00,2026-07-01T22:59:53+00:00,2026-07-01T22:59:49+00:00,2026-07-01T22:57:00+00:00,2026-07-01T22:57:00+00:00,2026-07-01T22:57:00+00:00,high,fair,high,9,13,3,11,422,58,1.3908,5.2632,10.0,0.7126,0.1883,0.0991,2-0,home,Y,Y
640346,Germany vs. Paraguay,Germany,Paraguay,fifwc-ger-par-2026-06-29,2026-06-29T20:30:00+00:00,2026-06-30 04:30,2026-06-29T19:30:00+00:00,2026-06-29T20:30:00Z,2026-06-27T10:03:49.43461Z,0.73999695,0.18993421,0.08316304,0.26999214,0.82,0.92097388,data_api_vwap_3m_pre_anchor,data_api_vwap_3m_pre_anchor,data_api_vwap_3m_pre_anchor,high,high,high,185,21,35,26220.013423,966.833656,40296.624993,1,1,2,2026-06-29T19:29:59+00:00,2026-06-29T19:29:59+00:00,2026-06-29T19:29:58+00:00,2026-06-29T19:27:00+00:00,2026-06-29T19:27:00+00:00,2026-06-29T19:27:00+00:00,high,high,high,11,21,6,4,37,1,1.3514,5.265,12.0246,0.7304,0.1875,0.0821,1-1,draw,Y,Y
640353,Côte d'Ivoire vs. Norway,Côte d'Ivoire,Norway,fifwc-civ-nor-2026-06-30,2026-06-30T17:00:00+00:00,2026-07-01 01:00,2026-06-30T16:00:00+00:00,2026-06-30T17:00:00Z,2026-06-27T10:03:32.527295Z,0.26007336,0.28999999,0.44891955,0.74140532,0.71997811,0.55971864,data_api_vwap_3m_pre_anchor,data_api_vwap_3m_pre_anchor,data_api_vwap_3m_pre_anchor,high,high,high,32,22,72,289358.7225,1504.379276,12103.345484,10,31,2,2026-06-30T15:59:50+00:00,2026-06-30T15:59:29+00:00,2026-06-30T15:59:58+00:00,2026-06-30T15:57:00+00:00,2026-06-30T15:57:00+00:00,2026-06-30T15:57:00+00:00,high,fair,high,16,13,13,13,262,23,3.8451,3.4483,2.2276,0.2603,0.2903,0.4494,1-2,away,Y,Y
640358,France vs. Sweden,France,Sweden,fifwc-fra-swe-2026-06-30,2026-06-30T21:00:00+00:00,2026-07-01 05:00,2026-06-30T20:00:00+00:00,2026-06-30T21:00:00Z,2026-06-27T10:03:16.120848Z,0.7799716,0.15964627,0.07699289,0.22983842,0.85,0.92999999,data_api_vwap_3m_pre_anchor,data_api_vwap_3m_pre_anchor,data_api_vwap_3m_pre_anchor,high,high,high,72,9,8,23096.972919,530.0625,914.5,1,5,23,2026-06-30T19:59:59+00:00,2026-06-30T19:59:55+00:00,2026-06-30T19:59:37+00:00,2026-06-30T19:57:00+00:00,2026-06-30T19:57:00+00:00,2026-06-30T19:57:00+00:00,high,high,high,6,3,4,11,80,47,1.2821,6.2638,12.9882,0.7672,0.157,0.0757,3-0,home,Y,Y
640362,Australia vs. Egypt,Australia,Egypt,fifwc-aus-egy-2026-07-03,2026-07-03T18:00:00+00:00,2026-07-04 02:00,2026-07-03T17:00:00+00:00,2026-07-03T18:00:00Z,2026-06-27T10:06:19.23105Z,0.26999999,0.33999999,0.40999712,0.74,0.66995853,0.6,data_api_vwap_3m_pre_anchor,data_api_vwap_3m_pre_anchor,data_api_vwap_3m_pre_anchor,high,high,high,12,12,59,906.851836,551.382337,17363.408695,14,7,2,2026-07-03T16:59:46+00:00,2026-07-03T16:59:53+00:00,2026-07-03T16:59:58+00:00,2026-07-03T16:57:00+00:00,2026-07-03T16:57:00+00:00,2026-07-03T16:57:00+00:00,medium,medium,high,7,7,4,49,389,7,3.7037,2.9412,2.439,0.2647,0.3333,0.402,1-1,draw,Y,Y
640364,Argentina vs. Cabo Verde,Argentina,Cabo Verde,fifwc-arg-cvi-2026-07-03,2026-07-03T22:00:00+00:00,2026-07-04 06:00,2026-07-03T21:00:00+00:00,2026-07-03T22:00:00Z,2026-06-27T10:11:30.488684Z,0.85999946,0.10998475,0.03483241,0.14121038,0.89989873,0.96600028,data_api_vwap_3m_pre_anchor,data_api_vwap_3m_pre_anchor,data_api_vwap_3m_pre_anchor,high,high,high,77,28,51,460779.799926,5465.011786,15470.669932,1,1,4,2026-07-03T20:59:59+00:00,2026-07-03T20:59:59+00:00,2026-07-03T20:59:56+00:00,2026-07-03T20:57:00+00:00,2026-07-03T20:57:00+00:00,2026-07-03T20:57:00+00:00,high,fair,high,3,6,34,80,107,17,1.1628,9.0922,28.7089,0.8559,0.1095,0.0347,3-2,draw,Y,Y
643861,Mexico vs. Ecuador,Mexico,Ecuador,fifwc-mex-ecu-2026-06-30,2026-07-01T01:00:00+00:00,2026-07-01 09:00,2026-07-01T00:00:00+00:00,2026-07-01T01:00:00Z,2026-06-28T10:04:33.989128Z,0.43999072,0.33999999,0.23007663,0.57,0.66965323,0.77427587,data_api_vwap_3m_pre_anchor,data_api_vwap_3m_pre_anchor,data_api_vwap_3m_pre_anchor,high,high,high,114,17,53,24277.664467,1091.73527,147122.96749,2,1,5,2026-06-30T23:59:58+00:00,2026-06-30T23:59:59+00:00,2026-06-30T23:59:55+00:00,2026-06-30T23:57:00+00:00,2026-06-30T23:57:00+00:00,2026-06-30T23:57:00+00:00,high,fair,high,9,26,7,19,947,4,2.2728,2.9412,4.3464,0.4356,0.3366,0.2278,2-0,home,Y,Y
643867,England vs. DR Congo,England,DR Congo,fifwc-eng-cdr-2026-07-01,2026-07-01T16:00:00+00:00,2026-07-02 00:00,2026-07-01T15:00:00+00:00,2026-07-01T16:00:00Z,2026-06-28T10:03:41.45954Z,0.7672505,0.18794453,0.06,0.23912376,0.82,0.95,data_api_vwap_3m_pre_anchor,data_api_vwap_3m_pre_anchor,data_api_vwap_3m_pre_anchor,high,high,high,52,8,12,4534.891582,281.640518,2431.20665,1,1,13,2026-07-01T14:59:59+00:00,2026-07-01T14:59:59+00:00,2026-07-01T14:59:47+00:00,2026-07-01T14:57:00+00:00,2026-07-01T14:57:00+00:00,2026-07-01T14:57:00+00:00,high,medium,high,5,9,10,49,82,149,1.3034,5.3207,16.6667,0.7558,0.1851,0.0591,2-1,home,Y,Y
643872,Belgium vs. Senegal,Belgium,Senegal,fifwc-bel-sen-2026-07-01,2026-07-01T20:00:00+00:00,2026-07-02 04:00,2026-07-01T19:00:00+00:00,2026-07-01T20:00:00Z,2026-06-28T10:11:57.353361Z,0.45763005,0.3,0.25961104,0.54999999,0.70945055,0.75,data_api_vwap_3m_pre_anchor,data_api_vwap_3m_pre_anchor,data_api_vwap_3m_pre_anchor,high,high,high,39,14,46,4586.384733,1657.133317,15173.531482,2,46,8,2026-07-01T18:59:58+00:00,2026-07-01T18:59:14+00:00,2026-07-01T18:59:52+00:00,2026-07-01T18:57:00+00:00,2026-07-01T18:57:00+00:00,2026-07-01T18:57:00+00:00,high,fair,high,6,71,7,28,646,40,2.1852,3.3333,3.8519,0.4499,0.2949,0.2552,3-2,draw,Y,Y
643876,Spain vs. Austria,Spain,Austria,fifwc-esp-aut-2026-07-02,2026-07-02T19:00:00+00:00,2026-07-03 03:00,2026-07-02T18:00:00+00:00,2026-07-02T19:00:00Z,2026-06-28T10:15:06.877891Z,0.75745823,0.16751632,0.07244345,0.24321824,0.832677,0.92864249,data_api_vwap_3m_pre_anchor,data_api_vwap_3m_pre_anchor,data_api_vwap_3m_pre_anchor,high,high,high,57,23,11,7902.072554,10921.774394,13052.08378,4,4,29,2026-07-02T17:59:56+00:00,2026-07-02T17:59:56+00:00,2026-07-02T17:59:31+00:00,2026-07-02T17:57:00+00:00,2026-07-02T17:57:00+00:00,2026-07-02T17:57:00+00:00,high,fair,medium,36,9,3,29,20,25,1.3202,5.9696,13.8039,0.7594,0.1679,0.0726,3-0,home,Y,Y
643880,Portugal vs. Croatia,Portugal,Croatia,fifwc-prt-hrv-2026-07-02,2026-07-02T23:00:00+00:00,2026-07-03 07:00,2026-07-02T22:00:00+00:00,2026-07-02T23:00:00Z,2026-06-28T10:11:05.994573Z,0.57749504,0.26455348,0.16499294,0.42343927,0.73749998,0.8375,data_api_vwap_3m_pre_anchor,data_api_vwap_3m_pre_anchor,data_api_vwap_3m_pre_anchor,high,high,high,81,14,19,29011.360186,426.58621,2083.57695,1,10,10,2026-07-02T21:59:59+00:00,2026-07-02T21:59:50+00:00,2026-07-02T21:59:50+00:00,2026-07-02T21:57:00+00:00,2026-07-02T21:57:00+00:00,2026-07-02T21:57:00+00:00,high,medium,medium,9,4,4,1,23,107,1.7316,3.78,6.0609,0.5735,0.2627,0.1638,2-1,home,Y,Y
643884,Switzerland vs. Algeria,Switzerland,Algeria,fifwc-che-alg-2026-07-02,2026-07-03T03:00:00+00:00,2026-07-03 11:00,2026-07-03T02:00:00+00:00,2026-07-03T03:00:00Z,2026-06-28T10:03:59.38304Z,0.48988038,0.305,0.2125,0.5125,0.69718538,0.79,data_api_vwap_3m_pre_anchor,data_api_vwap_3m_pre_anchor,data_api_vwap_3m_pre_anchor,high,high,high,98,15,13,13823.567234,4896.11244,8331.341158,2,13,8,2026-07-03T01:59:58+00:00,2026-07-03T01:59:47+00:00,2026-07-03T01:59:52+00:00,2026-07-03T01:57:00+00:00,2026-07-03T01:57:00+00:00,2026-07-03T01:57:00+00:00,high,medium,high,4,6,4,13,62,130,2.0413,3.2787,4.7059,0.4863,0.3028,0.2109,2-0,home,Y,Y
643888,Colombia vs. Ghana,Colombia,Ghana,fifwc-col-gha-2026-07-03,2026-07-04T01:30:00+00:00,2026-07-04 09:30,2026-07-04T00:30:00+00:00,2026-07-04T01:30:00Z,2026-06-28T10:03:26.142163Z,0.6891741,0.21976941,0.11,0.31968669,0.78985305,0.9,data_api_vwap_3m_pre_anchor,data_api_vwap_3m_pre_anchor,data_api_vwap_3m_pre_anchor,high,high,high,20,9,15,2588.950417,1971.072716,3505.909071,2,37,47,2026-07-04T00:29:58+00:00,2026-07-04T00:29:23+00:00,2026-07-04T00:29:13+00:00,2026-07-04T00:27:00+00:00,2026-07-04T00:27:00+00:00,2026-07-04T00:27:00+00:00,high,fair,medium,4,24,11,43,568,59,1.451,4.5502,9.0909,0.6764,0.2157,0.108,1-0,home,Y,Y
650867,Canada vs. Morocco,Canada,Morocco,fifwc-can-mar-2026-07-04,2026-07-04T17:00:00+00:00,2026-07-05 01:00,2026-07-04T16:00:00+00:00,2026-07-04T17:00:00Z,2026-06-30T10:03:46.600404Z,0.18,0.29,0.54999508,0.83,0.72,0.45997286,data_api_vwap_3m_pre_anchor,data_api_vwap_3m_pre_anchor,data_api_vwap_3m_pre_anchor,high,high,high,14,18,75,2828.70665,4052.425838,53791.978984,23,1,1,2026-07-04T15:59:37+00:00,2026-07-04T15:59:59+00:00,2026-07-04T15:59:59+00:00,2026-07-04T15:57:00+00:00,2026-07-04T15:57:00+00:00,2026-07-04T15:57:00+00:00,high,high,high,14,3,4,32,83,26,5.5556,3.4483,1.8182,0.1765,0.2843,0.5392,0-3,away,Y,Y
654603,Paraguay vs. France,Paraguay,France,fifwc-par-fra-2026-07-04,2026-07-04T21:00:00+00:00,2026-07-05 05:00,2026-07-04T20:00:00+00:00,2026-07-04T21:00:00Z,2026-07-01T10:03:23.53868Z,0.04994076,0.1399332,0.82949569,0.96,0.87,0.17789564,data_api_vwap_3m_pre_anchor,data_api_vwap_3m_pre_anchor,data_api_vwap_3m_pre_anchor,high,high,high,17,15,63,10127.6,2302.52284,7148.026357,17,20,1,2026-07-04T19:59:43+00:00,2026-07-04T19:59:40+00:00,2026-07-04T19:59:59+00:00,2026-07-04T19:57:00+00:00,2026-07-04T19:57:00+00:00,2026-07-04T19:57:00+00:00,medium,high,high,9,16,3,94,2,44,20.0237,7.1463,1.2056,0.049,0.1373,0.8137,0-1,away,Y,Y
654615,Brazil vs. Norway,Brazil,Norway,fifwc-bra-nor-2026-07-05,2026-07-05T20:00:00+00:00,2026-07-06 04:00,2026-07-05T19:00:00+00:00,2026-07-05T20:00:00Z,2026-07-01T10:03:40.226987Z,0.54981432,0.26999999,0.19999137,0.46,0.74,0.8099718,data_api_vwap_3m_pre_anchor,data_api_vwap_3m_pre_anchor,data_api_vwap_3m_pre_anchor,high,high,high,58,7,28,9409.373594,295.185174,23171.95,1,49,11,2026-07-05T18:59:59+00:00,2026-07-05T18:59:11+00:00,2026-07-05T18:59:49+00:00,2026-07-05T18:57:00+00:00,2026-07-05T18:57:00+00:00,2026-07-05T18:57:00+00:00,high,medium,medium,8,3,10,32,239,181,1.8188,3.7037,5.0002,0.5391,0.2648,0.1961,1-2,away,Y,Y
658244,Mexico vs. England,Mexico,England,fifwc-mex-eng-2026-07-05,2026-07-06T00:00:00+00:00,2026-07-06 08:00,2026-07-05T23:00:00+00:00,2026-07-06T00:00:00Z,2026-07-02T10:03:13.026322Z,0.31944928,0.31949749,0.37964877,0.68851307,0.68999999,0.63,data_api_vwap_3m_pre_anchor,data_api_vwap_3m_pre_anchor,data_api_vwap_3m_pre_anchor,high,high,high,73,21,66,14744.3125,7077.21875,10994.819376,2,5,1,2026-07-05T22:59:58+00:00,2026-07-05T22:59:55+00:00,2026-07-05T22:59:59+00:00,2026-07-05T22:57:00+00:00,2026-07-05T22:57:00+00:00,2026-07-05T22:57:00+00:00,high,high,high,19,8,6,41,104,79,3.1304,3.1299,2.634,0.3136,0.3137,0.3727,2-3,away,Y,Y
658252,United States vs. Belgium,United States,Belgium,fifwc-usa-bel-2026-07-06,2026-07-07T00:00:00+00:00,2026-07-07 08:00,2026-07-06T23:00:00+00:00,2026-07-07T00:00:00Z,2026-07-02T10:07:24.40295Z,0.36991852,0.29,0.34998657,0.64,0.72,0.65256683,data_api_vwap_3m_pre_anchor,data_api_vwap_3m_pre_anchor,data_api_vwap_3m_pre_anchor,high,high,high,75,4,18,33785.749146,451.586204,4252.967119,1,34,2,2026-07-06T22:59:59+00:00,2026-07-06T22:59:26+00:00,2026-07-06T22:59:58+00:00,2026-07-06T22:57:00+00:00,2026-07-06T22:57:00+00:00,2026-07-06T22:57:00+00:00,high,high,high,3,3,17,46,22,11,2.7033,3.4483,2.8573,0.3663,0.2872,0.3466,1-4,away,Y,Y
662059,Portugal vs. Spain,Portugal,Spain,fifwc-prt-esp-2026-07-06,2026-07-06T19:00:00+00:00,2026-07-07 03:00,2026-07-06T18:00:00+00:00,2026-07-06T19:00:00Z,2026-07-03T10:06:11.669351Z,0.23999491,0.27999999,0.50995205,0.77,0.73,0.49998611,data_api_vwap_3m_pre_anchor,data_api_vwap_3m_pre_anchor,data_api_vwap_3m_pre_anchor,high,high,high,40,18,45,17068.463288,1500.382838,16194.578766,4,1,1,2026-07-06T17:59:56+00:00,2026-07-06T17:59:59+00:00,2026-07-06T17:59:59+00:00,2026-07-06T17:57:00+00:00,2026-07-06T17:57:00+00:00,2026-07-06T17:57:00+00:00,high,high,high,6,4,13,2,58,1,4.1668,3.5714,1.961,0.233,0.2719,0.4951,0-1,away,Y,Y
665652,Argentina vs. Egypt,Argentina,Egypt,fifwc-arg-egy-2026-07-07,2026-07-07T16:00:00+00:00,2026-07-08 00:00,2026-07-07T15:00:00+00:00,2026-07-07T16:00:00Z,2026-07-04T10:06:26.358628Z,0.73643893,0.2,0.07996137,0.27,0.80999999,0.93,data_api_vwap_3m_pre_anchor,data_api_vwap_3m_pre_anchor,data_api_vwap_3m_pre_anchor,high,high,high,129,15,29,56369.5484,26383.95,27320.425,1,1,8,2026-07-07T14:59:59+00:00,2026-07-07T14:59:59+00:00,2026-07-07T14:59:52+00:00,2026-07-07T14:57:00+00:00,2026-07-07T14:57:00+00:00,2026-07-07T14:57:00+00:00,high,medium,high,11,5,33,17,145,2,1.3579,5.0,12.506,0.7246,0.1968,0.0787,3-2,home,Y,Y
665660,Switzerland vs. Colombia,Switzerland,Colombia,fifwc-che-col-2026-07-07,2026-07-07T20:00:00+00:00,2026-07-08 04:00,2026-07-07T19:00:00+00:00,2026-07-07T20:00:00Z,2026-07-04T10:03:33.875122Z,0.26998547,0.33,0.41998057,0.73997707,0.6776404,0.59,data_api_vwap_3m_pre_anchor,data_api_vwap_3m_pre_anchor,data_api_vwap_3m_pre_anchor,high,high,high,43,21,71,25494.029942,9276.909067,29006.992769,1,20,4,2026-07-07T18:59:59+00:00,2026-07-07T18:59:40+00:00,2026-07-07T18:59:56+00:00,2026-07-07T18:57:00+00:00,2026-07-07T18:57:00+00:00,2026-07-07T18:57:00+00:00,high,high,high,6,15,19,25,26,7,3.7039,3.0303,2.3811,0.2647,0.3235,0.4118,0-0,draw,Y,Y
669233,France vs. Morocco,France,Morocco,fifwc-fra-mar-2026-07-09,2026-07-09T20:00:00+00:00,2026-07-10 04:00,2026-07-09T19:00:00+00:00,2026-07-09T20:00:00Z,2026-07-05T10:04:21.734241Z,0.61247845,0.25243931,0.14213325,0.38999999,0.74755151,0.85989547,data_api_vwap_3m_pre_anchor,data_api_vwap_3m_pre_anchor,data_api_vwap_3m_pre_anchor,high,high,high,47,10,31,16897.830755,865.1188,6634.275044,1,5,1,2026-07-09T18:59:59+00:00,2026-07-09T18:59:55+00:00,2026-07-09T18:59:59+00:00,2026-07-09T18:57:00+00:00,2026-07-09T18:57:00+00:00,2026-07-09T18:57:00+00:00,high,fair,medium,5,17,13,53,451,82,1.6327,3.9613,7.0357,0.6082,0.2507,0.1411,2-0,home,Y,Y
672628,Norway vs. England,Norway,England,fifwc-nor-eng-2026-07-11,2026-07-11T21:00:00+00:00,2026-07-12 05:00,2026-07-11T20:00:00+00:00,2026-07-11T21:00:00Z,2026-07-06T10:03:34.767404Z,0.22994705,0.24746604,0.52497874,0.7709716,0.75445947,0.47747186,data_api_vwap_3m_pre_anchor,data_api_vwap_3m_pre_anchor,data_api_vwap_3m_pre_anchor,high,high,high,74,13,67,30751.445989,3509.821399,10987.354676,2,4,8,2026-07-11T19:59:58+00:00,2026-07-11T19:59:56+00:00,2026-07-11T19:59:52+00:00,2026-07-11T19:57:00+00:00,2026-07-11T19:57:00+00:00,2026-07-11T19:57:00+00:00,high,medium,high,29,8,9,19,64,2,4.3488,4.041,1.9048,0.2294,0.2469,0.5237,1-2,draw,Y,Y
676288,Spain vs. Belgium,Spain,Belgium,fifwc-esp-bel-2026-07-10,2026-07-10T19:00:00+00:00,2026-07-11 03:00,2026-07-10T18:00:00+00:00,2026-07-10T19:00:00Z,2026-07-07T10:07:22.501884Z,0.60438307,0.24707662,0.16155739,0.39854387,0.75499435,0.8424033,data_api_vwap_3m_pre_anchor,data_api_vwap_3m_pre_anchor,data_api_vwap_3m_pre_anchor,high,high,high,109,20,34,11130.941303,1642.009374,93419.682152,1,8,11,2026-07-10T17:59:59+00:00,2026-07-10T17:59:52+00:00,2026-07-10T17:59:49+00:00,2026-07-10T17:57:00+00:00,2026-07-10T17:57:00+00:00,2026-07-10T17:57:00+00:00,high,high,high,31,13,5,1,7,7,1.6546,4.0473,6.1898,0.5966,0.2439,0.1595,2-1,home,Y,Y
679992,Argentina vs. Switzerland,Argentina,Switzerland,fifwc-arg-che-2026-07-11,2026-07-12T01:00:00+00:00,2026-07-12 09:00,2026-07-12T00:00:00+00:00,2026-07-12T01:00:00Z,2026-07-08T10:05:13.969603Z,0.57442375,0.27498827,0.15741061,0.42834049,0.72737736,0.8443205,data_api_vwap_3m_pre_anchor,data_api_vwap_3m_pre_anchor,data_api_vwap_3m_pre_anchor,high,high,high,213,33,35,60462.022141,2325.02723,18525.329649,1,1,5,2026-07-11T23:59:59+00:00,2026-07-11T23:59:59+00:00,2026-07-11T23:59:55+00:00,2026-07-11T23:57:00+00:00,2026-07-11T23:57:00+00:00,2026-07-11T23:57:00+00:00,high,medium,high,5,12,5,4,169,112,1.7409,3.6365,6.3528,0.5705,0.2731,0.1563,3-1,draw,Y,Y
691040,France vs. Spain,France,Spain,fifwc-fra-esp-2026-07-14,2026-07-14T19:00:00+00:00,2026-07-15 03:00,2026-07-14T18:00:00+00:00,2026-07-14T19:00:00Z,2026-07-11T10:03:23.216548Z,0.37733868,0.3225,0.3,0.6247291,0.67986681,0.70215185,data_api_vwap_3m_pre_anchor,data_api_vwap_3m_pre_anchor,data_api_vwap_3m_pre_anchor,high,high,high,85,18,18,11448.113609,6789.268277,3553.633313,4,4,2,2026-07-14T17:59:56+00:00,2026-07-14T17:59:56+00:00,2026-07-14T17:59:58+00:00,2026-07-14T17:57:00+00:00,2026-07-14T17:57:00+00:00,2026-07-14T17:57:00+00:00,high,high,medium,16,8,17,4,13,79,2.6501,3.1008,3.3333,0.3774,0.3226,0.3,0-2,away,Y,Y
694581,England vs. Argentina,England,Argentina,fifwc-eng-arg-2026-07-15,2026-07-15T19:00:00+00:00,2026-07-16 03:00,2026-07-15T18:00:00+00:00,2026-07-15T19:00:00Z,2026-07-12T10:03:27.210253Z,0.36241567,0.33499999,0.3119371,0.64,0.66583333,0.6891656,data_api_vwap_3m_pre_anchor,data_api_vwap_3m_pre_anchor,data_api_vwap_3m_pre_anchor,high,high,high,53,11,44,9944.708208,638.507445,18436.206,11,2,1,2026-07-15T17:59:49+00:00,2026-07-15T17:59:58+00:00,2026-07-15T17:59:59+00:00,2026-07-15T17:57:00+00:00,2026-07-15T17:57:00+00:00,2026-07-15T17:57:00+00:00,high,medium,high,4,3,5,1,62,92,2.7593,2.9851,3.2058,0.3591,0.3319,0.309,1-2,away,Y,Y
708596,France vs. England,France,England,fifwc-fra-eng-2026-07-18,2026-07-18T21:00:00+00:00,2026-07-19 05:00,2026-07-18T20:00:00+00:00,2026-07-18T21:00:00Z,2026-07-16T02:52:00.90295Z,0.55954395,0.22999999,0.23,0.44125139,0.78,0.78,data_api_vwap_3m_pre_anchor,data_api_vwap_3m_pre_anchor,data_api_vwap_3m_pre_anchor,high,high,high,31,5,5,5304.086398,242.434775,972.782603,0,27,2,2026-07-18T20:00:00+00:00,2026-07-18T19:59:33+00:00,2026-07-18T19:59:58+00:00,2026-07-18T19:57:00+00:00,2026-07-18T19:57:00+00:00,2026-07-18T19:57:00+00:00,high,medium,medium,3,4,8,137,93,80,1.7872,4.3478,4.3478,0.5488,0.2256,0.2256,4-6,away,Y,Y
708597,Spain vs. Argentina,Spain,Argentina,fifwc-esp-arg-2026-07-19,2026-07-19T19:00:00+00:00,2026-07-20 03:00,2026-07-19T18:00:00+00:00,2026-07-19T19:00:00Z,2026-07-16T02:57:42.190653Z,0.42742366,0.32,0.26247088,0.575,0.68228257,0.74,data_api_vwap_3m_pre_anchor,data_api_vwap_3m_pre_anchor,data_api_vwap_3m_pre_anchor,high,high,high,39,21,52,10042.17785,1616.03125,17889.054704,9,26,2,2026-07-19T17:59:51+00:00,2026-07-19T17:59:34+00:00,2026-07-19T17:59:58+00:00,2026-07-19T17:57:00+00:00,2026-07-19T17:57:00+00:00,2026-07-19T17:57:00+00:00,high,medium,high,19,3,4,9,434,14,2.3396,3.125,3.8099,0.4232,0.3169,0.2599,1-0,draw,Y,Y
