year,match_index,date,time,kickoff_utc,stage,competition_phase,group_code,group_matchday,home_team,away_team,home_country_code,away_country_code,home_is_host,away_is_host,home_confederation,away_confederation,home_continent,away_continent,same_confederation,same_continent,score_regular_home,score_regular_away,score_regular,result_regular,is_draw_regular,went_extra_time,went_penalties,score_extra_time,score_penalties,ground,source,home_rest_days,home_matches_played_prior,home_group_points_prior,home_group_goal_diff_prior,away_rest_days,away_matches_played_prior,away_group_points_prior,away_group_goal_diff_prior,rest_days_diff
2002,1,2002-05-31,,,group_stage,group,A,1,France,Senegal,FRA,SEN,N,N,UEFA,CAF,Europe,Africa,N,N,0,1,0-1,away,N,N,N,,,"Seoul World Cup Stadium, Seoul",openfootball/worldcup.json,,0,0,0,,0,0,0,
2002,2,2002-06-01,,,group_stage,group,A,1,Uruguay,Denmark,URU,DEN,N,N,CONMEBOL,UEFA,South America,Europe,N,N,1,2,1-2,away,N,N,N,,,"Munsu Cup Stadium, Ulsan",openfootball/worldcup.json,,0,0,0,,0,0,0,
2002,3,2002-06-06,,,group_stage,group,A,2,France,Uruguay,FRA,URU,N,N,UEFA,CONMEBOL,Europe,South America,N,N,0,0,0-0,draw,Y,N,N,,,"Asiad Main Stadium, Busan",openfootball/worldcup.json,,1,0,-1,,1,0,-1,
2002,4,2002-06-06,,,group_stage,group,A,2,Denmark,Senegal,DEN,SEN,N,N,UEFA,CAF,Europe,Africa,N,N,1,1,1-1,draw,Y,N,N,,,"Daegu World Cup Stadium, Daegu",openfootball/worldcup.json,,1,3,1,,1,3,1,
2002,5,2002-06-11,,,group_stage,group,A,3,Denmark,France,DEN,FRA,N,N,UEFA,UEFA,Europe,Europe,Y,Y,2,0,2-0,home,N,N,N,,,"Incheon Munhak Stadium, Incheon",openfootball/worldcup.json,,2,4,1,,2,1,-1,
2002,6,2002-06-11,,,group_stage,group,A,3,Senegal,Uruguay,SEN,URU,N,N,CAF,CONMEBOL,Africa,South America,N,N,3,3,3-3,draw,Y,N,N,,,"Suwon World Cup Stadium, Suwon",openfootball/worldcup.json,,2,4,1,,2,1,-1,
2002,7,2002-06-02,,,group_stage,group,B,1,Paraguay,South Africa,PAR,RSA,N,N,CONMEBOL,CAF,South America,Africa,N,N,2,2,2-2,draw,Y,N,N,,,"Asiad Main Stadium, Busan",openfootball/worldcup.json,,0,0,0,,0,0,0,
2002,8,2002-06-02,,,group_stage,group,B,1,Spain,Slovenia,ESP,SVN,N,N,UEFA,UEFA,Europe,Europe,Y,Y,3,1,3-1,home,N,N,N,,,"Gwangju World Cup Stadium, Gwangju",openfootball/worldcup.json,,0,0,0,,0,0,0,
2002,9,2002-06-07,,,group_stage,group,B,2,Spain,Paraguay,ESP,PAR,N,N,UEFA,CONMEBOL,Europe,South America,N,N,3,1,3-1,home,N,N,N,,,"Jeonju World Cup Stadium, Jeonju",openfootball/worldcup.json,,1,3,2,,1,1,0,
2002,10,2002-06-08,,,group_stage,group,B,2,South Africa,Slovenia,RSA,SVN,N,N,CAF,UEFA,Africa,Europe,N,N,1,0,1-0,home,N,N,N,,,"Daegu World Cup Stadium, Daegu",openfootball/worldcup.json,,1,1,0,,1,0,-2,
2002,11,2002-06-12,,,group_stage,group,B,3,South Africa,Spain,RSA,ESP,N,N,CAF,UEFA,Africa,Europe,N,N,2,3,2-3,away,N,N,N,,,"Daejeon World Cup Stadium, Daejeon",openfootball/worldcup.json,,2,4,1,,2,6,4,
2002,12,2002-06-12,,,group_stage,group,B,3,Slovenia,Paraguay,SVN,PAR,N,N,UEFA,CONMEBOL,Europe,South America,N,N,1,3,1-3,away,N,N,N,,,"Jeju World Cup Stadium, Jeju",openfootball/worldcup.json,,2,0,-3,,2,1,-2,
2002,13,2002-06-03,,,group_stage,group,C,1,Brazil,Turkey,BRA,TUR,N,N,CONMEBOL,UEFA,South America,Europe,N,N,2,1,2-1,home,N,N,N,,,"Munsu Cup Stadium, Ulsan",openfootball/worldcup.json,,0,0,0,,0,0,0,
2002,14,2002-06-04,,,group_stage,group,C,1,China,Costa Rica,CHN,CRC,N,N,AFC,CONCACAF,Asia,North America,N,N,0,2,0-2,away,N,N,N,,,"Gwangju World Cup Stadium, Gwangju",openfootball/worldcup.json,,0,0,0,,0,0,0,
2002,15,2002-06-08,,,group_stage,group,C,2,Brazil,China,BRA,CHN,N,N,CONMEBOL,AFC,South America,Asia,N,N,4,0,4-0,home,N,N,N,,,"Jeju World Cup Stadium, Jeju",openfootball/worldcup.json,,1,3,1,,1,0,-2,
2002,16,2002-06-09,,,group_stage,group,C,2,Costa Rica,Turkey,CRC,TUR,N,N,CONCACAF,UEFA,North America,Europe,N,N,1,1,1-1,draw,Y,N,N,,,"Incheon Munhak Stadium, Incheon",openfootball/worldcup.json,,1,3,2,,1,0,-1,
2002,17,2002-06-13,,,group_stage,group,C,3,Costa Rica,Brazil,CRC,BRA,N,N,CONCACAF,CONMEBOL,North America,South America,N,N,2,5,2-5,away,N,N,N,,,"Suwon World Cup Stadium, Suwon",openfootball/worldcup.json,,2,4,2,,2,6,5,
2002,18,2002-06-13,,,group_stage,group,C,3,Turkey,China,TUR,CHN,N,N,UEFA,AFC,Europe,Asia,N,N,3,0,3-0,home,N,N,N,,,"Seoul World Cup Stadium, Seoul",openfootball/worldcup.json,,2,1,-1,,2,0,-6,
2002,19,2002-06-04,,,group_stage,group,D,1,South Korea,Poland,KOR,POL,Y,N,AFC,UEFA,Asia,Europe,N,N,2,0,2-0,home,N,N,N,,,"Asiad Main Stadium, Busan",openfootball/worldcup.json,,0,0,0,,0,0,0,
2002,20,2002-06-05,,,group_stage,group,D,1,USA,Portugal,USA,POR,N,N,CONCACAF,UEFA,North America,Europe,N,N,3,2,3-2,home,N,N,N,,,"Suwon World Cup Stadium, Suwon",openfootball/worldcup.json,,0,0,0,,0,0,0,
2002,21,2002-06-10,,,group_stage,group,D,2,South Korea,USA,KOR,USA,Y,N,AFC,CONCACAF,Asia,North America,N,N,1,1,1-1,draw,Y,N,N,,,"Daegu World Cup Stadium, Daegu",openfootball/worldcup.json,,1,3,2,,1,3,1,
2002,22,2002-06-10,,,group_stage,group,D,2,Portugal,Poland,POR,POL,N,N,UEFA,UEFA,Europe,Europe,Y,Y,4,0,4-0,home,N,N,N,,,"Jeonju World Cup Stadium, Jeonju",openfootball/worldcup.json,,1,0,-1,,1,0,-2,
2002,23,2002-06-14,,,group_stage,group,D,3,Portugal,South Korea,POR,KOR,N,Y,UEFA,AFC,Europe,Asia,N,N,0,1,0-1,away,N,N,N,,,"Incheon Munhak Stadium, Incheon",openfootball/worldcup.json,,2,3,3,,2,4,2,
2002,24,2002-06-14,,,group_stage,group,D,3,Poland,USA,POL,USA,N,N,UEFA,CONCACAF,Europe,North America,N,N,3,1,3-1,home,N,N,N,,,"Daejeon World Cup Stadium, Daejeon",openfootball/worldcup.json,,2,0,-6,,2,4,1,
2002,25,2002-06-01,,,group_stage,group,E,1,Ireland,Cameroon,IRL,CMR,N,N,UEFA,CAF,Europe,Africa,N,N,1,1,1-1,draw,Y,N,N,,,"Niigata Stadium, Niigata",openfootball/worldcup.json,,0,0,0,,0,0,0,
2002,26,2002-06-01,,,group_stage,group,E,1,Germany,Saudi Arabia,GER,KSA,N,N,UEFA,AFC,Europe,Asia,N,N,8,0,8-0,home,N,N,N,,,"Sapporo Dome, Sapporo",openfootball/worldcup.json,,0,0,0,,0,0,0,
2002,27,2002-06-05,,,group_stage,group,E,2,Germany,Ireland,GER,IRL,N,N,UEFA,UEFA,Europe,Europe,Y,Y,1,1,1-1,draw,Y,N,N,,,"Kashima Soccer Stadium, Ibaraki",openfootball/worldcup.json,,1,3,8,,1,1,0,
2002,28,2002-06-06,,,group_stage,group,E,2,Cameroon,Saudi Arabia,CMR,KSA,N,N,CAF,AFC,Africa,Asia,N,N,1,0,1-0,home,N,N,N,,,"Saitama Stadium, Saitama",openfootball/worldcup.json,,1,1,0,,1,0,-8,
2002,29,2002-06-11,,,group_stage,group,E,3,Cameroon,Germany,CMR,GER,N,N,CAF,UEFA,Africa,Europe,N,N,0,2,0-2,away,N,N,N,,,"Shizuoka Stadium, Shizuoka",openfootball/worldcup.json,,2,4,1,,2,4,8,
2002,30,2002-06-11,,,group_stage,group,E,3,Saudi Arabia,Ireland,KSA,IRL,N,N,AFC,UEFA,Asia,Europe,N,N,0,3,0-3,away,N,N,N,,,"International Stadium Yokohama, Yokohama",openfootball/worldcup.json,,2,0,-9,,2,2,0,
2002,31,2002-06-02,,,group_stage,group,F,1,England,Sweden,ENG,SWE,N,N,UEFA,UEFA,Europe,Europe,Y,Y,1,1,1-1,draw,Y,N,N,,,"Saitama Stadium, Saitama",openfootball/worldcup.json,,0,0,0,,0,0,0,
2002,32,2002-06-02,,,group_stage,group,F,1,Argentina,Nigeria,ARG,NGA,N,N,CONMEBOL,CAF,South America,Africa,N,N,1,0,1-0,home,N,N,N,,,"Kashima Soccer Stadium, Ibaraki",openfootball/worldcup.json,,0,0,0,,0,0,0,
2002,33,2002-06-07,,,group_stage,group,F,2,Sweden,Nigeria,SWE,NGA,N,N,UEFA,CAF,Europe,Africa,N,N,2,1,2-1,home,N,N,N,,,"Kobe Wing Stadium, Kobe",openfootball/worldcup.json,,1,1,0,,1,0,-1,
2002,34,2002-06-07,,,group_stage,group,F,2,Argentina,England,ARG,ENG,N,N,CONMEBOL,UEFA,South America,Europe,N,N,0,1,0-1,away,N,N,N,,,"Sapporo Dome, Sapporo",openfootball/worldcup.json,,1,3,1,,1,1,0,
2002,35,2002-06-12,,,group_stage,group,F,3,Sweden,Argentina,SWE,ARG,N,N,UEFA,CONMEBOL,Europe,South America,N,N,1,1,1-1,draw,Y,N,N,,,"Miyagi Stadium, Miyagi",openfootball/worldcup.json,,2,4,1,,2,3,0,
2002,36,2002-06-12,,,group_stage,group,F,3,Nigeria,England,NGA,ENG,N,N,CAF,UEFA,Africa,Europe,N,N,0,0,0-0,draw,Y,N,N,,,"Nagai Stadium, Osaka",openfootball/worldcup.json,,2,0,-2,,2,4,1,
2002,37,2002-06-03,,,group_stage,group,G,1,Croatia,Mexico,CRO,MEX,N,N,UEFA,CONCACAF,Europe,North America,N,N,0,1,0-1,away,N,N,N,,,"Niigata Stadium, Niigata",openfootball/worldcup.json,,0,0,0,,0,0,0,
2002,38,2002-06-03,,,group_stage,group,G,1,Italy,Ecuador,ITA,ECU,N,N,UEFA,CONMEBOL,Europe,South America,N,N,2,0,2-0,home,N,N,N,,,"Sapporo Dome, Sapporo",openfootball/worldcup.json,,0,0,0,,0,0,0,
2002,39,2002-06-08,,,group_stage,group,G,2,Italy,Croatia,ITA,CRO,N,N,UEFA,UEFA,Europe,Europe,Y,Y,1,2,1-2,away,N,N,N,,,"Kashima Soccer Stadium, Ibaraki",openfootball/worldcup.json,,1,3,2,,1,0,-1,
2002,40,2002-06-09,,,group_stage,group,G,2,Mexico,Ecuador,MEX,ECU,N,N,CONCACAF,CONMEBOL,North America,South America,N,N,2,1,2-1,home,N,N,N,,,"Miyagi Stadium, Miyagi",openfootball/worldcup.json,,1,3,1,,1,0,-2,
2002,41,2002-06-13,,,group_stage,group,G,3,Mexico,Italy,MEX,ITA,N,N,CONCACAF,UEFA,North America,Europe,N,N,1,1,1-1,draw,Y,N,N,,,"Ōita Stadium, Ōita",openfootball/worldcup.json,,2,6,2,,2,3,1,
2002,42,2002-06-13,,,group_stage,group,G,3,Ecuador,Croatia,ECU,CRO,N,N,CONMEBOL,UEFA,South America,Europe,N,N,1,0,1-0,home,N,N,N,,,"International Stadium Yokohama, Yokohama",openfootball/worldcup.json,,2,0,-3,,2,3,0,
2002,43,2002-06-04,,,group_stage,group,H,1,Japan,Belgium,JPN,BEL,Y,N,AFC,UEFA,Asia,Europe,N,N,2,2,2-2,draw,Y,N,N,,,"Saitama Stadium, Saitama",openfootball/worldcup.json,,0,0,0,,0,0,0,
2002,44,2002-06-05,,,group_stage,group,H,1,Russia,Tunisia,RUS,TUN,N,N,UEFA,CAF,Europe,Africa,N,N,2,0,2-0,home,N,N,N,,,"Kobe Wing Stadium, Kobe",openfootball/worldcup.json,,0,0,0,,0,0,0,
2002,45,2002-06-09,,,group_stage,group,H,2,Japan,Russia,JPN,RUS,Y,N,AFC,UEFA,Asia,Europe,N,N,1,0,1-0,home,N,N,N,,,"International Stadium Yokohama, Yokohama",openfootball/worldcup.json,,1,1,0,,1,3,2,
2002,46,2002-06-10,,,group_stage,group,H,2,Tunisia,Belgium,TUN,BEL,N,N,CAF,UEFA,Africa,Europe,N,N,1,1,1-1,draw,Y,N,N,,,"Ōita Stadium, Ōita",openfootball/worldcup.json,,1,0,-2,,1,1,0,
2002,47,2002-06-14,,,group_stage,group,H,3,Tunisia,Japan,TUN,JPN,N,Y,CAF,AFC,Africa,Asia,N,N,0,2,0-2,away,N,N,N,,,"Nagai Stadium, Osaka",openfootball/worldcup.json,,2,1,-2,,2,4,1,
2002,48,2002-06-14,,,group_stage,group,H,3,Belgium,Russia,BEL,RUS,N,N,UEFA,UEFA,Europe,Europe,Y,Y,3,2,3-2,home,N,N,N,,,"Shizuoka Stadium, Shizuoka",openfootball/worldcup.json,,2,2,0,,2,3,1,
2002,49,2002-06-15,,,round_of_16,knockout,,,Germany,Paraguay,GER,PAR,N,N,UEFA,CONMEBOL,Europe,South America,N,N,1,0,1-0,home,N,N,N,,,"Jeju World Cup Stadium, Jeju",openfootball/worldcup.json,,3,,,,3,,,
2002,50,2002-06-15,,,round_of_16,knockout,,,Denmark,England,DEN,ENG,N,N,UEFA,UEFA,Europe,Europe,Y,Y,0,3,0-3,away,N,N,N,,,"Niigata Stadium, Niigata",openfootball/worldcup.json,,3,,,,3,,,
2002,51,2002-06-16,,,round_of_16,knockout,,,Sweden,Senegal,SWE,SEN,N,N,UEFA,CAF,Europe,Africa,N,N,1,1,1-1,draw,Y,Y,N,1-2,,"Ōita Stadium, Ōita",openfootball/worldcup.json,,3,,,,3,,,
2002,52,2002-06-16,,,round_of_16,knockout,,,Spain,Ireland,ESP,IRL,N,N,UEFA,UEFA,Europe,Europe,Y,Y,1,1,1-1,draw,Y,Y,Y,1-1,3-2,"Suwon World Cup Stadium, Suwon",openfootball/worldcup.json,,3,,,,3,,,
2002,53,2002-06-17,,,round_of_16,knockout,,,Mexico,USA,MEX,USA,N,N,CONCACAF,CONCACAF,North America,North America,Y,Y,0,2,0-2,away,N,N,N,,,"Jeonju World Cup Stadium, Jeonju",openfootball/worldcup.json,,3,,,,3,,,
2002,54,2002-06-17,,,round_of_16,knockout,,,Brazil,Belgium,BRA,BEL,N,N,CONMEBOL,UEFA,South America,Europe,N,N,2,0,2-0,home,N,N,N,,,"Kobe Wing Stadium, Kobe",openfootball/worldcup.json,,3,,,,3,,,
2002,55,2002-06-18,,,round_of_16,knockout,,,Japan,Turkey,JPN,TUR,Y,N,AFC,UEFA,Asia,Europe,N,N,0,1,0-1,away,N,N,N,,,"Miyagi Stadium, Miyagi",openfootball/worldcup.json,,3,,,,3,,,
2002,56,2002-06-18,,,round_of_16,knockout,,,South Korea,Italy,KOR,ITA,Y,N,AFC,UEFA,Asia,Europe,N,N,1,1,1-1,draw,Y,Y,N,2-1,,"Daejeon World Cup Stadium, Daejeon",openfootball/worldcup.json,,3,,,,3,,,
2002,57,2002-06-21,,,quarter_final,knockout,,,England,Brazil,ENG,BRA,N,N,UEFA,CONMEBOL,Europe,South America,N,N,1,2,1-2,away,N,N,N,,,"Shizuoka Stadium, Shizuoka",openfootball/worldcup.json,,4,,,,4,,,
2002,58,2002-06-21,,,quarter_final,knockout,,,Germany,USA,GER,USA,N,N,UEFA,CONCACAF,Europe,North America,N,N,1,0,1-0,home,N,N,N,,,"Munsu Cup Stadium, Ulsan",openfootball/worldcup.json,,4,,,,4,,,
2002,59,2002-06-22,,,quarter_final,knockout,,,Spain,South Korea,ESP,KOR,N,Y,UEFA,AFC,Europe,Asia,N,N,0,0,0-0,draw,Y,Y,Y,0-0,3-5,"Gwangju World Cup Stadium, Gwangju",openfootball/worldcup.json,,4,,,,4,,,
2002,60,2002-06-22,,,quarter_final,knockout,,,Senegal,Turkey,SEN,TUR,N,N,CAF,UEFA,Africa,Europe,N,N,0,0,0-0,draw,Y,Y,N,0-1,,"Nagai Stadium, Osaka",openfootball/worldcup.json,,4,,,,4,,,
2002,61,2002-06-25,,,semi_final,knockout,,,Germany,South Korea,GER,KOR,N,Y,UEFA,AFC,Europe,Asia,N,N,1,0,1-0,home,N,N,N,,,"Seoul World Cup Stadium, Seoul",openfootball/worldcup.json,,5,,,,5,,,
2002,62,2002-06-26,,,semi_final,knockout,,,Brazil,Turkey,BRA,TUR,N,N,CONMEBOL,UEFA,South America,Europe,N,N,1,0,1-0,home,N,N,N,,,"Saitama Stadium, Saitama",openfootball/worldcup.json,,5,,,,5,,,
2002,63,2002-06-29,,,knockout_other,knockout,,,South Korea,Turkey,KOR,TUR,Y,N,AFC,UEFA,Asia,Europe,N,N,2,3,2-3,away,N,N,N,,,"Daegu World Cup Stadium, Daegu",openfootball/worldcup.json,,6,,,,6,,,
2002,64,2002-06-30,,,final,knockout,,,Germany,Brazil,GER,BRA,N,N,UEFA,CONMEBOL,Europe,South America,N,N,0,2,0-2,away,N,N,N,,,"International Stadium Yokohama, Yokohama",openfootball/worldcup.json,,6,,,,6,,,
2006,1,2006-06-09,,,group_stage,group,A,1,Germany,Costa Rica,GER,CRC,Y,N,UEFA,CONCACAF,Europe,North America,N,N,4,2,4-2,home,N,N,N,,,"Allianz Arena, München",openfootball/worldcup.json,,0,0,0,,0,0,0,
2006,2,2006-06-09,,,group_stage,group,A,1,Poland,Ecuador,POL,ECU,N,N,UEFA,CONMEBOL,Europe,South America,N,N,0,2,0-2,away,N,N,N,,,"Veltins-Arena, Gelsenkirchen",openfootball/worldcup.json,,0,0,0,,0,0,0,
2006,3,2006-06-14,,,group_stage,group,A,2,Germany,Poland,GER,POL,Y,N,UEFA,UEFA,Europe,Europe,Y,Y,1,0,1-0,home,N,N,N,,,"Signal Iduna Park, Dortmund",openfootball/worldcup.json,,1,3,2,,1,0,-2,
2006,4,2006-06-15,,,group_stage,group,A,2,Ecuador,Costa Rica,ECU,CRC,N,N,CONMEBOL,CONCACAF,South America,North America,N,N,3,0,3-0,home,N,N,N,,,"AOL Arena, Hamburg",openfootball/worldcup.json,,1,3,2,,1,0,-2,
2006,5,2006-06-20,,,group_stage,group,A,3,Ecuador,Germany,ECU,GER,N,Y,CONMEBOL,UEFA,South America,Europe,N,N,0,3,0-3,away,N,N,N,,,"Olympiastadion, Berlin",openfootball/worldcup.json,,2,6,5,,2,6,3,
2006,6,2006-06-20,,,group_stage,group,A,3,Costa Rica,Poland,CRC,POL,N,N,CONCACAF,UEFA,North America,Europe,N,N,1,2,1-2,away,N,N,N,,,"AWD-Arena, Hannover",openfootball/worldcup.json,,2,0,-5,,2,0,-3,
2006,7,2006-06-10,,,group_stage,group,B,1,England,Paraguay,ENG,PAR,N,N,UEFA,CONMEBOL,Europe,South America,N,N,1,0,1-0,home,N,N,N,,,"Commerzbank-Arena, Frankfurt",openfootball/worldcup.json,,0,0,0,,0,0,0,
2006,8,2006-06-10,,,group_stage,group,B,1,Trinidad and Tobago,Sweden,TRI,SWE,N,N,CONCACAF,UEFA,North America,Europe,N,N,0,0,0-0,draw,Y,N,N,,,"Signal Iduna Park, Dortmund",openfootball/worldcup.json,,0,0,0,,0,0,0,
2006,9,2006-06-15,,,group_stage,group,B,2,England,Trinidad and Tobago,ENG,TRI,N,N,UEFA,CONCACAF,Europe,North America,N,N,2,0,2-0,home,N,N,N,,,"Frankenstadion, Nürnberg",openfootball/worldcup.json,,1,3,1,,1,1,0,
2006,10,2006-06-15,,,group_stage,group,B,2,Sweden,Paraguay,SWE,PAR,N,N,UEFA,CONMEBOL,Europe,South America,N,N,1,0,1-0,home,N,N,N,,,"Olympiastadion, Berlin",openfootball/worldcup.json,,1,1,0,,1,0,-1,
2006,11,2006-06-20,,,group_stage,group,B,3,Sweden,England,SWE,ENG,N,N,UEFA,UEFA,Europe,Europe,Y,Y,2,2,2-2,draw,Y,N,N,,,"RheinEnergieStadion, Köln",openfootball/worldcup.json,,2,4,1,,2,6,3,
2006,12,2006-06-20,,,group_stage,group,B,3,Paraguay,Trinidad and Tobago,PAR,TRI,N,N,CONMEBOL,CONCACAF,South America,North America,N,N,2,0,2-0,home,N,N,N,,,"Fritz-Walter-Stadion, Kaiserslautern",openfootball/worldcup.json,,2,0,-2,,2,1,-2,
2006,13,2006-06-10,,,group_stage,group,C,1,Argentina,Côte d'Ivoire,ARG,CIV,N,N,CONMEBOL,CAF,South America,Africa,N,N,2,1,2-1,home,N,N,N,,,"AOL Arena, Hamburg",openfootball/worldcup.json,,0,0,0,,0,0,0,
2006,14,2006-06-11,,,group_stage,group,C,1,Serbia and Montenegro,Netherlands,SCG,NED,N,N,UEFA,UEFA,Europe,Europe,Y,Y,0,1,0-1,away,N,N,N,,,"Zentralstadion, Leipzig",openfootball/worldcup.json,,0,0,0,,0,0,0,
2006,15,2006-06-16,,,group_stage,group,C,2,Argentina,Serbia and Montenegro,ARG,SCG,N,N,CONMEBOL,UEFA,South America,Europe,N,N,6,0,6-0,home,N,N,N,,,"Veltins-Arena, Gelsenkirchen",openfootball/worldcup.json,,1,3,1,,1,0,-1,
2006,16,2006-06-16,,,group_stage,group,C,2,Netherlands,Côte d'Ivoire,NED,CIV,N,N,UEFA,CAF,Europe,Africa,N,N,2,1,2-1,home,N,N,N,,,"Gottlieb-Daimler-Stadion, Stuttgart",openfootball/worldcup.json,,1,3,1,,1,0,-1,
2006,17,2006-06-21,,,group_stage,group,C,3,Netherlands,Argentina,NED,ARG,N,N,UEFA,CONMEBOL,Europe,South America,N,N,0,0,0-0,draw,Y,N,N,,,"Commerzbank-Arena, Frankfurt",openfootball/worldcup.json,,2,6,2,,2,6,7,
2006,18,2006-06-21,,,group_stage,group,C,3,Côte d'Ivoire,Serbia and Montenegro,CIV,SCG,N,N,CAF,UEFA,Africa,Europe,N,N,3,2,3-2,home,N,N,N,,,"Allianz Arena, München",openfootball/worldcup.json,,2,0,-2,,2,0,-7,
2006,19,2006-06-11,,,group_stage,group,D,1,Mexico,Iran,MEX,IRN,N,N,CONCACAF,AFC,North America,Asia,N,N,3,1,3-1,home,N,N,N,,,"Frankenstadion, Nürnberg",openfootball/worldcup.json,,0,0,0,,0,0,0,
2006,20,2006-06-11,,,group_stage,group,D,1,Angola,Portugal,ANG,POR,N,N,CAF,UEFA,Africa,Europe,N,N,0,1,0-1,away,N,N,N,,,"RheinEnergieStadion, Köln",openfootball/worldcup.json,,0,0,0,,0,0,0,
2006,21,2006-06-16,,,group_stage,group,D,2,Mexico,Angola,MEX,ANG,N,N,CONCACAF,CAF,North America,Africa,N,N,0,0,0-0,draw,Y,N,N,,,"AWD-Arena, Hannover",openfootball/worldcup.json,,1,3,2,,1,0,-1,
2006,22,2006-06-17,,,group_stage,group,D,2,Portugal,Iran,POR,IRN,N,N,UEFA,AFC,Europe,Asia,N,N,2,0,2-0,home,N,N,N,,,"Commerzbank-Arena, Frankfurt",openfootball/worldcup.json,,1,3,1,,1,0,-2,
2006,23,2006-06-21,,,group_stage,group,D,3,Portugal,Mexico,POR,MEX,N,N,UEFA,CONCACAF,Europe,North America,N,N,2,1,2-1,home,N,N,N,,,"Veltins-Arena, Gelsenkirchen",openfootball/worldcup.json,,2,6,3,,2,4,2,
2006,24,2006-06-21,,,group_stage,group,D,3,Iran,Angola,IRN,ANG,N,N,AFC,CAF,Asia,Africa,N,N,1,1,1-1,draw,Y,N,N,,,"Zentralstadion, Leipzig",openfootball/worldcup.json,,2,0,-4,,2,1,-1,
2006,25,2006-06-12,,,group_stage,group,E,1,Italy,Ghana,ITA,GHA,N,N,UEFA,CAF,Europe,Africa,N,N,2,0,2-0,home,N,N,N,,,"AWD-Arena, Hannover",openfootball/worldcup.json,,0,0,0,,0,0,0,
2006,26,2006-06-12,,,group_stage,group,E,1,USA,Czech Republic,USA,CZE,N,N,CONCACAF,UEFA,North America,Europe,N,N,0,3,0-3,away,N,N,N,,,"Veltins-Arena, Gelsenkirchen",openfootball/worldcup.json,,0,0,0,,0,0,0,
2006,27,2006-06-17,,,group_stage,group,E,2,Italy,USA,ITA,USA,N,N,UEFA,CONCACAF,Europe,North America,N,N,1,1,1-1,draw,Y,N,N,,,"Fritz-Walter-Stadion, Kaiserslautern",openfootball/worldcup.json,,1,3,2,,1,0,-3,
2006,28,2006-06-17,,,group_stage,group,E,2,Czech Republic,Ghana,CZE,GHA,N,N,UEFA,CAF,Europe,Africa,N,N,0,2,0-2,away,N,N,N,,,"RheinEnergieStadion, Köln",openfootball/worldcup.json,,1,3,3,,1,0,-2,
2006,29,2006-06-22,,,group_stage,group,E,3,Czech Republic,Italy,CZE,ITA,N,N,UEFA,UEFA,Europe,Europe,Y,Y,0,2,0-2,away,N,N,N,,,"AOL Arena, Hamburg",openfootball/worldcup.json,,2,3,1,,2,4,2,
2006,30,2006-06-22,,,group_stage,group,E,3,Ghana,USA,GHA,USA,N,N,CAF,CONCACAF,Africa,North America,N,N,2,1,2-1,home,N,N,N,,,"Frankenstadion, Nürnberg",openfootball/worldcup.json,,2,3,0,,2,1,-3,
2006,31,2006-06-13,,,group_stage,group,F,1,Brazil,Croatia,BRA,CRO,N,N,CONMEBOL,UEFA,South America,Europe,N,N,1,0,1-0,home,N,N,N,,,"Olympiastadion, Berlin",openfootball/worldcup.json,,0,0,0,,0,0,0,
2006,32,2006-06-12,,,group_stage,group,F,1,Australia,Japan,AUS,JPN,N,N,AFC,AFC,Oceania,Asia,Y,N,3,1,3-1,home,N,N,N,,,"Fritz-Walter-Stadion, Kaiserslautern",openfootball/worldcup.json,,0,0,0,,0,0,0,
2006,33,2006-06-18,,,group_stage,group,F,2,Brazil,Australia,BRA,AUS,N,N,CONMEBOL,AFC,South America,Oceania,N,N,2,0,2-0,home,N,N,N,,,"Allianz Arena, München",openfootball/worldcup.json,,1,3,1,,1,3,2,
2006,34,2006-06-18,,,group_stage,group,F,2,Japan,Croatia,JPN,CRO,N,N,AFC,UEFA,Asia,Europe,N,N,0,0,0-0,draw,Y,N,N,,,"Frankenstadion, Nürnberg",openfootball/worldcup.json,,1,0,-2,,1,0,-1,
2006,35,2006-06-22,,,group_stage,group,F,3,Japan,Brazil,JPN,BRA,N,N,AFC,CONMEBOL,Asia,South America,N,N,1,4,1-4,away,N,N,N,,,"Signal Iduna Park, Dortmund",openfootball/worldcup.json,,2,1,-2,,2,6,3,
2006,36,2006-06-22,,,group_stage,group,F,3,Croatia,Australia,CRO,AUS,N,N,UEFA,AFC,Europe,Oceania,N,N,2,2,2-2,draw,Y,N,N,,,"Gottlieb-Daimler-Stadion, Stuttgart",openfootball/worldcup.json,,2,1,-1,,2,3,0,
2006,37,2006-06-13,,,group_stage,group,G,1,France,Switzerland,FRA,SUI,N,N,UEFA,UEFA,Europe,Europe,Y,Y,0,0,0-0,draw,Y,N,N,,,"Gottlieb-Daimler-Stadion, Stuttgart",openfootball/worldcup.json,,0,0,0,,0,0,0,
2006,38,2006-06-13,,,group_stage,group,G,1,South Korea,Togo,KOR,TOG,N,N,AFC,CAF,Asia,Africa,N,N,2,1,2-1,home,N,N,N,,,"Commerzbank-Arena, Frankfurt",openfootball/worldcup.json,,0,0,0,,0,0,0,
2006,39,2006-06-18,,,group_stage,group,G,2,France,South Korea,FRA,KOR,N,N,UEFA,AFC,Europe,Asia,N,N,1,1,1-1,draw,Y,N,N,,,"Zentralstadion, Leipzig",openfootball/worldcup.json,,1,1,0,,1,3,1,
2006,40,2006-06-19,,,group_stage,group,G,2,Togo,Switzerland,TOG,SUI,N,N,CAF,UEFA,Africa,Europe,N,N,0,2,0-2,away,N,N,N,,,"Signal Iduna Park, Dortmund",openfootball/worldcup.json,,1,0,-1,,1,1,0,
2006,41,2006-06-23,,,group_stage,group,G,3,Togo,France,TOG,FRA,N,N,CAF,UEFA,Africa,Europe,N,N,0,2,0-2,away,N,N,N,,,"RheinEnergieStadion, Köln",openfootball/worldcup.json,,2,0,-3,,2,2,0,
2006,42,2006-06-23,,,group_stage,group,G,3,Switzerland,South Korea,SUI,KOR,N,N,UEFA,AFC,Europe,Asia,N,N,2,0,2-0,home,N,N,N,,,"AWD-Arena, Hannover",openfootball/worldcup.json,,2,4,2,,2,4,1,
2006,43,2006-06-14,,,group_stage,group,H,1,Spain,Ukraine,ESP,UKR,N,N,UEFA,UEFA,Europe,Europe,Y,Y,4,0,4-0,home,N,N,N,,,"Zentralstadion, Leipzig",openfootball/worldcup.json,,0,0,0,,0,0,0,
2006,44,2006-06-14,,,group_stage,group,H,1,Tunisia,Saudi Arabia,TUN,KSA,N,N,CAF,AFC,Africa,Asia,N,N,2,2,2-2,draw,Y,N,N,,,"Allianz Arena, München",openfootball/worldcup.json,,0,0,0,,0,0,0,
2006,45,2006-06-19,,,group_stage,group,H,2,Spain,Tunisia,ESP,TUN,N,N,UEFA,CAF,Europe,Africa,N,N,3,1,3-1,home,N,N,N,,,"Gottlieb-Daimler-Stadion, Stuttgart",openfootball/worldcup.json,,1,3,4,,1,1,0,
2006,46,2006-06-19,,,group_stage,group,H,2,Saudi Arabia,Ukraine,KSA,UKR,N,N,AFC,UEFA,Asia,Europe,N,N,0,4,0-4,away,N,N,N,,,"AOL Arena, Hamburg",openfootball/worldcup.json,,1,1,0,,1,0,-4,
2006,47,2006-06-23,,,group_stage,group,H,3,Saudi Arabia,Spain,KSA,ESP,N,N,AFC,UEFA,Asia,Europe,N,N,0,1,0-1,away,N,N,N,,,"Fritz-Walter-Stadion, Kaiserslautern",openfootball/worldcup.json,,2,1,-4,,2,6,6,
2006,48,2006-06-23,,,group_stage,group,H,3,Ukraine,Tunisia,UKR,TUN,N,N,UEFA,CAF,Europe,Africa,N,N,1,0,1-0,home,N,N,N,,,"Olympiastadion, Berlin",openfootball/worldcup.json,,2,3,0,,2,1,-2,
2006,49,2006-06-24,,,round_of_16,knockout,,,Germany,Sweden,GER,SWE,Y,N,UEFA,UEFA,Europe,Europe,Y,Y,2,0,2-0,home,N,N,N,,,"Allianz Arena, München",openfootball/worldcup.json,,3,,,,3,,,
2006,50,2006-06-24,,,round_of_16,knockout,,,Argentina,Mexico,ARG,MEX,N,N,CONMEBOL,CONCACAF,South America,North America,N,N,1,1,1-1,draw,Y,Y,N,2-1,,"Zentralstadion, Leipzig",openfootball/worldcup.json,,3,,,,3,,,
2006,51,2006-06-25,,,round_of_16,knockout,,,England,Ecuador,ENG,ECU,N,N,UEFA,CONMEBOL,Europe,South America,N,N,1,0,1-0,home,N,N,N,,,"Gottlieb-Daimler-Stadion, Stuttgart",openfootball/worldcup.json,,3,,,,3,,,
2006,52,2006-06-25,,,round_of_16,knockout,,,Portugal,Netherlands,POR,NED,N,N,UEFA,UEFA,Europe,Europe,Y,Y,1,0,1-0,home,N,N,N,,,"Frankenstadion, Nürnberg",openfootball/worldcup.json,,3,,,,3,,,
2006,53,2006-06-26,,,round_of_16,knockout,,,Italy,Australia,ITA,AUS,N,N,UEFA,AFC,Europe,Oceania,N,N,1,0,1-0,home,N,N,N,,,"Fritz-Walter-Stadion, Kaiserslautern",openfootball/worldcup.json,,3,,,,3,,,
2006,54,2006-06-26,,,round_of_16,knockout,,,Switzerland,Ukraine,SUI,UKR,N,N,UEFA,UEFA,Europe,Europe,Y,Y,0,0,0-0,draw,Y,Y,Y,0-0,0-3,"RheinEnergieStadion, Köln",openfootball/worldcup.json,,3,,,,3,,,
2006,55,2006-06-27,,,round_of_16,knockout,,,Brazil,Ghana,BRA,GHA,N,N,CONMEBOL,CAF,South America,Africa,N,N,3,0,3-0,home,N,N,N,,,"Signal Iduna Park, Dortmund",openfootball/worldcup.json,,3,,,,3,,,
2006,56,2006-06-27,,,round_of_16,knockout,,,Spain,France,ESP,FRA,N,N,UEFA,UEFA,Europe,Europe,Y,Y,1,3,1-3,away,N,N,N,,,"AWD-Arena, Hannover",openfootball/worldcup.json,,3,,,,3,,,
2006,57,2006-06-30,,,quarter_final,knockout,,,Germany,Argentina,GER,ARG,Y,N,UEFA,CONMEBOL,Europe,South America,N,N,1,1,1-1,draw,Y,Y,Y,1-1,4-2,"Olympiastadion, Berlin",openfootball/worldcup.json,,4,,,,4,,,
2006,58,2006-06-30,,,quarter_final,knockout,,,Italy,Ukraine,ITA,UKR,N,N,UEFA,UEFA,Europe,Europe,Y,Y,3,0,3-0,home,N,N,N,,,"AOL Arena, Hamburg",openfootball/worldcup.json,,4,,,,4,,,
2006,59,2006-07-01,,,quarter_final,knockout,,,England,Portugal,ENG,POR,N,N,UEFA,UEFA,Europe,Europe,Y,Y,0,0,0-0,draw,Y,Y,Y,0-0,1-3,"Veltins-Arena, Gelsenkirchen",openfootball/worldcup.json,,4,,,,4,,,
2006,60,2006-07-01,,,quarter_final,knockout,,,Brazil,France,BRA,FRA,N,N,CONMEBOL,UEFA,South America,Europe,N,N,0,1,0-1,away,N,N,N,,,"Commerzbank-Arena, Frankfurt",openfootball/worldcup.json,,4,,,,4,,,
2006,61,2006-07-04,,,semi_final,knockout,,,Germany,Italy,GER,ITA,Y,N,UEFA,UEFA,Europe,Europe,Y,Y,0,0,0-0,draw,Y,Y,N,0-2,,"Signal Iduna Park, Dortmund",openfootball/worldcup.json,,5,,,,5,,,
2006,62,2006-07-05,,,semi_final,knockout,,,Portugal,France,POR,FRA,N,N,UEFA,UEFA,Europe,Europe,Y,Y,0,1,0-1,away,N,N,N,,,"Allianz Arena, München",openfootball/worldcup.json,,5,,,,5,,,
2006,63,2006-07-08,,,third_place,knockout,,,Germany,Portugal,GER,POR,Y,N,UEFA,UEFA,Europe,Europe,Y,Y,3,1,3-1,home,N,N,N,,,"Gottlieb-Daimler-Stadion, Stuttgart",openfootball/worldcup.json,,6,,,,6,,,
2006,64,2006-07-09,,,final,knockout,,,Italy,France,ITA,FRA,N,N,UEFA,UEFA,Europe,Europe,Y,Y,1,1,1-1,draw,Y,Y,Y,1-1,5-3,"Olympiastadion, Berlin",openfootball/worldcup.json,,6,,,,6,,,
2010,1,2010-06-11,16:00,2010-06-11T14:00:00+00:00,group_stage,group,A,1,South Africa,Mexico,RSA,MEX,Y,N,CAF,CONCACAF,Africa,North America,N,N,1,1,1-1,draw,Y,N,N,,,"Soccer City, Johannesburg",openfootball/worldcup.json,,0,0,0,,0,0,0,
2010,2,2010-06-11,20:30,2010-06-11T18:30:00+00:00,group_stage,group,A,1,Uruguay,France,URU,FRA,N,N,CONMEBOL,UEFA,South America,Europe,N,N,0,0,0-0,draw,Y,N,N,,,"Cape Town Stadium, Cape Town",openfootball/worldcup.json,,0,0,0,,0,0,0,
2010,7,2010-06-12,13:30,2010-06-12T11:30:00+00:00,group_stage,group,B,1,South Korea,Greece,KOR,GRE,N,N,AFC,UEFA,Asia,Europe,N,N,2,0,2-0,home,N,N,N,,,"Nelson Mandela Bay Stadium, Port Elizabeth",openfootball/worldcup.json,,0,0,0,,0,0,0,
2010,8,2010-06-12,16:00,2010-06-12T14:00:00+00:00,group_stage,group,B,1,Argentina,Nigeria,ARG,NGA,N,N,CONMEBOL,CAF,South America,Africa,N,N,1,0,1-0,home,N,N,N,,,"Ellis Park Stadium, Johannesburg",openfootball/worldcup.json,,0,0,0,,0,0,0,
2010,13,2010-06-12,20:30,2010-06-12T18:30:00+00:00,group_stage,group,C,1,England,USA,ENG,USA,N,N,UEFA,CONCACAF,Europe,North America,N,N,1,1,1-1,draw,Y,N,N,,,"Royal Bafokeng Stadium, Rustenburg",openfootball/worldcup.json,,0,0,0,,0,0,0,
2010,14,2010-06-13,13:30,2010-06-13T11:30:00+00:00,group_stage,group,C,1,Algeria,Slovenia,ALG,SVN,N,N,CAF,UEFA,Africa,Europe,N,N,0,1,0-1,away,N,N,N,,,"Peter Mokaba Stadium, Polokwane",openfootball/worldcup.json,,0,0,0,,0,0,0,
2010,19,2010-06-13,16:00,2010-06-13T14:00:00+00:00,group_stage,group,D,1,Serbia,Ghana,SRB,GHA,N,N,UEFA,CAF,Europe,Africa,N,N,0,1,0-1,away,N,N,N,,,"Loftus Versfeld Stadium, Pretoria",openfootball/worldcup.json,,0,0,0,,0,0,0,
2010,20,2010-06-13,20:30,2010-06-13T18:30:00+00:00,group_stage,group,D,1,Germany,Australia,GER,AUS,N,N,UEFA,AFC,Europe,Oceania,N,N,4,0,4-0,home,N,N,N,,,"Moses Mabhida Stadium, Durban",openfootball/worldcup.json,,0,0,0,,0,0,0,
2010,25,2010-06-14,13:30,2010-06-14T11:30:00+00:00,group_stage,group,E,1,Netherlands,Denmark,NED,DEN,N,N,UEFA,UEFA,Europe,Europe,Y,Y,2,0,2-0,home,N,N,N,,,"Soccer City, Johannesburg",openfootball/worldcup.json,,0,0,0,,0,0,0,
2010,26,2010-06-14,16:00,2010-06-14T14:00:00+00:00,group_stage,group,E,1,Japan,Cameroon,JPN,CMR,N,N,AFC,CAF,Asia,Africa,N,N,1,0,1-0,home,N,N,N,,,"Free State Stadium, Bloemfontein",openfootball/worldcup.json,,0,0,0,,0,0,0,
2010,31,2010-06-14,20:30,2010-06-14T18:30:00+00:00,group_stage,group,F,1,Italy,Paraguay,ITA,PAR,N,N,UEFA,CONMEBOL,Europe,South America,N,N,1,1,1-1,draw,Y,N,N,,,"Cape Town Stadium, Cape Town",openfootball/worldcup.json,,0,0,0,,0,0,0,
2010,32,2010-06-15,13:30,2010-06-15T11:30:00+00:00,group_stage,group,F,1,New Zealand,Slovakia,NZL,SVK,N,N,OFC,UEFA,Oceania,Europe,N,N,1,1,1-1,draw,Y,N,N,,,"Royal Bafokeng Stadium, Rustenburg",openfootball/worldcup.json,,0,0,0,,0,0,0,
2010,37,2010-06-15,16:00,2010-06-15T14:00:00+00:00,group_stage,group,G,1,Côte d'Ivoire,Portugal,CIV,POR,N,N,CAF,UEFA,Africa,Europe,N,N,0,0,0-0,draw,Y,N,N,,,"Nelson Mandela Bay Stadium, Port Elizabeth",openfootball/worldcup.json,,0,0,0,,0,0,0,
2010,38,2010-06-15,20:30,2010-06-15T18:30:00+00:00,group_stage,group,G,1,Brazil,North Korea,BRA,PRK,N,N,CONMEBOL,AFC,South America,Asia,N,N,2,1,2-1,home,N,N,N,,,"Ellis Park Stadium, Johannesburg",openfootball/worldcup.json,,0,0,0,,0,0,0,
2010,43,2010-06-16,13:30,2010-06-16T11:30:00+00:00,group_stage,group,H,1,Honduras,Chile,HON,CHI,N,N,CONCACAF,CONMEBOL,North America,South America,N,N,0,1,0-1,away,N,N,N,,,"Mbombela Stadium, Nelspruit",openfootball/worldcup.json,,0,0,0,,0,0,0,
2010,44,2010-06-16,16:00,2010-06-16T14:00:00+00:00,group_stage,group,H,1,Spain,Switzerland,ESP,SUI,N,N,UEFA,UEFA,Europe,Europe,Y,Y,0,1,0-1,away,N,N,N,,,"Moses Mabhida Stadium, Durban",openfootball/worldcup.json,,0,0,0,,0,0,0,
2010,3,2010-06-16,20:30,2010-06-16T18:30:00+00:00,group_stage,group,A,2,South Africa,Uruguay,RSA,URU,Y,N,CAF,CONMEBOL,Africa,South America,N,N,0,3,0-3,away,N,N,N,,,"Loftus Versfeld Stadium, Pretoria",openfootball/worldcup.json,5.19,1,1,0,5.0,1,1,0,0.19
2010,9,2010-06-17,13:30,2010-06-17T11:30:00+00:00,group_stage,group,B,2,Argentina,South Korea,ARG,KOR,N,N,CONMEBOL,AFC,South America,Asia,N,N,4,1,4-1,home,N,N,N,,,"Soccer City, Johannesburg",openfootball/worldcup.json,4.9,1,3,1,5.0,1,3,2,-0.1
2010,10,2010-06-17,16:00,2010-06-17T14:00:00+00:00,group_stage,group,B,2,Greece,Nigeria,GRE,NGA,N,N,UEFA,CAF,Europe,Africa,N,N,2,1,2-1,home,N,N,N,,,"Free State Stadium, Bloemfontein",openfootball/worldcup.json,5.1,1,0,-2,5.0,1,0,-1,0.1
2010,4,2010-06-17,20:30,2010-06-17T18:30:00+00:00,group_stage,group,A,2,France,Mexico,FRA,MEX,N,N,UEFA,CONCACAF,Europe,North America,N,N,0,2,0-2,away,N,N,N,,,"Peter Mokaba Stadium, Polokwane",openfootball/worldcup.json,6.0,1,1,0,6.19,1,1,0,-0.19
2010,21,2010-06-18,13:30,2010-06-18T11:30:00+00:00,group_stage,group,D,2,Germany,Serbia,GER,SRB,N,N,UEFA,UEFA,Europe,Europe,Y,Y,0,1,0-1,away,N,N,N,,,"Nelson Mandela Bay Stadium, Port Elizabeth",openfootball/worldcup.json,4.71,1,3,4,4.9,1,0,-1,-0.19
2010,15,2010-06-18,16:00,2010-06-18T14:00:00+00:00,group_stage,group,C,2,Slovenia,USA,SVN,USA,N,N,UEFA,CONCACAF,Europe,North America,N,N,2,2,2-2,draw,Y,N,N,,,"Ellis Park Stadium, Johannesburg",openfootball/worldcup.json,5.1,1,3,1,5.81,1,1,0,-0.71
2010,16,2010-06-18,20:30,2010-06-18T18:30:00+00:00,group_stage,group,C,2,England,Algeria,ENG,ALG,N,N,UEFA,CAF,Europe,Africa,N,N,0,0,0-0,draw,Y,N,N,,,"Cape Town Stadium, Cape Town",openfootball/worldcup.json,6.0,1,1,0,5.29,1,0,-1,0.71
2010,27,2010-06-19,13:30,2010-06-19T11:30:00+00:00,group_stage,group,E,2,Netherlands,Japan,NED,JPN,N,N,UEFA,AFC,Europe,Asia,N,N,1,0,1-0,home,N,N,N,,,"Moses Mabhida Stadium, Durban",openfootball/worldcup.json,5.0,1,3,2,4.9,1,3,1,0.1
2010,22,2010-06-19,16:00,2010-06-19T14:00:00+00:00,group_stage,group,D,2,Ghana,Australia,GHA,AUS,N,N,CAF,AFC,Africa,Oceania,N,N,1,1,1-1,draw,Y,N,N,,,"Royal Bafokeng Stadium, Rustenburg",openfootball/worldcup.json,6.0,1,3,1,5.81,1,0,-4,0.19
2010,28,2010-06-19,20:30,2010-06-19T18:30:00+00:00,group_stage,group,E,2,Cameroon,Denmark,CMR,DEN,N,N,CAF,UEFA,Africa,Europe,N,N,1,2,1-2,away,N,N,N,,,"Loftus Versfeld Stadium, Pretoria",openfootball/worldcup.json,5.19,1,0,-1,5.29,1,0,-2,-0.1
2010,33,2010-06-20,13:30,2010-06-20T11:30:00+00:00,group_stage,group,F,2,Slovakia,Paraguay,SVK,PAR,N,N,UEFA,CONMEBOL,Europe,South America,N,N,0,2,0-2,away,N,N,N,,,"Free State Stadium, Bloemfontein",openfootball/worldcup.json,5.0,1,1,0,5.71,1,1,0,-0.71
2010,34,2010-06-20,16:00,2010-06-20T14:00:00+00:00,group_stage,group,F,2,Italy,New Zealand,ITA,NZL,N,N,UEFA,OFC,Europe,Oceania,N,N,1,1,1-1,draw,Y,N,N,,,"Mbombela Stadium, Nelspruit",openfootball/worldcup.json,5.81,1,1,0,5.1,1,1,0,0.71
2010,39,2010-06-20,20:30,2010-06-20T18:30:00+00:00,group_stage,group,G,2,Brazil,Côte d'Ivoire,BRA,CIV,N,N,CONMEBOL,CAF,South America,Africa,N,N,3,1,3-1,home,N,N,N,,,"Soccer City, Johannesburg",openfootball/worldcup.json,5.0,1,3,1,5.19,1,1,0,-0.19
2010,40,2010-06-21,13:30,2010-06-21T11:30:00+00:00,group_stage,group,G,2,Portugal,North Korea,POR,PRK,N,N,UEFA,AFC,Europe,Asia,N,N,7,0,7-0,home,N,N,N,,,"Cape Town Stadium, Cape Town",openfootball/worldcup.json,5.9,1,1,0,5.71,1,0,-1,0.19
2010,45,2010-06-21,16:00,2010-06-21T14:00:00+00:00,group_stage,group,H,2,Chile,Switzerland,CHI,SUI,N,N,CONMEBOL,UEFA,South America,Europe,N,N,1,0,1-0,home,N,N,N,,,"Nelson Mandela Bay Stadium, Port Elizabeth",openfootball/worldcup.json,5.1,1,3,1,5.0,1,3,1,0.1
2010,46,2010-06-21,20:30,2010-06-21T18:30:00+00:00,group_stage,group,H,2,Spain,Honduras,ESP,HON,N,N,UEFA,CONCACAF,Europe,North America,N,N,2,0,2-0,home,N,N,N,,,"Ellis Park Stadium, Johannesburg",openfootball/worldcup.json,5.19,1,0,-1,5.29,1,0,-1,-0.1
2010,5,2010-06-22,16:00,2010-06-22T14:00:00+00:00,group_stage,group,A,3,Mexico,Uruguay,MEX,URU,N,N,CONCACAF,CONMEBOL,North America,South America,N,N,0,1,0-1,away,N,N,N,,,"Royal Bafokeng Stadium, Rustenburg",openfootball/worldcup.json,4.81,2,4,2,5.81,2,4,3,-1.0
2010,6,2010-06-22,16:00,2010-06-22T14:00:00+00:00,group_stage,group,A,3,France,South Africa,FRA,RSA,N,Y,UEFA,CAF,Europe,Africa,N,N,1,2,1-2,away,N,N,N,,,"Free State Stadium, Bloemfontein",openfootball/worldcup.json,4.81,2,1,-2,5.81,2,1,-3,-1.0
2010,11,2010-06-22,20:30,2010-06-22T18:30:00+00:00,group_stage,group,B,3,Nigeria,South Korea,NGA,KOR,N,N,CAF,AFC,Africa,Asia,N,N,2,2,2-2,draw,Y,N,N,,,"Moses Mabhida Stadium, Durban",openfootball/worldcup.json,5.19,2,0,-2,5.29,2,3,-1,-0.1
2010,12,2010-06-22,20:30,2010-06-22T18:30:00+00:00,group_stage,group,B,3,Greece,Argentina,GRE,ARG,N,N,UEFA,CONMEBOL,Europe,South America,N,N,0,2,0-2,away,N,N,N,,,"Peter Mokaba Stadium, Polokwane",openfootball/worldcup.json,5.19,2,3,-1,5.29,2,6,4,-0.1
2010,17,2010-06-23,16:00,2010-06-23T14:00:00+00:00,group_stage,group,C,3,USA,Algeria,USA,ALG,N,N,CONCACAF,CAF,North America,Africa,N,N,1,0,1-0,home,N,N,N,,,"Loftus Versfeld Stadium, Pretoria",openfootball/worldcup.json,5.0,2,2,0,4.81,2,1,-1,0.19
2010,18,2010-06-23,16:00,2010-06-23T14:00:00+00:00,group_stage,group,C,3,Slovenia,England,SVN,ENG,N,N,UEFA,UEFA,Europe,Europe,Y,Y,0,1,0-1,away,N,N,N,,,"Nelson Mandela Bay Stadium, Port Elizabeth",openfootball/worldcup.json,5.0,2,4,1,4.81,2,2,0,0.19
2010,23,2010-06-23,20:30,2010-06-23T18:30:00+00:00,group_stage,group,D,3,Australia,Serbia,AUS,SRB,N,N,AFC,UEFA,Oceania,Europe,N,N,2,1,2-1,home,N,N,N,,,"Mbombela Stadium, Nelspruit",openfootball/worldcup.json,4.19,2,1,-4,5.29,2,3,0,-1.1
2010,24,2010-06-23,20:30,2010-06-23T18:30:00+00:00,group_stage,group,D,3,Ghana,Germany,GHA,GER,N,N,CAF,UEFA,Africa,Europe,N,N,0,1,0-1,away,N,N,N,,,"Soccer City, Johannesburg",openfootball/worldcup.json,4.19,2,4,1,5.29,2,3,3,-1.1
2010,35,2010-06-24,16:00,2010-06-24T14:00:00+00:00,group_stage,group,F,3,Slovakia,Italy,SVK,ITA,N,N,UEFA,UEFA,Europe,Europe,Y,Y,3,2,3-2,home,N,N,N,,,"Ellis Park Stadium, Johannesburg",openfootball/worldcup.json,4.1,2,1,-2,4.0,2,2,0,0.1
2010,36,2010-06-24,16:00,2010-06-24T14:00:00+00:00,group_stage,group,F,3,Paraguay,New Zealand,PAR,NZL,N,N,CONMEBOL,OFC,South America,Oceania,N,N,0,0,0-0,draw,Y,N,N,,,"Peter Mokaba Stadium, Polokwane",openfootball/worldcup.json,4.1,2,4,2,4.0,2,2,0,0.1
2010,29,2010-06-24,20:30,2010-06-24T18:30:00+00:00,group_stage,group,E,3,Denmark,Japan,DEN,JPN,N,N,UEFA,AFC,Europe,Asia,N,N,1,3,1-3,away,N,N,N,,,"Royal Bafokeng Stadium, Rustenburg",openfootball/worldcup.json,5.0,2,3,-1,5.29,2,3,0,-0.29
2010,30,2010-06-24,20:30,2010-06-24T18:30:00+00:00,group_stage,group,E,3,Cameroon,Netherlands,CMR,NED,N,N,CAF,UEFA,Africa,Europe,N,N,1,2,1-2,away,N,N,N,,,"Cape Town Stadium, Cape Town",openfootball/worldcup.json,5.0,2,0,-2,5.29,2,6,3,-0.29
2010,41,2010-06-25,16:00,2010-06-25T14:00:00+00:00,group_stage,group,G,3,Portugal,Brazil,POR,BRA,N,N,UEFA,CONMEBOL,Europe,South America,N,N,0,0,0-0,draw,Y,N,N,,,"Moses Mabhida Stadium, Durban",openfootball/worldcup.json,4.1,2,4,7,4.81,2,6,3,-0.71
2010,42,2010-06-25,16:00,2010-06-25T14:00:00+00:00,group_stage,group,G,3,North Korea,Côte d'Ivoire,PRK,CIV,N,N,AFC,CAF,Asia,Africa,N,N,0,3,0-3,away,N,N,N,,,"Mbombela Stadium, Nelspruit",openfootball/worldcup.json,4.1,2,0,-8,4.81,2,1,-2,-0.71
2010,47,2010-06-25,20:30,2010-06-25T18:30:00+00:00,group_stage,group,H,3,Chile,Spain,CHI,ESP,N,N,CONMEBOL,UEFA,South America,Europe,N,N,1,2,1-2,away,N,N,N,,,"Loftus Versfeld Stadium, Pretoria",openfootball/worldcup.json,4.19,2,6,2,4.0,2,3,1,0.19
2010,48,2010-06-25,20:30,2010-06-25T18:30:00+00:00,group_stage,group,H,3,Switzerland,Honduras,SUI,HON,N,N,UEFA,CONCACAF,Europe,North America,N,N,0,0,0-0,draw,Y,N,N,,,"Free State Stadium, Bloemfontein",openfootball/worldcup.json,4.19,2,3,0,4.0,2,0,-3,0.19
2010,49,2010-06-26,16:00,2010-06-26T14:00:00+00:00,round_of_16,knockout,,,Uruguay,South Korea,URU,KOR,N,N,CONMEBOL,AFC,South America,Asia,N,N,2,1,2-1,home,N,N,N,,,"Nelson Mandela Bay Stadium, Port Elizabeth",openfootball/worldcup.json,4.0,3,,,3.81,3,,,0.19
2010,50,2010-06-26,20:30,2010-06-26T18:30:00+00:00,round_of_16,knockout,,,USA,Ghana,USA,GHA,N,N,CONCACAF,CAF,North America,Africa,N,N,1,1,1-1,draw,Y,Y,N,1-2,,"Royal Bafokeng Stadium, Rustenburg",openfootball/worldcup.json,3.19,3,,,3.0,3,,,0.19
2010,51,2010-06-27,16:00,2010-06-27T14:00:00+00:00,round_of_16,knockout,,,Germany,England,GER,ENG,N,N,UEFA,UEFA,Europe,Europe,Y,Y,4,1,4-1,home,N,N,N,,,"Free State Stadium, Bloemfontein",openfootball/worldcup.json,3.81,3,,,4.0,3,,,-0.19
2010,52,2010-06-27,20:30,2010-06-27T18:30:00+00:00,round_of_16,knockout,,,Argentina,Mexico,ARG,MEX,N,N,CONMEBOL,CONCACAF,South America,North America,N,N,3,1,3-1,home,N,N,N,,,"Soccer City, Johannesburg",openfootball/worldcup.json,5.0,3,,,5.19,3,,,-0.19
2010,53,2010-06-28,16:00,2010-06-28T14:00:00+00:00,round_of_16,knockout,,,Netherlands,Slovakia,NED,SVK,N,N,UEFA,UEFA,Europe,Europe,Y,Y,2,1,2-1,home,N,N,N,,,"Moses Mabhida Stadium, Durban",openfootball/worldcup.json,3.81,3,,,4.0,3,,,-0.19
2010,54,2010-06-28,20:30,2010-06-28T18:30:00+00:00,round_of_16,knockout,,,Brazil,Chile,BRA,CHI,N,N,CONMEBOL,CONMEBOL,South America,South America,Y,Y,3,0,3-0,home,N,N,N,,,"Ellis Park Stadium, Johannesburg",openfootball/worldcup.json,3.19,3,,,3.0,3,,,0.19
2010,55,2010-06-29,16:00,2010-06-29T14:00:00+00:00,round_of_16,knockout,,,Paraguay,Japan,PAR,JPN,N,N,CONMEBOL,AFC,South America,Asia,N,N,0,0,0-0,draw,Y,Y,Y,0-0,5-3,"Loftus Versfeld Stadium, Pretoria",openfootball/worldcup.json,5.0,3,,,4.81,3,,,0.19
2010,56,2010-06-29,20:30,2010-06-29T18:30:00+00:00,round_of_16,knockout,,,Spain,Portugal,ESP,POR,N,N,UEFA,UEFA,Europe,Europe,Y,Y,1,0,1-0,home,N,N,N,,,"Cape Town Stadium, Cape Town",openfootball/worldcup.json,4.0,3,,,4.19,3,,,-0.19
2010,57,2010-07-02,16:00,2010-07-02T14:00:00+00:00,quarter_final,knockout,,,Netherlands,Brazil,NED,BRA,N,N,UEFA,CONMEBOL,Europe,South America,N,N,2,1,2-1,home,N,N,N,,,"Nelson Mandela Bay Stadium, Port Elizabeth",openfootball/worldcup.json,4.0,4,,,3.81,4,,,0.19
2010,58,2010-07-02,20:30,2010-07-02T18:30:00+00:00,quarter_final,knockout,,,Uruguay,Ghana,URU,GHA,N,N,CONMEBOL,CAF,South America,Africa,N,N,1,1,1-1,draw,Y,Y,Y,1-1,4-2,"Soccer City, Johannesburg",openfootball/worldcup.json,6.19,4,,,6.0,4,,,0.19
2010,59,2010-07-03,16:00,2010-07-03T14:00:00+00:00,quarter_final,knockout,,,Argentina,Germany,ARG,GER,N,N,CONMEBOL,UEFA,South America,Europe,N,N,0,4,0-4,away,N,N,N,,,"Cape Town Stadium, Cape Town",openfootball/worldcup.json,5.81,4,,,6.0,4,,,-0.19
2010,60,2010-07-03,20:30,2010-07-03T18:30:00+00:00,quarter_final,knockout,,,Paraguay,Spain,PAR,ESP,N,N,CONMEBOL,UEFA,South America,Europe,N,N,0,1,0-1,away,N,N,N,,,"Ellis Park Stadium, Johannesburg",openfootball/worldcup.json,4.19,4,,,4.0,4,,,0.19
2010,61,2010-07-06,20:30,2010-07-06T18:30:00+00:00,semi_final,knockout,,,Uruguay,Netherlands,URU,NED,N,N,CONMEBOL,UEFA,South America,Europe,N,N,2,3,2-3,away,N,N,N,,,"Cape Town Stadium, Cape Town",openfootball/worldcup.json,4.0,5,,,4.19,5,,,-0.19
2010,62,2010-07-07,20:30,2010-07-07T18:30:00+00:00,semi_final,knockout,,,Germany,Spain,GER,ESP,N,N,UEFA,UEFA,Europe,Europe,Y,Y,0,1,0-1,away,N,N,N,,,"Moses Mabhida Stadium, Durban",openfootball/worldcup.json,4.19,5,,,4.0,5,,,0.19
2010,63,2010-07-10,20:30,2010-07-10T18:30:00+00:00,third_place,knockout,,,Uruguay,Germany,URU,GER,N,N,CONMEBOL,UEFA,South America,Europe,N,N,2,3,2-3,away,N,N,N,,,"Nelson Mandela Bay Stadium, Port Elizabeth",openfootball/worldcup.json,4.0,6,,,3.0,6,,,1.0
2010,64,2010-07-11,20:30,2010-07-11T18:30:00+00:00,final,knockout,,,Netherlands,Spain,NED,ESP,N,N,UEFA,UEFA,Europe,Europe,Y,Y,0,0,0-0,draw,Y,Y,N,0-1,,"Soccer City, Johannesburg",openfootball/worldcup.json,5.0,6,,,4.0,6,,,1.0
2014,1,2014-06-12,17:00 UTC-3,2014-06-12T20:00:00+00:00,group_stage,group,A,1,Brazil,Croatia,BRA,CRO,Y,N,CONMEBOL,UEFA,South America,Europe,N,N,3,1,3-1,home,N,N,N,,,"Arena de São Paulo, São Paulo",openfootball/worldcup.json,,0,0,0,,0,0,0,
2014,2,2014-06-13,13:00 UTC-3,2014-06-13T16:00:00+00:00,group_stage,group,A,1,Mexico,Cameroon,MEX,CMR,N,N,CONCACAF,CAF,North America,Africa,N,N,1,0,1-0,home,N,N,N,,,"Estádio das Dunas, Natal",openfootball/worldcup.json,,0,0,0,,0,0,0,
2014,7,2014-06-13,16:00 UTC-3,2014-06-13T19:00:00+00:00,group_stage,group,B,1,Spain,Netherlands,ESP,NED,N,N,UEFA,UEFA,Europe,Europe,Y,Y,1,5,1-5,away,N,N,N,,,"Arena Fonte Nova, Salvador",openfootball/worldcup.json,,0,0,0,,0,0,0,
2014,8,2014-06-13,18:00 UTC-4,2014-06-13T22:00:00+00:00,group_stage,group,B,1,Chile,Australia,CHI,AUS,N,N,CONMEBOL,AFC,South America,Oceania,N,N,3,1,3-1,home,N,N,N,,,"Arena Pantanal, Cuiabá",openfootball/worldcup.json,,0,0,0,,0,0,0,
2014,13,2014-06-14,13:00 UTC-3,2014-06-14T16:00:00+00:00,group_stage,group,C,1,Colombia,Greece,COL,GRE,N,N,CONMEBOL,UEFA,South America,Europe,N,N,3,0,3-0,home,N,N,N,,,"Estádio Mineirão, Belo Horizonte",openfootball/worldcup.json,,0,0,0,,0,0,0,
2014,19,2014-06-14,16:00 UTC-3,2014-06-14T19:00:00+00:00,group_stage,group,D,1,Uruguay,Costa Rica,URU,CRC,N,N,CONMEBOL,CONCACAF,South America,North America,N,N,1,3,1-3,away,N,N,N,,,"Estádio Castelão, Fortaleza",openfootball/worldcup.json,,0,0,0,,0,0,0,
2014,20,2014-06-14,18:00 UTC-4,2014-06-14T22:00:00+00:00,group_stage,group,D,1,England,Italy,ENG,ITA,N,N,UEFA,UEFA,Europe,Europe,Y,Y,1,2,1-2,away,N,N,N,,,"Arena Amazônia, Manaus",openfootball/worldcup.json,,0,0,0,,0,0,0,
2014,14,2014-06-14,22:00 UTC-3,2014-06-15T01:00:00+00:00,group_stage,group,C,1,Côte d'Ivoire,Japan,CIV,JPN,N,N,CAF,AFC,Africa,Asia,N,N,2,1,2-1,home,N,N,N,,,"Arena Pernambuco, Recife",openfootball/worldcup.json,,0,0,0,,0,0,0,
2014,25,2014-06-15,13:00 UTC-3,2014-06-15T16:00:00+00:00,group_stage,group,E,1,Switzerland,Ecuador,SUI,ECU,N,N,UEFA,CONMEBOL,Europe,South America,N,N,2,1,2-1,home,N,N,N,,,"Estádio Nacional Mané Garrincha, Brasília",openfootball/worldcup.json,,0,0,0,,0,0,0,
2014,26,2014-06-15,16:00 UTC-3,2014-06-15T19:00:00+00:00,group_stage,group,E,1,France,Honduras,FRA,HON,N,N,UEFA,CONCACAF,Europe,North America,N,N,3,0,3-0,home,N,N,N,,,"Estádio Beira-Rio, Porto Alegre",openfootball/worldcup.json,,0,0,0,,0,0,0,
2014,31,2014-06-15,19:00 UTC-3,2014-06-15T22:00:00+00:00,group_stage,group,F,1,Argentina,Bosnia-Herzegovina,ARG,BIH,N,N,CONMEBOL,UEFA,South America,Europe,N,N,2,1,2-1,home,N,N,N,,,"Estádio do Maracanã, Rio de Janeiro",openfootball/worldcup.json,,0,0,0,,0,0,0,
2014,37,2014-06-16,13:00 UTC-3,2014-06-16T16:00:00+00:00,group_stage,group,G,1,Germany,Portugal,GER,POR,N,N,UEFA,UEFA,Europe,Europe,Y,Y,4,0,4-0,home,N,N,N,,,"Arena Fonte Nova, Salvador",openfootball/worldcup.json,,0,0,0,,0,0,0,
2014,32,2014-06-16,16:00 UTC-3,2014-06-16T19:00:00+00:00,group_stage,group,F,1,Iran,Nigeria,IRN,NGA,N,N,AFC,CAF,Asia,Africa,N,N,0,0,0-0,draw,Y,N,N,,,"Arena da Baixada, Curitiba",openfootball/worldcup.json,,0,0,0,,0,0,0,
2014,38,2014-06-16,19:00 UTC-3,2014-06-16T22:00:00+00:00,group_stage,group,G,1,Ghana,USA,GHA,USA,N,N,CAF,CONCACAF,Africa,North America,N,N,1,2,1-2,away,N,N,N,,,"Estádio das Dunas, Natal",openfootball/worldcup.json,,0,0,0,,0,0,0,
2014,43,2014-06-17,13:00 UTC-3,2014-06-17T16:00:00+00:00,group_stage,group,H,1,Belgium,Algeria,BEL,ALG,N,N,UEFA,CAF,Europe,Africa,N,N,2,1,2-1,home,N,N,N,,,"Estádio Mineirão, Belo Horizonte",openfootball/worldcup.json,,0,0,0,,0,0,0,
2014,3,2014-06-17,16:00 UTC-3,2014-06-17T19:00:00+00:00,group_stage,group,A,2,Brazil,Mexico,BRA,MEX,Y,N,CONMEBOL,CONCACAF,South America,North America,N,N,0,0,0-0,draw,Y,N,N,,,"Estádio Castelão, Fortaleza",openfootball/worldcup.json,4.96,1,3,2,4.12,1,3,1,0.84
2014,44,2014-06-17,18:00 UTC-4,2014-06-17T22:00:00+00:00,group_stage,group,H,1,Russia,South Korea,RUS,KOR,N,N,UEFA,AFC,Europe,Asia,N,N,1,1,1-1,draw,Y,N,N,,,"Arena Pantanal, Cuiabá",openfootball/worldcup.json,,0,0,0,,0,0,0,
2014,9,2014-06-18,13:00 UTC-3,2014-06-18T16:00:00+00:00,group_stage,group,B,2,Australia,Netherlands,AUS,NED,N,N,AFC,UEFA,Oceania,Europe,N,N,2,3,2-3,away,N,N,N,,,"Estádio Beira-Rio, Porto Alegre",openfootball/worldcup.json,4.75,1,0,-2,4.88,1,3,4,-0.13
2014,10,2014-06-18,16:00 UTC-3,2014-06-18T19:00:00+00:00,group_stage,group,B,2,Spain,Chile,ESP,CHI,N,N,UEFA,CONMEBOL,Europe,South America,N,N,0,2,0-2,away,N,N,N,,,"Estádio do Maracanã, Rio de Janeiro",openfootball/worldcup.json,5.0,1,0,-4,4.88,1,3,2,0.12
2014,4,2014-06-18,18:00 UTC-4,2014-06-18T22:00:00+00:00,group_stage,group,A,2,Cameroon,Croatia,CMR,CRO,N,N,CAF,UEFA,Africa,Europe,N,N,0,4,0-4,away,N,N,N,,,"Arena Amazônia, Manaus",openfootball/worldcup.json,5.25,1,0,-1,6.08,1,0,-2,-0.83
2014,15,2014-06-19,13:00 UTC-3,2014-06-19T16:00:00+00:00,group_stage,group,C,2,Colombia,Côte d'Ivoire,COL,CIV,N,N,CONMEBOL,CAF,South America,Africa,N,N,2,1,2-1,home,N,N,N,,,"Estádio Nacional Mané Garrincha, Brasília",openfootball/worldcup.json,5.0,1,3,3,4.62,1,3,1,0.38
2014,21,2014-06-19,16:00 UTC-3,2014-06-19T19:00:00+00:00,group_stage,group,D,2,Uruguay,England,URU,ENG,N,N,CONMEBOL,UEFA,South America,Europe,N,N,2,1,2-1,home,N,N,N,,,"Arena de São Paulo, São Paulo",openfootball/worldcup.json,5.0,1,0,-2,4.88,1,0,-1,0.12
2014,16,2014-06-19,19:00 UTC-3,2014-06-19T22:00:00+00:00,group_stage,group,C,2,Japan,Greece,JPN,GRE,N,N,AFC,UEFA,Asia,Europe,N,N,0,0,0-0,draw,Y,N,N,,,"Estádio das Dunas, Natal",openfootball/worldcup.json,4.88,1,0,-1,5.25,1,0,-3,-0.37
2014,22,2014-06-20,13:00 UTC-3,2014-06-20T16:00:00+00:00,group_stage,group,D,2,Italy,Costa Rica,ITA,CRC,N,N,UEFA,CONCACAF,Europe,North America,N,N,0,1,0-1,away,N,N,N,,,"Arena Pernambuco, Recife",openfootball/worldcup.json,5.75,1,3,1,5.88,1,3,2,-0.13
2014,27,2014-06-20,16:00 UTC-3,2014-06-20T19:00:00+00:00,group_stage,group,E,2,Switzerland,France,SUI,FRA,N,N,UEFA,UEFA,Europe,Europe,Y,Y,2,5,2-5,away,N,N,N,,,"Arena Fonte Nova, Salvador",openfootball/worldcup.json,5.12,1,3,1,5.0,1,3,3,0.12
2014,28,2014-06-20,19:00 UTC-3,2014-06-20T22:00:00+00:00,group_stage,group,E,2,Honduras,Ecuador,HON,ECU,N,N,CONCACAF,CONMEBOL,North America,South America,N,N,1,2,1-2,away,N,N,N,,,"Arena da Baixada, Curitiba",openfootball/worldcup.json,5.12,1,0,-3,5.25,1,0,-1,-0.13
2014,33,2014-06-21,13:00 UTC-3,2014-06-21T16:00:00+00:00,group_stage,group,F,2,Argentina,Iran,ARG,IRN,N,N,CONMEBOL,AFC,South America,Asia,N,N,1,0,1-0,home,N,N,N,,,"Estádio Mineirão, Belo Horizonte",openfootball/worldcup.json,5.75,1,3,1,4.88,1,1,0,0.87
2014,39,2014-06-21,16:00 UTC-3,2014-06-21T19:00:00+00:00,group_stage,group,G,2,Germany,Ghana,GER,GHA,N,N,UEFA,CAF,Europe,Africa,N,N,2,2,2-2,draw,Y,N,N,,,"Estádio Castelão, Fortaleza",openfootball/worldcup.json,5.12,1,3,4,4.88,1,0,-1,0.24
2014,34,2014-06-21,18:00 UTC-4,2014-06-21T22:00:00+00:00,group_stage,group,F,2,Nigeria,Bosnia-Herzegovina,NGA,BIH,N,N,CAF,UEFA,Africa,Europe,N,N,1,0,1-0,home,N,N,N,,,"Arena Pantanal, Cuiabá",openfootball/worldcup.json,5.12,1,1,0,6.0,1,0,-1,-0.88
2014,45,2014-06-22,13:00 UTC-3,2014-06-22T16:00:00+00:00,group_stage,group,H,2,Belgium,Russia,BEL,RUS,N,N,UEFA,UEFA,Europe,Europe,Y,Y,1,0,1-0,home,N,N,N,,,"Estádio do Maracanã, Rio de Janeiro",openfootball/worldcup.json,5.0,1,3,1,4.75,1,1,0,0.25
2014,46,2014-06-22,16:00 UTC-3,2014-06-22T19:00:00+00:00,group_stage,group,H,2,South Korea,Algeria,KOR,ALG,N,N,AFC,CAF,Asia,Africa,N,N,2,4,2-4,away,N,N,N,,,"Estádio Beira-Rio, Porto Alegre",openfootball/worldcup.json,4.88,1,1,0,5.12,1,0,-1,-0.24
2014,40,2014-06-22,18:00 UTC-4,2014-06-22T22:00:00+00:00,group_stage,group,G,2,USA,Portugal,USA,POR,N,N,CONCACAF,UEFA,North America,Europe,N,N,2,2,2-2,draw,Y,N,N,,,"Arena Amazônia, Manaus",openfootball/worldcup.json,6.0,1,3,1,6.25,1,0,-4,-0.25
2014,11,2014-06-23,13:00 UTC-3,2014-06-23T16:00:00+00:00,group_stage,group,B,3,Australia,Spain,AUS,ESP,N,N,AFC,UEFA,Oceania,Europe,N,N,0,3,0-3,away,N,N,N,,,"Arena da Baixada, Curitiba",openfootball/worldcup.json,5.0,2,0,-3,4.88,2,0,-6,0.12
2014,12,2014-06-23,13:00 UTC-3,2014-06-23T16:00:00+00:00,group_stage,group,B,3,Netherlands,Chile,NED,CHI,N,N,UEFA,CONMEBOL,Europe,South America,N,N,2,0,2-0,home,N,N,N,,,"Arena de São Paulo, São Paulo",openfootball/worldcup.json,5.0,2,6,5,4.88,2,6,4,0.12
2014,5,2014-06-23,17:00 UTC-3,2014-06-23T20:00:00+00:00,group_stage,group,A,3,Cameroon,Brazil,CMR,BRA,N,Y,CAF,CONMEBOL,Africa,South America,N,N,1,4,1-4,away,N,N,N,,,"Estádio Nacional Mané Garrincha, Brasília",openfootball/worldcup.json,4.92,2,0,-5,6.04,2,4,2,-1.12
2014,6,2014-06-23,17:00 UTC-3,2014-06-23T20:00:00+00:00,group_stage,group,A,3,Croatia,Mexico,CRO,MEX,N,N,UEFA,CONCACAF,Europe,North America,N,N,1,3,1-3,away,N,N,N,,,"Arena Pernambuco, Recife",openfootball/worldcup.json,4.92,2,3,2,6.04,2,4,1,-1.12
2014,23,2014-06-24,13:00 UTC-3,2014-06-24T16:00:00+00:00,group_stage,group,D,3,Italy,Uruguay,ITA,URU,N,N,UEFA,CONMEBOL,Europe,South America,N,N,0,1,0-1,away,N,N,N,,,"Estádio das Dunas, Natal",openfootball/worldcup.json,4.0,2,3,0,4.88,2,3,-1,-0.88
2014,24,2014-06-24,13:00 UTC-3,2014-06-24T16:00:00+00:00,group_stage,group,D,3,Costa Rica,England,CRC,ENG,N,N,CONCACAF,UEFA,North America,Europe,N,N,0,0,0-0,draw,Y,N,N,,,"Estádio Mineirão, Belo Horizonte",openfootball/worldcup.json,4.0,2,6,3,4.88,2,0,-2,-0.88
2014,17,2014-06-24,16:00 UTC-4,2014-06-24T20:00:00+00:00,group_stage,group,C,3,Japan,Colombia,JPN,COL,N,N,AFC,CONMEBOL,Asia,South America,N,N,1,4,1-4,away,N,N,N,,,"Arena Pantanal, Cuiabá",openfootball/worldcup.json,4.92,2,1,-1,5.17,2,6,4,-0.25
2014,18,2014-06-24,17:00 UTC-3,2014-06-24T20:00:00+00:00,group_stage,group,C,3,Greece,Côte d'Ivoire,GRE,CIV,N,N,UEFA,CAF,Europe,Africa,N,N,2,1,2-1,home,N,N,N,,,"Estádio Castelão, Fortaleza",openfootball/worldcup.json,4.92,2,1,-3,5.17,2,3,0,-0.25
2014,35,2014-06-25,13:00 UTC-3,2014-06-25T16:00:00+00:00,group_stage,group,F,3,Nigeria,Argentina,NGA,ARG,N,N,CAF,CONMEBOL,Africa,South America,N,N,2,3,2-3,away,N,N,N,,,"Estádio Beira-Rio, Porto Alegre",openfootball/worldcup.json,3.75,2,4,1,4.0,2,6,2,-0.25
2014,36,2014-06-25,13:00 UTC-3,2014-06-25T16:00:00+00:00,group_stage,group,F,3,Bosnia-Herzegovina,Iran,BIH,IRN,N,N,UEFA,AFC,Europe,Asia,N,N,3,1,3-1,home,N,N,N,,,"Arena Fonte Nova, Salvador",openfootball/worldcup.json,3.75,2,0,-2,4.0,2,1,-1,-0.25
2014,29,2014-06-25,16:00 UTC-4,2014-06-25T20:00:00+00:00,group_stage,group,E,3,Honduras,Switzerland,HON,SUI,N,N,CONCACAF,UEFA,North America,Europe,N,N,0,3,0-3,away,N,N,N,,,"Arena Amazônia, Manaus",openfootball/worldcup.json,4.92,2,0,-4,5.04,2,3,-2,-0.12
2014,30,2014-06-25,17:00 UTC-3,2014-06-25T20:00:00+00:00,group_stage,group,E,3,Ecuador,France,ECU,FRA,N,N,CONMEBOL,UEFA,South America,Europe,N,N,0,0,0-0,draw,Y,N,N,,,"Estádio do Maracanã, Rio de Janeiro",openfootball/worldcup.json,4.92,2,3,0,5.04,2,6,6,-0.12
2014,41,2014-06-26,13:00 UTC-3,2014-06-26T16:00:00+00:00,group_stage,group,G,3,USA,Germany,USA,GER,N,N,CONCACAF,UEFA,North America,Europe,N,N,0,1,0-1,away,N,N,N,,,"Arena Pernambuco, Recife",openfootball/worldcup.json,3.75,2,4,1,4.88,2,4,4,-1.13
2014,42,2014-06-26,13:00 UTC-3,2014-06-26T16:00:00+00:00,group_stage,group,G,3,Portugal,Ghana,POR,GHA,N,N,UEFA,CAF,Europe,Africa,N,N,2,1,2-1,home,N,N,N,,,"Estádio Nacional Mané Garrincha, Brasília",openfootball/worldcup.json,3.75,2,1,-4,4.88,2,1,-1,-1.13
2014,47,2014-06-26,17:00 UTC-3,2014-06-26T20:00:00+00:00,group_stage,group,H,3,South Korea,Belgium,KOR,BEL,N,N,AFC,UEFA,Asia,Europe,N,N,0,1,0-1,away,N,N,N,,,"Arena de São Paulo, São Paulo",openfootball/worldcup.json,4.04,2,1,-2,4.17,2,6,2,-0.13
2014,48,2014-06-26,17:00 UTC-3,2014-06-26T20:00:00+00:00,group_stage,group,H,3,Algeria,Russia,ALG,RUS,N,N,CAF,UEFA,Africa,Europe,N,N,1,1,1-1,draw,Y,N,N,,,"Arena da Baixada, Curitiba",openfootball/worldcup.json,4.04,2,3,1,4.17,2,1,-1,-0.13
2014,49,2014-06-28,13:00 UTC-3,2014-06-28T16:00:00+00:00,round_of_16,knockout,,,Brazil,Chile,BRA,CHI,Y,N,CONMEBOL,CONMEBOL,South America,South America,Y,Y,1,1,1-1,draw,Y,Y,Y,1-1,3-2,"Estádio Mineirão, Belo Horizonte",openfootball/worldcup.json,4.83,3,,,5.0,3,,,-0.17
2014,50,2014-06-28,17:00 UTC-3,2014-06-28T20:00:00+00:00,round_of_16,knockout,,,Colombia,Uruguay,COL,URU,N,N,CONMEBOL,CONMEBOL,South America,South America,Y,Y,2,0,2-0,home,N,N,N,,,"Estádio do Maracanã, Rio de Janeiro",openfootball/worldcup.json,4.0,3,,,4.17,3,,,-0.17
2014,51,2014-06-29,13:00 UTC-3,2014-06-29T16:00:00+00:00,round_of_16,knockout,,,Netherlands,Mexico,NED,MEX,N,N,UEFA,CONCACAF,Europe,North America,N,N,2,1,2-1,home,N,N,N,,,"Estádio Castelão, Fortaleza",openfootball/worldcup.json,6.0,3,,,5.83,3,,,0.17
2014,52,2014-06-29,17:00 UTC-3,2014-06-29T20:00:00+00:00,round_of_16,knockout,,,Costa Rica,Greece,CRC,GRE,N,N,CONCACAF,UEFA,North America,Europe,N,N,1,1,1-1,draw,Y,Y,Y,1-1,5-3,"Arena Pernambuco, Recife",openfootball/worldcup.json,5.17,3,,,5.0,3,,,0.17
2014,53,2014-06-30,13:00 UTC-3,2014-06-30T16:00:00+00:00,round_of_16,knockout,,,France,Nigeria,FRA,NGA,N,N,UEFA,CAF,Europe,Africa,N,N,2,0,2-0,home,N,N,N,,,"Estádio Nacional Mané Garrincha, Brasília",openfootball/worldcup.json,4.83,3,,,5.0,3,,,-0.17
2014,54,2014-06-30,17:00 UTC-3,2014-06-30T20:00:00+00:00,round_of_16,knockout,,,Germany,Algeria,GER,ALG,N,N,UEFA,CAF,Europe,Africa,N,N,0,0,0-0,draw,Y,Y,N,2-1,,"Estádio Beira-Rio, Porto Alegre",openfootball/worldcup.json,4.17,3,,,4.0,3,,,0.17
2014,55,2014-07-01,13:00 UTC-3,2014-07-01T16:00:00+00:00,round_of_16,knockout,,,Argentina,Switzerland,ARG,SUI,N,N,CONMEBOL,UEFA,South America,Europe,N,N,0,0,0-0,draw,Y,Y,N,1-0,,"Arena de São Paulo, São Paulo",openfootball/worldcup.json,6.0,3,,,5.83,3,,,0.17
2014,56,2014-07-01,17:00 UTC-3,2014-07-01T20:00:00+00:00,round_of_16,knockout,,,Belgium,USA,BEL,USA,N,N,UEFA,CONCACAF,Europe,North America,N,N,0,0,0-0,draw,Y,Y,N,2-1,,"Arena Fonte Nova, Salvador",openfootball/worldcup.json,5.0,3,,,5.17,3,,,-0.17
2014,57,2014-07-04,13:00 UTC-3,2014-07-04T16:00:00+00:00,quarter_final,knockout,,,France,Germany,FRA,GER,N,N,UEFA,UEFA,Europe,Europe,Y,Y,0,1,0-1,away,N,N,N,,,"Estádio do Maracanã, Rio de Janeiro",openfootball/worldcup.json,4.0,4,,,3.83,4,,,0.17
2014,58,2014-07-04,17:00 UTC-3,2014-07-04T20:00:00+00:00,quarter_final,knockout,,,Brazil,Colombia,BRA,COL,Y,N,CONMEBOL,CONMEBOL,South America,South America,Y,Y,2,1,2-1,home,N,N,N,,,"Estádio Castelão, Fortaleza",openfootball/worldcup.json,6.17,4,,,6.0,4,,,0.17
2014,59,2014-07-05,13:00 UTC-3,2014-07-05T16:00:00+00:00,quarter_final,knockout,,,Argentina,Belgium,ARG,BEL,N,N,CONMEBOL,UEFA,South America,Europe,N,N,1,0,1-0,home,N,N,N,,,"Estádio Nacional Mané Garrincha, Brasília",openfootball/worldcup.json,4.0,4,,,3.83,4,,,0.17
2014,60,2014-07-05,17:00 UTC-3,2014-07-05T20:00:00+00:00,quarter_final,knockout,,,Netherlands,Costa Rica,NED,CRC,N,N,UEFA,CONCACAF,Europe,North America,N,N,0,0,0-0,draw,Y,Y,Y,0-0,4-3,"Arena Fonte Nova, Salvador",openfootball/worldcup.json,6.17,4,,,6.0,4,,,0.17
2014,61,2014-07-08,17:00 UTC-3,2014-07-08T20:00:00+00:00,semi_final,knockout,,,Brazil,Germany,BRA,GER,Y,N,CONMEBOL,UEFA,South America,Europe,N,N,1,7,1-7,away,N,N,N,,,"Estádio Mineirão, Belo Horizonte",openfootball/worldcup.json,4.0,5,,,4.17,5,,,-0.17
2014,62,2014-07-09,17:00 UTC-3,2014-07-09T20:00:00+00:00,semi_final,knockout,,,Netherlands,Argentina,NED,ARG,N,N,UEFA,CONMEBOL,Europe,South America,N,N,0,0,0-0,draw,Y,Y,Y,0-0,2-4,"Arena de São Paulo, São Paulo",openfootball/worldcup.json,4.0,5,,,4.17,5,,,-0.17
2014,63,2014-07-12,17:00 UTC-3,2014-07-12T20:00:00+00:00,third_place,knockout,,,Brazil,Netherlands,BRA,NED,Y,N,CONMEBOL,UEFA,South America,Europe,N,N,0,3,0-3,away,N,N,N,,,"Estádio Nacional Mané Garrincha, Brasília",openfootball/worldcup.json,4.0,6,,,3.0,6,,,1.0
2014,64,2014-07-13,16:00 UTC-3,2014-07-13T19:00:00+00:00,final,knockout,,,Germany,Argentina,GER,ARG,N,N,UEFA,CONMEBOL,Europe,South America,N,N,0,0,0-0,draw,Y,Y,N,1-0,,"Estádio do Maracanã, Rio de Janeiro",openfootball/worldcup.json,4.96,6,,,3.96,6,,,1.0
2018,1,2018-06-14,18:00 UTC+3,2018-06-14T15:00:00+00:00,group_stage,group,A,1,Russia,Saudi Arabia,RUS,KSA,Y,N,UEFA,AFC,Europe,Asia,N,N,5,0,5-0,home,N,N,N,,,"Luzhniki Stadium, Moscow",openfootball/worldcup.json,,0,0,0,,0,0,0,
2018,2,2018-06-15,17:00 UTC+5,2018-06-15T12:00:00+00:00,group_stage,group,A,1,Egypt,Uruguay,EGY,URU,N,N,CAF,CONMEBOL,Africa,South America,N,N,0,1,0-1,away,N,N,N,,,"Ekaterinburg Arena, Ekaterinburg",openfootball/worldcup.json,,0,0,0,,0,0,0,
2018,7,2018-06-15,18:00 UTC+3,2018-06-15T15:00:00+00:00,group_stage,group,B,1,Morocco,Iran,MAR,IRN,N,N,CAF,AFC,Africa,Asia,N,N,0,1,0-1,away,N,N,N,,,"Saint Petersburg Stadium, Saint Petersburg",openfootball/worldcup.json,,0,0,0,,0,0,0,
2018,8,2018-06-15,21:00 UTC+3,2018-06-15T18:00:00+00:00,group_stage,group,B,1,Portugal,Spain,POR,ESP,N,N,UEFA,UEFA,Europe,Europe,Y,Y,3,3,3-3,draw,Y,N,N,,,"Fisht Stadium, Sochi",openfootball/worldcup.json,,0,0,0,,0,0,0,
2018,13,2018-06-16,13:00 UTC+3,2018-06-16T10:00:00+00:00,group_stage,group,C,1,France,Australia,FRA,AUS,N,N,UEFA,AFC,Europe,Oceania,N,N,2,1,2-1,home,N,N,N,,,"Kazan Arena, Kazan",openfootball/worldcup.json,,0,0,0,,0,0,0,
2018,19,2018-06-16,16:00 UTC+3,2018-06-16T13:00:00+00:00,group_stage,group,D,1,Argentina,Iceland,ARG,ISL,N,N,CONMEBOL,UEFA,South America,Europe,N,N,1,1,1-1,draw,Y,N,N,,,"Spartak Stadium, Moscow",openfootball/worldcup.json,,0,0,0,,0,0,0,
2018,14,2018-06-16,19:00 UTC+3,2018-06-16T16:00:00+00:00,group_stage,group,C,1,Peru,Denmark,PER,DEN,N,N,CONMEBOL,UEFA,South America,Europe,N,N,0,1,0-1,away,N,N,N,,,"Mordovia Arena, Saransk",openfootball/worldcup.json,,0,0,0,,0,0,0,
2018,20,2018-06-16,21:00 UTC+2,2018-06-16T19:00:00+00:00,group_stage,group,D,1,Croatia,Nigeria,CRO,NGA,N,N,UEFA,CAF,Europe,Africa,N,N,2,0,2-0,home,N,N,N,,,"Kaliningrad Stadium, Kaliningrad",openfootball/worldcup.json,,0,0,0,,0,0,0,
2018,25,2018-06-17,16:00 UTC+4,2018-06-17T12:00:00+00:00,group_stage,group,E,1,Costa Rica,Serbia,CRC,SRB,N,N,CONCACAF,UEFA,North America,Europe,N,N,0,1,0-1,away,N,N,N,,,"Samara Arena, Samara",openfootball/worldcup.json,,0,0,0,,0,0,0,
2018,31,2018-06-17,18:00 UTC+3,2018-06-17T15:00:00+00:00,group_stage,group,F,1,Germany,Mexico,GER,MEX,N,N,UEFA,CONCACAF,Europe,North America,N,N,0,1,0-1,away,N,N,N,,,"Luzhniki Stadium, Moscow",openfootball/worldcup.json,,0,0,0,,0,0,0,
2018,26,2018-06-17,21:00 UTC+3,2018-06-17T18:00:00+00:00,group_stage,group,E,1,Brazil,Switzerland,BRA,SUI,N,N,CONMEBOL,UEFA,South America,Europe,N,N,1,1,1-1,draw,Y,N,N,,,"Rostov Arena, Rostov-on-Don",openfootball/worldcup.json,,0,0,0,,0,0,0,
2018,32,2018-06-18,15:00 UTC+3,2018-06-18T12:00:00+00:00,group_stage,group,F,1,Sweden,South Korea,SWE,KOR,N,N,UEFA,AFC,Europe,Asia,N,N,1,0,1-0,home,N,N,N,,,"Nizhny Novgorod Stadium, Nizhny Novgorod",openfootball/worldcup.json,,0,0,0,,0,0,0,
2018,37,2018-06-18,18:00 UTC+3,2018-06-18T15:00:00+00:00,group_stage,group,G,1,Belgium,Panama,BEL,PAN,N,N,UEFA,CONCACAF,Europe,North America,N,N,3,0,3-0,home,N,N,N,,,"Fisht Stadium, Sochi",openfootball/worldcup.json,,0,0,0,,0,0,0,
2018,38,2018-06-18,21:00 UTC+3,2018-06-18T18:00:00+00:00,group_stage,group,G,1,Tunisia,England,TUN,ENG,N,N,CAF,UEFA,Africa,Europe,N,N,1,2,1-2,away,N,N,N,,,"Volgograd Arena, Volgograd",openfootball/worldcup.json,,0,0,0,,0,0,0,
2018,43,2018-06-19,15:00 UTC+3,2018-06-19T12:00:00+00:00,group_stage,group,H,1,Colombia,Japan,COL,JPN,N,N,CONMEBOL,AFC,South America,Asia,N,N,1,2,1-2,away,N,N,N,,,"Mordovia Arena, Saransk",openfootball/worldcup.json,,0,0,0,,0,0,0,
2018,44,2018-06-19,18:00 UTC+3,2018-06-19T15:00:00+00:00,group_stage,group,H,1,Poland,Senegal,POL,SEN,N,N,UEFA,CAF,Europe,Africa,N,N,1,2,1-2,away,N,N,N,,,"Spartak Stadium, Moscow",openfootball/worldcup.json,,0,0,0,,0,0,0,
2018,3,2018-06-19,21:00 UTC+3,2018-06-19T18:00:00+00:00,group_stage,group,A,2,Russia,Egypt,RUS,EGY,Y,N,UEFA,CAF,Europe,Africa,N,N,3,1,3-1,home,N,N,N,,,"Saint Petersburg Stadium, Saint Petersburg",openfootball/worldcup.json,5.12,1,3,5,4.25,1,0,-1,0.87
2018,9,2018-06-20,15:00 UTC+3,2018-06-20T12:00:00+00:00,group_stage,group,B,2,Portugal,Morocco,POR,MAR,N,N,UEFA,CAF,Europe,Africa,N,N,1,0,1-0,home,N,N,N,,,"Luzhniki Stadium, Moscow",openfootball/worldcup.json,4.75,1,1,0,4.88,1,0,-1,-0.13
2018,4,2018-06-20,18:00 UTC+3,2018-06-20T15:00:00+00:00,group_stage,group,A,2,Uruguay,Saudi Arabia,URU,KSA,N,N,CONMEBOL,AFC,South America,Asia,N,N,1,0,1-0,home,N,N,N,,,"Rostov Arena, Rostov-on-Don",openfootball/worldcup.json,5.12,1,3,1,6.0,1,0,-5,-0.88
2018,10,2018-06-20,21:00 UTC+3,2018-06-20T18:00:00+00:00,group_stage,group,B,2,Iran,Spain,IRN,ESP,N,N,AFC,UEFA,Asia,Europe,N,N,0,1,0-1,away,N,N,N,,,"Kazan Arena, Kazan",openfootball/worldcup.json,5.12,1,3,1,5.0,1,1,0,0.12
2018,15,2018-06-21,16:00 UTC+4,2018-06-21T12:00:00+00:00,group_stage,group,C,2,Denmark,Australia,DEN,AUS,N,N,UEFA,AFC,Europe,Oceania,N,N,1,1,1-1,draw,Y,N,N,,,"Samara Arena, Samara",openfootball/worldcup.json,4.83,1,3,1,5.08,1,0,-1,-0.25
2018,16,2018-06-21,20:00 UTC+5,2018-06-21T15:00:00+00:00,group_stage,group,C,2,France,Peru,FRA,PER,N,N,UEFA,CONMEBOL,Europe,South America,N,N,1,0,1-0,home,N,N,N,,,"Ekaterinburg Arena, Ekaterinburg",openfootball/worldcup.json,5.21,1,3,1,4.96,1,0,-1,0.25
2018,21,2018-06-21,21:00 UTC+3,2018-06-21T18:00:00+00:00,group_stage,group,D,2,Argentina,Croatia,ARG,CRO,N,N,CONMEBOL,UEFA,South America,Europe,N,N,0,3,0-3,away,N,N,N,,,"Nizhny Novgorod Stadium, Nizhny Novgorod",openfootball/worldcup.json,5.21,1,1,0,4.96,1,3,2,0.25
2018,27,2018-06-22,15:00 UTC+3,2018-06-22T12:00:00+00:00,group_stage,group,E,2,Brazil,Costa Rica,BRA,CRC,N,N,CONMEBOL,CONCACAF,South America,North America,N,N,2,0,2-0,home,N,N,N,,,"Saint Petersburg Stadium, Saint Petersburg",openfootball/worldcup.json,4.75,1,1,0,5.0,1,0,-1,-0.25
2018,22,2018-06-22,18:00 UTC+3,2018-06-22T15:00:00+00:00,group_stage,group,D,2,Nigeria,Iceland,NGA,ISL,N,N,CAF,UEFA,Africa,Europe,N,N,2,0,2-0,home,N,N,N,,,"Volgograd Arena, Volgograd",openfootball/worldcup.json,5.83,1,0,-2,6.08,1,1,0,-0.25
2018,28,2018-06-22,20:00 UTC+2,2018-06-22T18:00:00+00:00,group_stage,group,E,2,Serbia,Switzerland,SRB,SUI,N,N,UEFA,UEFA,Europe,Europe,Y,Y,1,2,1-2,away,N,N,N,,,"Kaliningrad Stadium, Kaliningrad",openfootball/worldcup.json,5.25,1,3,1,5.0,1,1,0,0.25
2018,39,2018-06-23,15:00 UTC+3,2018-06-23T12:00:00+00:00,group_stage,group,G,2,Belgium,Tunisia,BEL,TUN,N,N,UEFA,CAF,Europe,Africa,N,N,5,2,5-2,home,N,N,N,,,"Spartak Stadium, Moscow",openfootball/worldcup.json,4.88,1,3,3,4.75,1,0,-1,0.13
2018,33,2018-06-23,18:00 UTC+3,2018-06-23T15:00:00+00:00,group_stage,group,F,2,South Korea,Mexico,KOR,MEX,N,N,AFC,CONCACAF,Asia,North America,N,N,1,2,1-2,away,N,N,N,,,"Rostov Arena, Rostov-on-Don",openfootball/worldcup.json,5.12,1,0,-1,6.0,1,3,1,-0.88
2018,34,2018-06-23,21:00 UTC+3,2018-06-23T18:00:00+00:00,group_stage,group,F,2,Germany,Sweden,GER,SWE,N,N,UEFA,UEFA,Europe,Europe,Y,Y,2,1,2-1,home,N,N,N,,,"Fisht Stadium, Sochi",openfootball/worldcup.json,6.12,1,0,-1,5.25,1,3,1,0.87
2018,40,2018-06-24,15:00 UTC+3,2018-06-24T12:00:00+00:00,group_stage,group,G,2,England,Panama,ENG,PAN,N,N,UEFA,CONCACAF,Europe,North America,N,N,6,1,6-1,home,N,N,N,,,"Nizhny Novgorod Stadium, Nizhny Novgorod",openfootball/worldcup.json,5.75,1,3,1,5.88,1,0,-3,-0.13
2018,45,2018-06-24,20:00 UTC+5,2018-06-24T15:00:00+00:00,group_stage,group,H,2,Japan,Senegal,JPN,SEN,N,N,AFC,CAF,Asia,Africa,N,N,2,2,2-2,draw,Y,N,N,,,"Ekaterinburg Arena, Ekaterinburg",openfootball/worldcup.json,5.12,1,3,1,5.0,1,3,1,0.12
2018,46,2018-06-24,21:00 UTC+3,2018-06-24T18:00:00+00:00,group_stage,group,H,2,Poland,Colombia,POL,COL,N,N,UEFA,CONMEBOL,Europe,South America,N,N,0,3,0-3,away,N,N,N,,,"Kazan Arena, Kazan",openfootball/worldcup.json,5.12,1,0,-1,5.25,1,0,-1,-0.13
2018,5,2018-06-25,18:00 UTC+4,2018-06-25T14:00:00+00:00,group_stage,group,A,3,Uruguay,Russia,URU,RUS,N,Y,CONMEBOL,UEFA,South America,Europe,N,N,3,0,3-0,home,N,N,N,,,"Samara Arena, Samara",openfootball/worldcup.json,4.96,2,6,2,5.83,2,6,7,-0.87
2018,6,2018-06-25,17:00 UTC+3,2018-06-25T14:00:00+00:00,group_stage,group,A,3,Saudi Arabia,Egypt,KSA,EGY,N,N,AFC,CAF,Asia,Africa,N,N,2,1,2-1,home,N,N,N,,,"Volgograd Arena, Volgograd",openfootball/worldcup.json,4.96,2,0,-6,5.83,2,0,-3,-0.87
2018,11,2018-06-25,21:00 UTC+3,2018-06-25T18:00:00+00:00,group_stage,group,B,3,Iran,Portugal,IRN,POR,N,N,AFC,UEFA,Asia,Europe,N,N,1,1,1-1,draw,Y,N,N,,,"Mordovia Arena, Saransk",openfootball/worldcup.json,5.0,2,3,0,5.25,2,4,1,-0.25
2018,12,2018-06-25,20:00 UTC+2,2018-06-25T18:00:00+00:00,group_stage,group,B,3,Spain,Morocco,ESP,MAR,N,N,UEFA,CAF,Europe,Africa,N,N,2,2,2-2,draw,Y,N,N,,,"Kaliningrad Stadium, Kaliningrad",openfootball/worldcup.json,5.0,2,4,1,5.25,2,0,-2,-0.25
2018,17,2018-06-26,17:00 UTC+3,2018-06-26T14:00:00+00:00,group_stage,group,C,3,Denmark,France,DEN,FRA,N,N,UEFA,UEFA,Europe,Europe,Y,Y,0,0,0-0,draw,Y,N,N,,,"Luzhniki Stadium, Moscow",openfootball/worldcup.json,5.08,2,4,1,4.96,2,6,2,0.12
2018,18,2018-06-26,17:00 UTC+3,2018-06-26T14:00:00+00:00,group_stage,group,C,3,Australia,Peru,AUS,PER,N,N,AFC,CONMEBOL,Oceania,South America,N,N,0,2,0-2,away,N,N,N,,,"Fisht Stadium, Sochi",openfootball/worldcup.json,5.08,2,1,-1,4.96,2,0,-2,0.12
2018,23,2018-06-26,21:00 UTC+3,2018-06-26T18:00:00+00:00,group_stage,group,D,3,Nigeria,Argentina,NGA,ARG,N,N,CAF,CONMEBOL,Africa,South America,N,N,1,2,1-2,away,N,N,N,,,"Saint Petersburg Stadium, Saint Petersburg",openfootball/worldcup.json,4.12,2,3,0,5.0,2,1,-3,-0.88
2018,24,2018-06-26,21:00 UTC+3,2018-06-26T18:00:00+00:00,group_stage,group,D,3,Iceland,Croatia,ISL,CRO,N,N,UEFA,UEFA,Europe,Europe,Y,Y,1,2,1-2,away,N,N,N,,,"Rostov Arena, Rostov-on-Don",openfootball/worldcup.json,4.12,2,1,-2,5.0,2,6,5,-0.88
2018,35,2018-06-27,17:00 UTC+3,2018-06-27T14:00:00+00:00,group_stage,group,F,3,South Korea,Germany,KOR,GER,N,N,AFC,UEFA,Asia,Europe,N,N,2,0,2-0,home,N,N,N,,,"Kazan Arena, Kazan",openfootball/worldcup.json,3.96,2,0,-2,3.83,2,3,0,0.13
2018,36,2018-06-27,19:00 UTC+5,2018-06-27T14:00:00+00:00,group_stage,group,F,3,Mexico,Sweden,MEX,SWE,N,N,CONCACAF,UEFA,North America,Europe,N,N,0,3,0-3,away,N,N,N,,,"Ekaterinburg Arena, Ekaterinburg",openfootball/worldcup.json,3.96,2,6,2,3.83,2,3,0,0.13
2018,29,2018-06-27,21:00 UTC+3,2018-06-27T18:00:00+00:00,group_stage,group,E,3,Serbia,Brazil,SRB,BRA,N,N,UEFA,CONMEBOL,Europe,South America,N,N,0,2,0-2,away,N,N,N,,,"Spartak Stadium, Moscow",openfootball/worldcup.json,5.0,2,3,0,5.25,2,4,2,-0.25
2018,30,2018-06-27,21:00 UTC+3,2018-06-27T18:00:00+00:00,group_stage,group,E,3,Switzerland,Costa Rica,SUI,CRC,N,N,UEFA,CONCACAF,Europe,North America,N,N,2,2,2-2,draw,Y,N,N,,,"Nizhny Novgorod Stadium, Nizhny Novgorod",openfootball/worldcup.json,5.0,2,4,1,5.25,2,0,-3,-0.25
2018,47,2018-06-28,17:00 UTC+3,2018-06-28T14:00:00+00:00,group_stage,group,H,3,Japan,Poland,JPN,POL,N,N,AFC,UEFA,Asia,Europe,N,N,0,1,0-1,away,N,N,N,,,"Volgograd Arena, Volgograd",openfootball/worldcup.json,3.96,2,4,1,3.83,2,0,-4,0.13
2018,48,2018-06-28,18:00 UTC+4,2018-06-28T14:00:00+00:00,group_stage,group,H,3,Senegal,Colombia,SEN,COL,N,N,CAF,CONMEBOL,Africa,South America,N,N,0,1,0-1,away,N,N,N,,,"Samara Arena, Samara",openfootball/worldcup.json,3.96,2,4,1,3.83,2,3,2,0.13
2018,41,2018-06-28,20:00 UTC+2,2018-06-28T18:00:00+00:00,group_stage,group,G,3,England,Belgium,ENG,BEL,N,N,UEFA,UEFA,Europe,Europe,Y,Y,0,1,0-1,away,N,N,N,,,"Kaliningrad Stadium, Kaliningrad",openfootball/worldcup.json,4.25,2,6,6,5.25,2,6,6,-1.0
2018,42,2018-06-28,21:00 UTC+3,2018-06-28T18:00:00+00:00,group_stage,group,G,3,Panama,Tunisia,PAN,TUN,N,N,CONCACAF,CAF,North America,Africa,N,N,1,2,1-2,away,N,N,N,,,"Mordovia Arena, Saransk",openfootball/worldcup.json,4.25,2,0,-8,5.25,2,0,-4,-1.0
2018,49,2018-06-30,17:00 UTC+3,2018-06-30T14:00:00+00:00,round_of_16,knockout,,,France,Argentina,FRA,ARG,N,N,UEFA,CONMEBOL,Europe,South America,N,N,4,3,4-3,home,N,N,N,,,"Kazan Arena, Kazan",openfootball/worldcup.json,4.0,3,,,3.83,3,,,0.17
2018,50,2018-06-30,21:00 UTC+3,2018-06-30T18:00:00+00:00,round_of_16,knockout,,,Uruguay,Portugal,URU,POR,N,N,CONMEBOL,UEFA,South America,Europe,N,N,2,1,2-1,home,N,N,N,,,"Fisht Stadium, Sochi",openfootball/worldcup.json,5.17,3,,,5.0,3,,,0.17
2018,51,2018-07-01,17:00 UTC+3,2018-07-01T14:00:00+00:00,round_of_16,knockout,,,Spain,Russia,ESP,RUS,N,Y,UEFA,UEFA,Europe,Europe,Y,Y,1,1,1-1,draw,Y,Y,Y,1-1,3-4,"Luzhniki Stadium, Moscow",openfootball/worldcup.json,5.83,3,,,6.0,3,,,-0.17
2018,52,2018-07-01,21:00 UTC+3,2018-07-01T18:00:00+00:00,round_of_16,knockout,,,Croatia,Denmark,CRO,DEN,N,N,UEFA,UEFA,Europe,Europe,Y,Y,1,1,1-1,draw,Y,Y,Y,1-1,3-2,"Nizhny Novgorod Stadium, Nizhny Novgorod",openfootball/worldcup.json,5.0,3,,,5.17,3,,,-0.17
2018,53,2018-07-02,18:00 UTC+4,2018-07-02T14:00:00+00:00,round_of_16,knockout,,,Brazil,Mexico,BRA,MEX,N,N,CONMEBOL,CONCACAF,South America,North America,N,N,2,0,2-0,home,N,N,N,,,"Samara Arena, Samara",openfootball/worldcup.json,4.83,3,,,5.0,3,,,-0.17
2018,54,2018-07-02,21:00 UTC+3,2018-07-02T18:00:00+00:00,round_of_16,knockout,,,Belgium,Japan,BEL,JPN,N,N,UEFA,AFC,Europe,Asia,N,N,3,2,3-2,home,N,N,N,,,"Rostov Arena, Rostov-on-Don",openfootball/worldcup.json,4.0,3,,,4.17,3,,,-0.17
2018,55,2018-07-03,17:00 UTC+3,2018-07-03T14:00:00+00:00,round_of_16,knockout,,,Sweden,Switzerland,SWE,SUI,N,N,UEFA,UEFA,Europe,Europe,Y,Y,1,0,1-0,home,N,N,N,,,"Saint Petersburg Stadium, Saint Petersburg",openfootball/worldcup.json,6.0,3,,,5.83,3,,,0.17
2018,56,2018-07-03,21:00 UTC+3,2018-07-03T18:00:00+00:00,round_of_16,knockout,,,Colombia,England,COL,ENG,N,N,CONMEBOL,UEFA,South America,Europe,N,N,1,1,1-1,draw,Y,Y,Y,1-1,3-4,"Spartak Stadium, Moscow",openfootball/worldcup.json,5.17,3,,,5.0,3,,,0.17
2018,57,2018-07-06,17:00 UTC+3,2018-07-06T14:00:00+00:00,quarter_final,knockout,,,Uruguay,France,URU,FRA,N,N,CONMEBOL,UEFA,South America,Europe,N,N,0,2,0-2,away,N,N,N,,,"Nizhny Novgorod Stadium, Nizhny Novgorod",openfootball/worldcup.json,5.83,4,,,6.0,4,,,-0.17
2018,58,2018-07-06,21:00 UTC+3,2018-07-06T18:00:00+00:00,quarter_final,knockout,,,Brazil,Belgium,BRA,BEL,N,N,CONMEBOL,UEFA,South America,Europe,N,N,1,2,1-2,away,N,N,N,,,"Kazan Arena, Kazan",openfootball/worldcup.json,4.17,4,,,4.0,4,,,0.17
2018,59,2018-07-07,18:00 UTC+4,2018-07-07T14:00:00+00:00,quarter_final,knockout,,,Sweden,England,SWE,ENG,N,N,UEFA,UEFA,Europe,Europe,Y,Y,0,2,0-2,away,N,N,N,,,"Samara Arena, Samara",openfootball/worldcup.json,4.0,4,,,3.83,4,,,0.17
2018,60,2018-07-07,21:00 UTC+3,2018-07-07T18:00:00+00:00,quarter_final,knockout,,,Russia,Croatia,RUS,CRO,Y,N,UEFA,UEFA,Europe,Europe,Y,Y,1,1,1-1,draw,Y,Y,Y,2-2,3-4,"Fisht Stadium, Sochi",openfootball/worldcup.json,6.17,4,,,6.0,4,,,0.17
2018,61,2018-07-10,21:00 UTC+3,2018-07-10T18:00:00+00:00,semi_final,knockout,,,France,Belgium,FRA,BEL,N,N,UEFA,UEFA,Europe,Europe,Y,Y,1,0,1-0,home,N,N,N,,,"Saint Petersburg Stadium, St. Petersburg",openfootball/worldcup.json,4.17,5,,,4.0,5,,,0.17
2018,62,2018-07-11,21:00 UTC+3,2018-07-11T18:00:00+00:00,semi_final,knockout,,,Croatia,England,CRO,ENG,N,N,UEFA,UEFA,Europe,Europe,Y,Y,1,1,1-1,draw,Y,Y,N,2-1,,"Luzhniki Stadium, Moscow",openfootball/worldcup.json,4.0,5,,,4.17,5,,,-0.17
2018,63,2018-07-14,17:00 UTC+3,2018-07-14T14:00:00+00:00,third_place,knockout,,,Belgium,England,BEL,ENG,N,N,UEFA,UEFA,Europe,Europe,Y,Y,2,0,2-0,home,N,N,N,,,"Saint Petersburg Stadium, St. Petersburg",openfootball/worldcup.json,3.83,6,,,2.83,6,,,1.0
2018,64,2018-07-15,18:00 UTC+3,2018-07-15T15:00:00+00:00,final,knockout,,,France,Croatia,FRA,CRO,N,N,UEFA,UEFA,Europe,Europe,Y,Y,4,2,4-2,home,N,N,N,,,"Luzhniki Stadium, Moscow",openfootball/worldcup.json,4.88,6,,,3.88,6,,,1.0
2022,1,2022-11-20,19:00,2022-11-20T16:00:00+00:00,group_stage,group,A,1,Qatar,Ecuador,QAT,ECU,Y,N,AFC,CONMEBOL,Asia,South America,N,N,0,2,0-2,away,N,N,N,,,"Al Bayt Stadium, Al Khor",openfootball/worldcup.json,,0,0,0,,0,0,0,
2022,7,2022-11-21,16:00,2022-11-21T13:00:00+00:00,group_stage,group,B,1,England,Iran,ENG,IRN,N,N,UEFA,AFC,Europe,Asia,N,N,6,2,6-2,home,N,N,N,,,"Khalifa International Stadium, Al Rayyan",openfootball/worldcup.json,,0,0,0,,0,0,0,
2022,2,2022-11-21,19:00,2022-11-21T16:00:00+00:00,group_stage,group,A,1,Senegal,Netherlands,SEN,NED,N,N,CAF,UEFA,Africa,Europe,N,N,0,2,0-2,away,N,N,N,,,"Al Thumama Stadium, Doha",openfootball/worldcup.json,,0,0,0,,0,0,0,
2022,8,2022-11-21,22:00,2022-11-21T19:00:00+00:00,group_stage,group,B,1,USA,Wales,USA,WAL,N,N,CONCACAF,UEFA,North America,Europe,N,N,1,1,1-1,draw,Y,N,N,,,"Ahmad bin Ali Stadium, Al Rayyan",openfootball/worldcup.json,,0,0,0,,0,0,0,
2022,13,2022-11-22,13:00,2022-11-22T10:00:00+00:00,group_stage,group,C,1,Argentina,Saudi Arabia,ARG,KSA,N,N,CONMEBOL,AFC,South America,Asia,N,N,1,2,1-2,away,N,N,N,,,"Lusail Iconic Stadium, Lusail",openfootball/worldcup.json,,0,0,0,,0,0,0,
2022,19,2022-11-22,16:00,2022-11-22T13:00:00+00:00,group_stage,group,D,1,Denmark,Tunisia,DEN,TUN,N,N,UEFA,CAF,Europe,Africa,N,N,0,0,0-0,draw,Y,N,N,,,"Education City Stadium, Al Rayyan",openfootball/worldcup.json,,0,0,0,,0,0,0,
2022,14,2022-11-22,19:00,2022-11-22T16:00:00+00:00,group_stage,group,C,1,Mexico,Poland,MEX,POL,N,N,CONCACAF,UEFA,North America,Europe,N,N,0,0,0-0,draw,Y,N,N,,,"Stadium 974, Doha",openfootball/worldcup.json,,0,0,0,,0,0,0,
2022,20,2022-11-22,22:00,2022-11-22T19:00:00+00:00,group_stage,group,D,1,France,Australia,FRA,AUS,N,N,UEFA,AFC,Europe,Oceania,N,N,4,1,4-1,home,N,N,N,,,"Al Janoub Stadium, Al Wakrah",openfootball/worldcup.json,,0,0,0,,0,0,0,
2022,31,2022-11-23,13:00,2022-11-23T10:00:00+00:00,group_stage,group,F,1,Morocco,Croatia,MAR,CRO,N,N,CAF,UEFA,Africa,Europe,N,N,0,0,0-0,draw,Y,N,N,,,"Al Bayt Stadium, Al Khor",openfootball/worldcup.json,,0,0,0,,0,0,0,
2022,25,2022-11-23,16:00,2022-11-23T13:00:00+00:00,group_stage,group,E,1,Germany,Japan,GER,JPN,N,N,UEFA,AFC,Europe,Asia,N,N,1,2,1-2,away,N,N,N,,,"Khalifa International Stadium, Al Rayyan",openfootball/worldcup.json,,0,0,0,,0,0,0,
2022,26,2022-11-23,19:00,2022-11-23T16:00:00+00:00,group_stage,group,E,1,Spain,Costa Rica,ESP,CRC,N,N,UEFA,CONCACAF,Europe,North America,N,N,7,0,7-0,home,N,N,N,,,"Al Thumama Stadium, Doha",openfootball/worldcup.json,,0,0,0,,0,0,0,
2022,32,2022-11-23,22:00,2022-11-23T19:00:00+00:00,group_stage,group,F,1,Belgium,Canada,BEL,CAN,N,N,UEFA,CONCACAF,Europe,North America,N,N,1,0,1-0,home,N,N,N,,,"Ahmad bin Ali Stadium, Al Rayyan",openfootball/worldcup.json,,0,0,0,,0,0,0,
2022,37,2022-11-24,13:00,2022-11-24T10:00:00+00:00,group_stage,group,G,1,Switzerland,Cameroon,SUI,CMR,N,N,UEFA,CAF,Europe,Africa,N,N,1,0,1-0,home,N,N,N,,,"Al Janoub Stadium, Al Wakrah",openfootball/worldcup.json,,0,0,0,,0,0,0,
2022,43,2022-11-24,16:00,2022-11-24T13:00:00+00:00,group_stage,group,H,1,Uruguay,South Korea,URU,KOR,N,N,CONMEBOL,AFC,South America,Asia,N,N,0,0,0-0,draw,Y,N,N,,,"Education City Stadium, Al Rayyan",openfootball/worldcup.json,,0,0,0,,0,0,0,
2022,44,2022-11-24,19:00,2022-11-24T16:00:00+00:00,group_stage,group,H,1,Portugal,Ghana,POR,GHA,N,N,UEFA,CAF,Europe,Africa,N,N,3,2,3-2,home,N,N,N,,,"Stadium 974, Doha",openfootball/worldcup.json,,0,0,0,,0,0,0,
2022,38,2022-11-24,22:00,2022-11-24T19:00:00+00:00,group_stage,group,G,1,Brazil,Serbia,BRA,SRB,N,N,CONMEBOL,UEFA,South America,Europe,N,N,2,0,2-0,home,N,N,N,,,"Lusail Iconic Stadium, Lusail",openfootball/worldcup.json,,0,0,0,,0,0,0,
2022,9,2022-11-25,13:00,2022-11-25T10:00:00+00:00,group_stage,group,B,2,Wales,Iran,WAL,IRN,N,N,UEFA,AFC,Europe,Asia,N,N,0,2,0-2,away,N,N,N,,,"Ahmad bin Ali Stadium, Al Rayyan",openfootball/worldcup.json,3.62,1,1,0,3.88,1,0,-4,-0.26
2022,3,2022-11-25,16:00,2022-11-25T13:00:00+00:00,group_stage,group,A,2,Qatar,Senegal,QAT,SEN,Y,N,AFC,CAF,Asia,Africa,N,N,1,3,1-3,away,N,N,N,,,"Al Thumama Stadium, Doha",openfootball/worldcup.json,4.88,1,0,-2,3.88,1,0,-2,1.0
2022,4,2022-11-25,19:00,2022-11-25T16:00:00+00:00,group_stage,group,A,2,Netherlands,Ecuador,NED,ECU,N,N,UEFA,CONMEBOL,Europe,South America,N,N,1,1,1-1,draw,Y,N,N,,,"Khalifa International Stadium, Al Rayyan",openfootball/worldcup.json,4.0,1,3,2,5.0,1,3,2,-1.0
2022,10,2022-11-25,22:00,2022-11-25T19:00:00+00:00,group_stage,group,B,2,England,USA,ENG,USA,N,N,UEFA,CONCACAF,Europe,North America,N,N,0,0,0-0,draw,Y,N,N,,,"Al Bayt Stadium, Al Khor",openfootball/worldcup.json,4.25,1,3,4,4.0,1,1,0,0.25
2022,21,2022-11-26,13:00,2022-11-26T10:00:00+00:00,group_stage,group,D,2,Tunisia,Australia,TUN,AUS,N,N,CAF,AFC,Africa,Oceania,N,N,0,1,0-1,away,N,N,N,,,"Al Janoub Stadium, Al Wakrah",openfootball/worldcup.json,3.88,1,1,0,3.62,1,0,-3,0.26
2022,15,2022-11-26,16:00,2022-11-26T13:00:00+00:00,group_stage,group,C,2,Poland,Saudi Arabia,POL,KSA,N,N,UEFA,AFC,Europe,Asia,N,N,2,0,2-0,home,N,N,N,,,"Education City Stadium, Al Rayyan",openfootball/worldcup.json,3.88,1,1,0,4.12,1,3,1,-0.24
2022,22,2022-11-26,19:00,2022-11-26T16:00:00+00:00,group_stage,group,D,2,France,Denmark,FRA,DEN,N,N,UEFA,UEFA,Europe,Europe,Y,Y,2,1,2-1,home,N,N,N,,,"Stadium 974, Doha",openfootball/worldcup.json,3.88,1,3,3,4.12,1,1,0,-0.24
2022,16,2022-11-26,22:00,2022-11-26T19:00:00+00:00,group_stage,group,C,2,Argentina,Mexico,ARG,MEX,N,N,CONMEBOL,CONCACAF,South America,North America,N,N,2,0,2-0,home,N,N,N,,,"Lusail Iconic Stadium, Lusail",openfootball/worldcup.json,4.38,1,0,-1,4.12,1,1,0,0.26
2022,27,2022-11-27,13:00,2022-11-27T10:00:00+00:00,group_stage,group,E,2,Japan,Costa Rica,JPN,CRC,N,N,AFC,CONCACAF,Asia,North America,N,N,0,1,0-1,away,N,N,N,,,"Ahmad bin Ali Stadium, Al Rayyan",openfootball/worldcup.json,3.88,1,3,1,3.75,1,0,-7,0.13
2022,33,2022-11-27,16:00,2022-11-27T13:00:00+00:00,group_stage,group,F,2,Belgium,Morocco,BEL,MAR,N,N,UEFA,CAF,Europe,Africa,N,N,0,2,0-2,away,N,N,N,,,"Al Thumama Stadium, Doha",openfootball/worldcup.json,3.75,1,3,1,4.12,1,1,0,-0.37
2022,34,2022-11-27,19:00,2022-11-27T16:00:00+00:00,group_stage,group,F,2,Croatia,Canada,CRO,CAN,N,N,UEFA,CONCACAF,Europe,North America,N,N,4,1,4-1,home,N,N,N,,,"Khalifa International Stadium, Al Rayyan",openfootball/worldcup.json,4.25,1,1,0,3.88,1,0,-1,0.37
2022,28,2022-11-27,22:00,2022-11-27T19:00:00+00:00,group_stage,group,E,2,Spain,Germany,ESP,GER,N,N,UEFA,UEFA,Europe,Europe,Y,Y,1,1,1-1,draw,Y,N,N,,,"Al Bayt Stadium, Al Khor",openfootball/worldcup.json,4.12,1,3,7,4.25,1,0,-1,-0.13
2022,39,2022-11-28,13:00,2022-11-28T10:00:00+00:00,group_stage,group,G,2,Cameroon,Serbia,CMR,SRB,N,N,CAF,UEFA,Africa,Europe,N,N,3,3,3-3,draw,Y,N,N,,,"Al Janoub Stadium, Al Wakrah",openfootball/worldcup.json,4.0,1,0,-1,3.62,1,0,-2,0.38
2022,45,2022-11-28,16:00,2022-11-28T13:00:00+00:00,group_stage,group,H,2,South Korea,Ghana,KOR,GHA,N,N,AFC,CAF,Asia,Africa,N,N,2,3,2-3,away,N,N,N,,,"Education City Stadium, Al Rayyan",openfootball/worldcup.json,4.0,1,1,0,3.88,1,0,-1,0.12
2022,40,2022-11-28,19:00,2022-11-28T16:00:00+00:00,group_stage,group,G,2,Brazil,Switzerland,BRA,SUI,N,N,CONMEBOL,UEFA,South America,Europe,N,N,1,0,1-0,home,N,N,N,,,"Stadium 974, Doha",openfootball/worldcup.json,3.88,1,3,2,4.25,1,3,1,-0.37
2022,46,2022-11-28,22:00,2022-11-28T19:00:00+00:00,group_stage,group,H,2,Portugal,Uruguay,POR,URU,N,N,UEFA,CONMEBOL,Europe,South America,N,N,2,0,2-0,home,N,N,N,,,"Lusail Iconic Stadium, Lusail",openfootball/worldcup.json,4.12,1,3,1,4.25,1,1,0,-0.13
2022,5,2022-11-29,18:00,2022-11-29T15:00:00+00:00,group_stage,group,A,3,Ecuador,Senegal,ECU,SEN,N,N,CONMEBOL,CAF,South America,Africa,N,N,1,2,1-2,away,N,N,N,,,"Khalifa International Stadium, Al Rayyan",openfootball/worldcup.json,3.96,2,4,2,4.08,2,3,0,-0.12
2022,6,2022-11-29,18:00,2022-11-29T15:00:00+00:00,group_stage,group,A,3,Netherlands,Qatar,NED,QAT,N,Y,UEFA,AFC,Europe,Asia,N,N,2,0,2-0,home,N,N,N,,,"Al Bayt Stadium, Al Khor",openfootball/worldcup.json,3.96,2,4,2,4.08,2,0,-4,-0.12
2022,11,2022-11-29,22:00,2022-11-29T19:00:00+00:00,group_stage,group,B,3,Wales,England,WAL,ENG,N,N,UEFA,UEFA,Europe,Europe,Y,Y,0,3,0-3,away,N,N,N,,,"Ahmad bin Ali Stadium, Al Rayyan",openfootball/worldcup.json,4.38,2,1,-2,4.0,2,4,4,0.38
2022,12,2022-11-29,22:00,2022-11-29T19:00:00+00:00,group_stage,group,B,3,Iran,USA,IRN,USA,N,N,AFC,CONCACAF,Asia,North America,N,N,0,1,0-1,away,N,N,N,,,"Al Thumama Stadium, Doha",openfootball/worldcup.json,4.38,2,3,-2,4.0,2,2,0,0.38
2022,23,2022-11-30,18:00,2022-11-30T15:00:00+00:00,group_stage,group,D,3,Australia,Denmark,AUS,DEN,N,N,AFC,UEFA,Oceania,Europe,N,N,1,0,1-0,home,N,N,N,,,"Al Janoub Stadium, Al Wakrah",openfootball/worldcup.json,4.21,2,3,-2,3.96,2,1,-1,0.25
2022,24,2022-11-30,18:00,2022-11-30T15:00:00+00:00,group_stage,group,D,3,Tunisia,France,TUN,FRA,N,N,CAF,UEFA,Africa,Europe,N,N,1,0,1-0,home,N,N,N,,,"Education City Stadium, Al Rayyan",openfootball/worldcup.json,4.21,2,1,-1,3.96,2,6,4,0.25
2022,17,2022-11-30,22:00,2022-11-30T19:00:00+00:00,group_stage,group,C,3,Poland,Argentina,POL,ARG,N,N,UEFA,CONMEBOL,Europe,South America,N,N,0,2,0-2,away,N,N,N,,,"Stadium 974, Doha",openfootball/worldcup.json,4.25,2,4,2,4.0,2,3,1,0.25
2022,18,2022-11-30,22:00,2022-11-30T19:00:00+00:00,group_stage,group,C,3,Saudi Arabia,Mexico,KSA,MEX,N,N,AFC,CONCACAF,Asia,North America,N,N,1,2,1-2,away,N,N,N,,,"Lusail Iconic Stadium, Lusail",openfootball/worldcup.json,4.25,2,3,-1,4.0,2,1,-2,0.25
2022,35,2022-12-01,18:00,2022-12-01T15:00:00+00:00,group_stage,group,F,3,Croatia,Belgium,CRO,BEL,N,N,UEFA,UEFA,Europe,Europe,Y,Y,0,0,0-0,draw,Y,N,N,,,"Ahmad bin Ali Stadium, Al Rayyan",openfootball/worldcup.json,3.96,2,4,3,4.08,2,3,-1,-0.12
2022,36,2022-12-01,18:00,2022-12-01T15:00:00+00:00,group_stage,group,F,3,Canada,Morocco,CAN,MAR,N,N,CONCACAF,CAF,North America,Africa,N,N,1,2,1-2,away,N,N,N,,,"Al Thumama Stadium, Doha",openfootball/worldcup.json,3.96,2,0,-4,4.08,2,4,2,-0.12
2022,29,2022-12-01,22:00,2022-12-01T19:00:00+00:00,group_stage,group,E,3,Japan,Spain,JPN,ESP,N,N,AFC,UEFA,Asia,Europe,N,N,2,1,2-1,home,N,N,N,,,"Khalifa International Stadium, Al Rayyan",openfootball/worldcup.json,4.38,2,3,0,4.0,2,4,7,0.38
2022,30,2022-12-01,22:00,2022-12-01T19:00:00+00:00,group_stage,group,E,3,Costa Rica,Germany,CRC,GER,N,N,CONCACAF,UEFA,North America,Europe,N,N,2,4,2-4,away,N,N,N,,,"Al Bayt Stadium, Al Khor",openfootball/worldcup.json,4.38,2,3,-6,4.0,2,1,-1,0.38
2022,47,2022-12-02,18:00,2022-12-02T15:00:00+00:00,group_stage,group,H,3,Ghana,Uruguay,GHA,URU,N,N,CAF,CONMEBOL,Africa,South America,N,N,0,2,0-2,away,N,N,N,,,"Al Janoub Stadium, Al Wakrah",openfootball/worldcup.json,4.08,2,3,0,3.83,2,1,-2,0.25
2022,48,2022-12-02,18:00,2022-12-02T15:00:00+00:00,group_stage,group,H,3,South Korea,Portugal,KOR,POR,N,N,AFC,UEFA,Asia,Europe,N,N,2,1,2-1,home,N,N,N,,,"Lusail Iconic Stadium, Lusail",openfootball/worldcup.json,4.08,2,1,-1,3.83,2,6,3,0.25
2022,41,2022-12-02,22:00,2022-12-02T19:00:00+00:00,group_stage,group,G,3,Serbia,Switzerland,SRB,SUI,N,N,UEFA,UEFA,Europe,Europe,Y,Y,2,3,2-3,away,N,N,N,,,"Stadium 974, Doha",openfootball/worldcup.json,4.38,2,1,-2,4.12,2,3,0,0.26
2022,42,2022-12-02,22:00,2022-12-02T19:00:00+00:00,group_stage,group,G,3,Cameroon,Brazil,CMR,BRA,N,N,CAF,CONMEBOL,Africa,South America,N,N,1,0,1-0,home,N,N,N,,,"Lusail Iconic Stadium, Lusail",openfootball/worldcup.json,4.38,2,1,-1,4.12,2,6,3,0.26
2022,49,2022-12-03,18:00,2022-12-03T15:00:00+00:00,round_of_16,knockout,,,Netherlands,USA,NED,USA,N,N,UEFA,CONCACAF,Europe,North America,N,N,3,1,3-1,home,N,N,N,,,"Khalifa International Stadium, Al Rayyan",openfootball/worldcup.json,4.0,3,,,3.83,3,,,0.17
2022,50,2022-12-03,22:00,2022-12-03T19:00:00+00:00,round_of_16,knockout,,,Argentina,Australia,ARG,AUS,N,N,CONMEBOL,AFC,South America,Oceania,N,N,2,1,2-1,home,N,N,N,,,"Ahmad bin Ali Stadium, Al Rayyan",openfootball/worldcup.json,3.0,3,,,3.17,3,,,-0.17
2022,51,2022-12-04,18:00,2022-12-04T15:00:00+00:00,round_of_16,knockout,,,France,Poland,FRA,POL,N,N,UEFA,UEFA,Europe,Europe,Y,Y,3,1,3-1,home,N,N,N,,,"Al Thumama Stadium, Doha",openfootball/worldcup.json,4.0,3,,,3.83,3,,,0.17
2022,52,2022-12-04,22:00,2022-12-04T19:00:00+00:00,round_of_16,knockout,,,England,Senegal,ENG,SEN,N,N,UEFA,CAF,Europe,Africa,N,N,3,0,3-0,home,N,N,N,,,"Al Bayt Stadium, Al Khor",openfootball/worldcup.json,5.0,3,,,5.17,3,,,-0.17
2022,53,2022-12-05,18:00,2022-12-05T15:00:00+00:00,round_of_16,knockout,,,Japan,Croatia,JPN,CRO,N,N,AFC,UEFA,Asia,Europe,N,N,1,1,1-1,draw,Y,Y,Y,1-1,1-3,"Al Janoub Stadium, Al Wakrah",openfootball/worldcup.json,3.83,3,,,4.0,3,,,-0.17
2022,54,2022-12-05,22:00,2022-12-05T19:00:00+00:00,round_of_16,knockout,,,Brazil,South Korea,BRA,KOR,N,N,CONMEBOL,AFC,South America,Asia,N,N,4,1,4-1,home,N,N,N,,,"Stadium 974, Doha",openfootball/worldcup.json,3.0,3,,,3.17,3,,,-0.17
2022,55,2022-12-06,18:00,2022-12-06T15:00:00+00:00,round_of_16,knockout,,,Morocco,Spain,MAR,ESP,N,N,CAF,UEFA,Africa,Europe,N,N,0,0,0-0,draw,Y,Y,Y,0-0,3-0,"Education City Stadium, Al Rayyan",openfootball/worldcup.json,5.0,3,,,4.83,3,,,0.17
2022,56,2022-12-06,22:00,2022-12-06T19:00:00+00:00,round_of_16,knockout,,,Portugal,Switzerland,POR,SUI,N,N,UEFA,UEFA,Europe,Europe,Y,Y,6,1,6-1,home,N,N,N,,,"Lusail Iconic Stadium, Lusail",openfootball/worldcup.json,4.17,3,,,4.0,3,,,0.17
2022,57,2022-12-09,18:00,2022-12-09T15:00:00+00:00,quarter_final,knockout,,,Croatia,Brazil,CRO,BRA,N,N,UEFA,CONMEBOL,Europe,South America,N,N,0,0,0-0,draw,Y,Y,Y,1-1,4-2,"Education City Stadium, Al Rayyan",openfootball/worldcup.json,4.0,4,,,3.83,4,,,0.17
2022,58,2022-12-09,22:00,2022-12-09T19:00:00+00:00,quarter_final,knockout,,,Netherlands,Argentina,NED,ARG,N,N,UEFA,CONMEBOL,Europe,South America,N,N,2,2,2-2,draw,Y,Y,Y,2-2,3-4,"Lusail Iconic Stadium, Lusail",openfootball/worldcup.json,6.17,4,,,6.0,4,,,0.17
2022,59,2022-12-10,18:00,2022-12-10T15:00:00+00:00,quarter_final,knockout,,,Morocco,Portugal,MAR,POR,N,N,CAF,UEFA,Africa,Europe,N,N,1,0,1-0,home,N,N,N,,,"Al Thumama Stadium, Doha",openfootball/worldcup.json,4.0,4,,,3.83,4,,,0.17
2022,60,2022-12-10,22:00,2022-12-10T19:00:00+00:00,quarter_final,knockout,,,England,France,ENG,FRA,N,N,UEFA,UEFA,Europe,Europe,Y,Y,1,2,1-2,away,N,N,N,,,"Al Bayt Stadium, Al Khor",openfootball/worldcup.json,6.0,4,,,6.17,4,,,-0.17
2022,61,2022-12-13,22:00,2022-12-13T19:00:00+00:00,semi_final,knockout,,,Argentina,Croatia,ARG,CRO,N,N,CONMEBOL,UEFA,South America,Europe,N,N,3,0,3-0,home,N,N,N,,,"Lusail Iconic Stadium, Lusail",openfootball/worldcup.json,4.0,5,,,4.17,5,,,-0.17
2022,62,2022-12-14,22:00,2022-12-14T19:00:00+00:00,semi_final,knockout,,,France,Morocco,FRA,MAR,N,N,UEFA,CAF,Europe,Africa,N,N,2,0,2-0,home,N,N,N,,,"Al Bayt Stadium, Al Khor",openfootball/worldcup.json,4.0,5,,,4.17,5,,,-0.17
2022,63,2022-12-17,18:00,2022-12-17T15:00:00+00:00,third_place,knockout,,,Croatia,Morocco,CRO,MAR,N,N,UEFA,CAF,Europe,Africa,N,N,2,1,2-1,home,N,N,N,,,"Khalifa International Stadium, Al Rayyan",openfootball/worldcup.json,3.83,6,,,2.83,6,,,1.0
2022,64,2022-12-18,18:00,2022-12-18T15:00:00+00:00,final,knockout,,,Argentina,France,ARG,FRA,N,N,CONMEBOL,UEFA,South America,Europe,N,N,2,2,2-2,draw,Y,Y,Y,3-3,4-2,"Lusail Iconic Stadium, Lusail",openfootball/worldcup.json,4.83,6,,,3.83,6,,,1.0
